lga_name,year,facilities_per_10k,avg_distance_km,u5mr_mean,coverage_5km,towers_per_10k,population_density,pop_pct_60min
Eastern Obolo,2013,0.7823913,-0.121314175,-0.12492295,-0.28831488,0.3891565,0.09653968,0.0
Ekeremor,2013,1.0800279,0.72107,-0.072744794,0.25896016,0.36695477,-0.0028543624,0.0
Degema,2013,1.183094,0.60985696,-0.25120923,0.41913062,0.3897646,0.18187764,0.0
Andoni,2013,1.1553897,0.36484125,-0.6125728,0.05744863,0.33436602,0.1387743,0.0
Akpabuyo,2013,0.4443161,-0.3088291,0.40494788,0.19158079,0.2711985,0.080198385,0.0
Oron,2013,0.7110249,-0.01387983,0.91787976,0.3681243,0.17636795,0.22,0.0
Bakassi,2013,-1.0977063,0.36587703,-0.5595056,0.30815417,0.35978276,-0.06976128,0.0
Calabar South,2013,-0.39602292,-0.24843599,-1.1272017,0.31788668,-0.04923051,0.21941926,0.0
Udung Uko,2013,0.81697303,-0.1887751,-0.121175386,0.052692838,0.3698178,0.15391251,0.0
Southern Ijaw,2013,0.7975169,-0.0109317005,0.7476893,0.283887,0.33039933,-0.061984126,0.0
Iwajowa,2013,0.40532804,0.6362351,-0.66362345,0.36492634,0.332863,-0.15135103,0.0
Ibarapa North,2013,0.40362257,0.5076643,1.137942,0.29089174,0.29339,-0.1144481,0.0
Okrika,2013,1.054871,0.6824217,0.85021764,0.38835582,0.21956407,0.17702362,0.0
Imeko Afon,2013,-0.48995307,-0.29248816,-0.7709523,0.3094019,0.30164078,-0.1692447,0.0
Ibeno,2013,0.4140945,0.5124024,-0.15915948,0.11430953,-0.062946275,0.045483693,0.0
Nembe,2013,0.9138604,0.6535563,0.2086589,0.32445744,0.37813365,-0.004680942,0.0
Ilaje,2013,0.5964745,0.32535297,0.39767858,0.15062758,0.24170141,-0.010171974,0.0
Brass,2013,0.84178615,0.4180661,0.3902293,0.31866556,0.34649587,-0.02389053,0.0
Warri North,2013,0.8478802,0.5382219,-0.27135155,0.34548497,0.3601151,-0.14883465,0.0
Ese Odo,2013,0.7065867,0.61118275,-0.37281188,0.1452692,0.36638528,0.00793184,0.0
Jalingo,2013,-0.8064889,-0.6812594,-0.41969877,-0.25708959,-0.3097595,0.06679942,0.0
Burutu,2013,1.0832664,0.76371276,-0.023134395,0.27303964,0.36883178,-0.026513834,0.0
Girei,2013,0.089068055,0.59349656,-0.1077153,0.15649037,-0.27086163,-0.09310045,0.0
Yorro,2013,-1.098316,0.22332957,-0.5147142,0.14219168,-0.16005185,-0.13246161,0.0
Ardo-Kola,2013,-1.1279083,0.5495249,-0.039544776,0.17941983,-0.1743228,-0.14237551,0.0
Yola North,2013,-0.13446002,-0.47272715,0.46049145,-0.22789736,-0.33439827,0.16121112,0.0
Yola South,2013,-0.22426046,0.5310597,0.39790842,0.05958128,-0.31910872,-0.025228798,0.0
Mbo,2013,0.70640457,-0.30593804,0.90027237,-0.079601265,0.3521652,0.081845365,0.0
Lau,2013,-1.0057273,0.5981439,1.1892228,0.07996208,0.009071113,-0.124504656,0.0
Ibarapa Central,2013,0.70119804,-0.1920977,-0.6398107,0.28329015,0.19258974,0.03639858,0.0
Abeokuta North,2013,-0.94109005,0.3594985,-0.33256906,0.15284188,-0.36378148,0.0029977183,0.0
Bonny,2013,1.1723368,-0.49282542,-1.1793664,0.17020667,0.34016576,0.16393273,0.0
Warri South-West,2013,1.1170825,0.7603377,0.0025747993,0.3824013,0.38965383,-0.043782692,0.0
Warri South,2013,0.1779693,0.23972277,-1.1232381,0.39810503,-0.038975064,0.18603456,0.0
Akuku Toru,2013,1.0797842,0.50446606,0.5557008,0.33404195,0.33608186,-0.05600711,0.0
Isokan,2013,-0.24096762,-0.07135767,-0.7641604,-0.11835842,-0.08053846,0.07919377,0.0
Irewole,2013,0.23020697,-0.40062883,-1.2392435,-0.13988218,-0.2594803,0.10115394,0.0
Essien Udim,2013,1.0328466,0.51006263,-0.2718222,-0.2388762,-0.16419473,0.12829943,0.0
Onna,2013,0.66869396,-0.6588798,-0.15796697,-0.28255013,0.050719827,0.112500325,0.0
Udenu,2013,-0.65846795,-0.43823463,1.1439508,-0.2475079,-0.28527257,0.11103545,0.0
Ogu Bolo,2013,1.13162,0.547457,-1.1788185,0.23398021,0.3179837,0.15017627,0.0
Enugu South,2013,-0.5197296,-0.33542436,0.24891779,-0.23413798,-0.3272679,0.18215483,0.0
Ikot Ekpene,2013,0.14373891,-0.5133454,-1.228663,-0.27084264,-0.33967352,0.11350838,0.0
Nsit Ubium,2013,0.6707007,0.04184729,-1.2288839,-0.26490736,-0.10481917,0.10911112,0.0
Urue Offong/Oruko,2013,0.65601265,-0.41171303,0.7578946,-0.28476974,0.028426472,0.11452745,0.0
Abak,2013,0.79511845,0.10662384,-0.7369994,-0.24904794,-0.23688912,0.09860871,0.0
Nkanu East,2013,-0.77509606,-0.2920637,1.1724907,-0.25081533,-0.102299094,-0.05384698,0.0
Igbo-Eze-South,2013,-0.6463807,0.030737776,-0.7093053,-0.2589137,0.20448983,0.14332835,0.0
Nsukka,2013,0.13977961,-0.3946323,-0.91759187,-0.022423161,-0.1018373,0.09433672,0.0
Tai,2013,0.8544189,-0.18789037,0.3492652,-0.25609094,-0.18931898,0.12464753,0.0
Ife North,2013,0.47754246,0.12443715,-1.2627167,-0.30415055,-0.07857218,0.06635334,0.0
Ayedade,2013,-0.7404812,0.1655397,-0.75029427,0.11058516,-0.121255405,-0.049411096,0.0
Ayedire,2013,-0.4803966,0.17437743,-0.7605405,-0.09240537,0.11320715,0.017011138,0.0
Ahoada East,2013,0.4348125,-0.10768519,0.16954766,-0.2527738,-0.18521075,0.084070735,0.0
Iseyin,2013,0.2168552,-0.52682585,-1.2306874,0.32330328,-0.11864919,-0.13043442,0.0
Itesiwaju,2013,0.8275932,0.72844565,-0.62749624,0.31963214,0.0410132,-0.12411898,0.0
Kajola,2013,0.87141585,-0.7791002,-0.5357635,0.28052813,0.27512652,0.07524787,0.0
Nkanu West,2013,-0.03585182,-0.39351884,0.7989862,-0.24379827,-0.24796154,0.100433804,0.0
Afikpo North,2013,-0.66809785,-0.4634528,-1.2371452,-0.25341845,0.3787458,0.12261357,0.0
Donga,2013,-0.9296751,0.56741136,-0.048485264,0.2743909,0.3432238,-0.13698134,0.0
Oji-River,2013,-1.1953155,-0.26479432,-0.7760065,-0.28418154,-0.29540232,-0.02680023,0.0
Oyun,2013,-0.44463134,0.1145888,-1.2038091,-0.17199099,-0.09165862,-0.052281562,0.0
Ogbia,2013,0.70093066,0.29381922,0.69338393,-0.044177882,0.073707856,0.010486395,0.0
Asari-Toru,2013,1.1553749,-0.6900925,-0.75329137,0.23241623,0.32474816,0.14997743,0.0
Uyo,2013,0.5214802,-0.7821084,-0.76209134,-0.25748843,-0.4255243,0.10613655,0.0
Ikono,2013,0.81664854,-0.74617296,-0.16733961,-0.29377246,0.03051471,0.09810376,0.0
Baruten,2013,-0.7338691,0.7409973,-0.65243214,0.37102106,0.027694836,-0.1186566,0.0
Lagelu,2013,-1.0792283,-0.07234359,-1.2233125,-0.28448927,-0.34854066,0.070590556,0.0
Idah,2013,-1.161634,-0.686563,-0.7446524,-0.26774788,0.07342833,0.07541699,0.0
Machina,2013,-0.35114688,0.39793622,0.46245837,0.20911661,0.33537307,-0.14622495,0.0
Ibaji,2013,-1.091436,-0.6277969,1.2910432,0.09385469,0.34986454,-0.11935098,0.0
Municipal Area Council,2013,1.0967139,0.11423266,-0.9413941,0.1819584,-0.34142807,0.1134956,0.0
Kaiama,2013,-0.7863595,0.70062,-0.3519794,0.33063552,0.009010677,-0.13589297,0.0
Bakura,2013,0.91195554,0.530027,1.1370956,0.30850923,0.061473496,-0.079554915,0.0
Nguru,2013,0.70941675,0.54042417,-0.9560172,0.10169461,-0.122290425,-0.021298023,0.0
Gummi,2013,0.47083056,0.7116133,1.1122522,0.30278143,0.316377,-0.1206417,0.0
Ajingi,2013,0.9245982,-0.6644793,-0.81328887,0.04608531,0.23325004,-0.0084336,0.0
Port-Harcourt,2013,1.0505729,-0.50733006,0.7831705,-0.26542693,-0.36435634,0.14011762,0.0
Augie,2013,-0.3244454,0.2695658,0.89777267,0.13625813,0.20956261,-0.07833314,0.0
Kebbe,2013,0.66092175,0.72718436,1.0036217,0.30419967,0.15073468,-0.11359461,0.0
Surulere,2013,0.040845342,-0.059782457,-0.6455343,-0.13284492,0.049547005,-0.0680005,0.0
Ringim,2013,0.9400811,0.4736733,0.90474665,0.029484028,-0.010146462,-0.04251364,0.0
Emuoha,2013,1.1154373,0.56703955,-0.5275553,0.16534294,-0.31647357,0.035221074,0.0
Isi-Uzo,2013,-0.43948403,-0.41553238,-0.9459189,0.05881882,0.3286041,-0.06811149,0.0
Yenegoa,2013,0.056584176,0.06502944,-1.1904086,0.10805732,-0.30313322,0.09428991,0.0
Ilorin East,2013,-0.109104015,-0.10179809,0.09495553,0.12774068,-0.32254368,0.09507547,0.0
Alkaleri,2013,0.66569316,0.7113226,0.86877275,0.3171576,0.20635957,-0.12695576,0.0
Omumma,2013,0.10877338,-0.7505605,-1.2289217,-0.28922468,0.35355252,0.060400613,0.0
Birnin Kudu,2013,0.97016627,-0.35925207,1.0525444,0.09825419,0.021702422,-0.03003391,0.0
Takum,2013,-1.1127645,-0.18001772,0.9520303,0.27824858,0.35160503,-0.11496359,0.0
Esan South-East,2013,0.14194328,0.4078991,-0.8567037,0.17197141,0.30764946,-0.07454139,0.0
Ifedayo,2013,-1.0616075,-0.5961344,0.65898603,-0.24919924,0.3749951,0.025440838,0.0
Ori Ire,2013,-0.23517686,-0.06465271,-0.6378789,0.28391224,-0.28722572,-0.15259275,0.0
Ifelodun,2013,-0.81877595,0.18225294,-0.524488,0.26046142,-0.15717241,-0.14461072,0.0
Maradun,2013,0.43862525,0.26444536,1.0918058,0.2791796,0.19886284,-0.12742113,0.0
Aninri,2013,0.5423435,0.3805005,0.4128104,-0.15081438,0.24176337,0.10633011,0.0
Abakaliki,2013,-1.1365787,-0.50183696,0.980505,-0.24457613,-0.23284982,0.042876363,0.0
Pategi,2013,-0.6014205,-0.46196765,0.9764279,0.28938228,0.042041223,-0.1376264,0.0
Biriniwa,2013,0.65014714,0.32210147,1.061713,0.06362065,0.2201464,-0.12086446,0.0
Ussa,2013,-1.1263334,-0.1488182,0.37572414,-0.107009396,0.3991261,-0.09070341,0.0
Silame,2013,-0.26113734,0.19614987,1.1700755,0.09493902,0.34341958,-0.030129751,0.0
Takai,2013,0.84906775,-0.62375987,0.75253356,-0.1695425,-0.016670957,0.023585519,0.0
Bwari,2013,0.64165705,-0.41566014,-0.75047374,0.13077214,-0.38693333,0.09623295,0.0
Edu,2013,-0.2137888,-0.060149692,0.044747163,0.2117835,0.067698255,-0.12627752,0.0
Jema'A,2013,0.40087342,0.60702914,-0.082979284,0.19217233,-0.16738787,0.00052242214,0.0
Gumel,2013,0.75185263,-0.6557004,1.0357021,-0.2908356,-0.08890342,0.062431652,0.0
Binji,2013,0.2007584,0.7403534,-0.34480643,0.27867174,0.3543257,-0.048940398,0.0
Kware,2013,0.015350329,-0.40629947,0.9188819,0.09193534,0.26208878,-0.025184104,0.0
Bunza,2013,-0.021571463,-0.06438644,1.2560502,0.12441021,-0.13501036,-0.0968649,0.0
Mopa-Muro,2013,-1.1403328,0.31650147,-0.731147,0.29791504,-0.081675954,-0.13889845,0.0
Sokoto North,2013,1.0229033,-0.74323034,0.58395356,-0.25362322,-0.20361839,0.13984828,0.0
Musawa,2013,-0.59297574,-0.5059465,1.0909756,-0.25618196,0.2098599,-0.044487193,0.0
Ethiope West,2013,0.79296863,0.013985705,-0.9507811,0.17197566,-0.32380134,0.09213193,0.0
Ishielu,2013,-0.7832406,-0.34342602,1.3306223,-0.2457578,-0.12820312,-0.042046573,0.0
Sakaba,2013,-1.0106049,0.6113832,0.19903779,0.10287488,0.25709456,-0.13254078,0.0
Kudan,2013,0.08766835,-0.26949215,-0.07479222,-0.27360022,-0.014608836,0.055206228,0.0
Kachia,2013,-0.014322138,-0.049711168,1.0463456,0.2711418,-0.07895801,-0.12467325,0.0
Sabon Birni,2013,0.6048809,0.33346194,0.9447798,0.20782776,0.30689883,-0.122100756,0.0
Uzo-Uwani,2013,-0.5660263,0.7974566,0.69371384,0.10071307,0.3485822,-0.04104374,0.0
Jaba,2013,0.03866921,-0.5832677,1.2878064,-0.10255944,0.082537286,0.02091121,0.0
Ibesikpo Asutan,2013,0.47821203,-0.6628939,1.1613685,-0.26333827,-0.34772098,0.10120286,0.0
Sokoto South,2013,0.77933884,-0.64382297,-0.035527118,-0.25114805,-0.20656435,0.15876198,0.0
Yabo,2013,0.86777425,0.69218767,1.268772,0.24611792,-0.09115274,-0.02156008,0.0
Damboa,2013,1.0811647,0.5005146,-0.8233106,0.35775852,0.32652178,-0.18347332,0.0
Matazu,2013,-0.7437731,0.16128105,0.9522969,-0.25481018,0.36547482,-0.04042425,0.0
Sandamu,2013,-0.009777416,-0.7225079,0.2449433,-0.28310767,0.060488384,0.018638674,0.0
Mashi,2013,-0.034435257,0.032989882,1.1101002,-0.13793863,0.13590796,-0.045539334,0.0
Dan Musa,2013,-0.6792041,0.083646685,0.23176473,0.22634205,0.34306756,-0.086911805,0.0
Kura,2013,0.7124366,0.030866517,0.73548234,-0.27161437,-0.29088876,0.11421169,0.0
Lere,2013,0.50330895,-0.4125594,0.98732865,0.1767121,-0.18469258,-0.096684165,0.0
Zango,2013,0.47126886,-0.26442486,0.20070668,-0.2979093,0.18247469,-0.03262536,0.0
Wurno,2013,0.86468065,0.6851689,-0.13685487,0.110086225,0.36726782,0.0267569,0.0
Gudu,2013,0.4030667,0.7397021,0.98823416,0.2910625,0.28951696,-0.11788815,0.0
Gwiwa,2013,0.6845439,0.08059127,1.0473757,-0.3004568,0.1468478,0.0024127734,0.0
Birnin Kebbi,2013,0.026316306,-0.6483321,0.3116442,0.03921501,-0.23239593,-0.02598113,0.0
Suru,2013,-0.5481306,0.5084468,0.9721011,0.1375438,0.058543954,-0.10497413,0.0
Numan,2013,-0.941274,-0.1130979,0.3417911,0.1287485,-0.24961336,-0.09932884,0.0
Biu,2013,0.80956066,0.7113808,-0.82445025,0.354352,0.34329647,-0.13979986,0.0
Kaduna South,2013,0.8931854,-0.6893077,-1.251423,-0.26845345,-0.3271573,0.16745864,0.0
Dikwa,2013,0.9153493,0.69120383,0.80413747,0.3166965,0.32027286,-0.13799432,0.0
Zaria,2013,0.89476454,-0.18389119,-0.051954884,-0.059785888,-0.1907583,0.15358783,0.0
Kalgo,2013,-0.634277,0.39409706,0.8871478,0.011006198,-0.19299583,-0.054648716,0.0
Yankwashi,2013,0.76381123,-0.7037903,1.0561954,-0.28990108,0.23117474,0.0025452,0.0
Kaura,2013,0.6736088,-0.27868646,-0.9467097,-0.013245481,0.12948489,0.08870608,0.0
Lamurde,2013,-0.20786406,-0.23930494,1.0610175,0.094626114,-0.13549496,-0.10669143,0.0
Monguno,2013,-0.027845412,0.6942191,-1.0306729,0.29858986,0.2883379,-0.16800994,0.0
Enugu East,2013,-0.32109714,-0.56436086,0.42673844,0.06306263,-0.38165146,0.13088928,0.0
Ngala,2013,1.1709281,0.71747786,-0.80658114,0.38900208,0.36174905,-0.03990708,0.0
Gubio,2013,1.1618586,0.7217711,-0.8006901,0.36424324,0.34635234,-0.1381635,0.0
Yagba East,2013,-0.356141,0.5012125,-0.77838254,0.2659313,0.24454431,-0.08511123,0.0
Chibok,2013,-0.56518143,0.19102362,-0.838805,0.2105209,0.29682425,-0.16222174,0.0
Tureta,2013,-0.05803953,0.7348874,0.9791911,0.31001195,0.036333818,-0.12128999,0.0
Gashaka,2013,-0.48106846,-0.3073916,0.32120892,0.30575332,0.027274232,-0.13053033,0.0
Bauchi,2013,0.054219462,0.41586542,-0.04910496,0.20186318,-0.3341374,-0.042615213,0.0
Hawul,2013,0.18941927,-0.19953923,-0.7521873,0.20143932,0.31944788,-0.16644262,0.0
Uruan,2013,0.97368944,0.45597082,0.8745277,0.23035981,0.004587661,0.14863534,0.0
Mayo-Belwa,2013,-0.9853701,-0.512285,0.3870711,0.058849525,-0.11821343,-0.1706551,0.0
Mubi South,2013,-0.7507638,-0.3139046,0.61914843,-0.25411636,-0.0015585779,-0.032513905,0.0
Etsako West,2013,-0.008028152,0.39900762,-0.6683414,0.18168645,-0.31680265,-0.009161879,0.0
Fune,2013,0.88556254,0.5135311,0.5601268,0.29259604,0.08205239,-0.14689083,0.0
Mobbar,2013,1.1412041,0.7956484,-1.14278,0.36955068,0.33200058,-0.14764914,0.0
Potiskum,2013,0.9673529,0.50620776,0.38752332,0.048402064,-0.1981179,0.1199542,0.0
Gwoza,2013,1.0587832,0.6951819,0.09545044,0.35367653,0.36954737,-0.1370013,0.0
Guzamala,2013,1.0714283,0.54686457,-0.8285799,0.3589896,0.3294595,-0.18946324,0.0
Maiha,2013,-0.7533753,0.75441754,1.2038547,0.18547729,0.2254902,-0.123334475,0.0
Gulani,2013,-0.22765692,0.52150977,0.6907018,0.25317085,0.30294093,-0.14175601,0.0
Zing,2013,-0.73405206,-0.25753966,-0.028938262,-0.10303845,0.04755348,-0.07385993,0.0
Orelope,2013,0.6343242,-0.20573089,-0.63935965,0.31862605,0.09487737,-0.094216265,0.0
Nsit Ibom,2013,0.66265136,-0.1553068,-0.33234876,-0.23102537,-0.20040914,0.107367374,0.0
Fufore,2013,-0.6689132,-0.097702034,-0.025316032,0.20404491,0.23040436,-0.14468934,0.0
Mkpat Enin,2013,0.7872064,-0.5907032,-0.35980305,-0.27172393,0.04069604,0.08099767,0.0
Owan West,2013,-0.50476295,0.45284626,-0.87045246,0.24132967,-0.16181679,-0.043059893,0.0
Kaga,2013,0.8819896,0.15701042,-0.8441526,0.33002272,-0.13297942,-0.16311564,0.0
Karim Lamido,2013,-1.0760225,-0.39618894,-0.032996286,0.2750495,0.3546354,-0.13797045,0.0
Kukawa,2013,1.1343119,0.7251779,-0.98274744,0.37270477,0.31268647,-0.16817948,0.0
Gombi,2013,-0.5415283,0.623476,-0.038221706,0.22834608,-0.008979909,-0.13659272,0.0
Guyuk,2013,-0.2275938,-0.17444986,1.0066345,-0.030395858,0.24190794,-0.007773263,0.0
Tudun Wada,2013,1.0301381,0.51615804,0.7015255,0.25442317,0.20626207,0.0034244757,0.0
Saki West,2013,-0.21265207,0.72130245,0.20153528,0.35220698,-0.1408803,-0.009336959,0.0
Toungo,2013,-1.1078466,0.5519723,0.3526174,0.33518043,0.18796875,-0.121150315,0.0
Abua/Odual,2013,1.1137391,0.69858634,0.21021564,0.1182523,0.36577445,0.1628345,0.0
Bungudu,2013,-0.06050318,0.4334231,0.94349825,0.09371523,-0.16109382,-0.07422543,0.0
Shani,2013,-0.23920754,0.14277981,-0.28674003,0.08237505,0.31326154,-0.13170454,0.0
Shagari,2013,0.56405866,0.66367227,0.5303531,0.2933555,-0.030019535,-0.07288312,0.0
Yunusari,2013,0.025019621,0.38970482,0.36822033,0.2822685,0.32321382,-0.1341128,0.0
Ganye,2013,-0.58767676,-0.035378877,0.38141713,0.21423177,0.0012505876,-0.121426225,0.0
Jada,2013,-0.6397423,-0.26574877,-0.966738,0.24354896,0.12257802,-0.17269905,0.0
Bali,2013,-0.7208212,-0.288975,0.8640843,0.335798,0.15368217,-0.11787324,0.0
Shelleng,2013,-0.26445907,0.24910802,0.42346293,0.12042176,0.15495746,-0.09191481,0.0
Okitipupa,2013,0.53772354,0.54853415,-0.4728543,0.18798055,-0.20830315,0.07711446,0.0
Bayo,2013,-0.3650072,0.17420837,-0.8560854,0.124298155,0.30696455,-0.14612608,0.0
Ikot Abasi,2013,0.47863817,0.15026218,-0.14393598,-0.2652126,-0.20555793,0.079300635,0.0
Maiduguri,2013,1.0815848,-0.6873459,-0.5006478,-0.25919282,-0.106124066,0.14340493,0.0
Gujba,2013,0.91861534,0.73921764,0.5811292,0.30946532,0.318671,-0.1385256,0.0
Esan North-East,2013,0.24146041,-0.09101008,-1.1805376,0.14323777,-0.0031821006,0.062034957,0.0
Tafawa-Balewa,2013,-0.027453456,0.18592918,-0.27458984,0.11189651,0.14311238,-0.101321116,0.0
Nangere,2013,-0.9957455,0.28871575,0.3460125,-0.1123998,0.03681165,-0.1168986,0.0
Ika,2013,0.25897536,-0.632508,-0.08687131,-0.26485315,0.3733222,0.09218025,0.0
Dambam,2013,0.17518,-0.2890631,0.4645781,0.057753216,0.11520264,-0.09005122,0.0
Ganjuwa,2013,-0.0062504318,0.7061594,0.85497344,0.23615375,0.12158257,-0.13290846,0.0
Nganzai,2013,1.089615,0.16258931,-1.2101579,0.38588622,0.31863427,-0.17329097,0.0
Ahoada West,2013,1.1000674,0.13468076,-0.35044014,0.071390234,0.0296087,0.14469706,0.0
Song,2013,-0.5501535,-0.6858366,0.9073029,0.26227266,-0.09366458,-0.15600552,0.0
Oshimili North,2013,0.63289386,-0.1754605,-0.283168,0.06080981,-0.3601928,-0.019080238,0.0
Gokana,2013,1.1047049,-0.6984894,-0.3495148,0.07354324,0.025073858,0.1635199,0.0
Bukkuyum,2013,0.8164627,0.71652776,1.2820421,0.30474874,0.31695563,-0.112300165,0.0
Damaturu,2013,-0.068620175,0.68615484,0.3526102,0.28857473,-0.35680625,-0.13733025,0.0
Geidam,2013,0.6987878,0.7397396,0.3785597,0.32044917,0.34948018,-0.12344419,0.0
Tarmuwa,2013,0.41319793,0.68077624,0.3858815,0.30714458,0.31679094,-0.14271852,0.0
Madagali,2013,-0.2573696,0.5608582,0.45416182,0.099589035,0.33543107,-0.046270397,0.0
Michika,2013,-0.9499434,-0.23979644,0.35875845,-0.26596943,0.089317426,-0.06432418,0.0
Mubi North,2013,-0.73499244,0.18352243,0.39923567,-0.0058844476,-0.1702504,-0.0371439,0.0
Owan East,2013,-0.020147778,0.14139776,-1.1936141,0.22086151,0.14153272,-0.1073053,0.0
Hong,2013,-0.8035566,0.42817473,-0.28625035,0.21487124,-0.2484796,-0.15091266,0.0
Nassarawa,2013,1.0230682,-0.63715786,0.71965146,-0.25770903,-0.23446159,0.14392085,0.0
Sabuwa,2013,-0.22196564,0.35375473,0.61909753,0.19581668,0.33027345,-0.022213245,0.0
Ohaozara,2013,-0.5541162,-0.49123308,1.3009387,-0.109366596,0.37049702,0.11844117,0.0
Kaura Namoda,2013,0.42527443,-0.5150906,1.1880537,0.10671241,0.07673861,0.042587616,0.0
Dutsi,2013,-0.4839357,-0.5702874,0.941602,-0.26204768,0.16089271,-0.0018580002,0.0
Kabo,2013,0.5717475,-0.38501093,0.75354093,-0.30280706,0.0808869,0.07123094,0.0
Dandume,2013,-0.5502064,0.13692234,0.2266384,-0.25170225,0.33140507,-0.020162484,0.0
Dawakin Tofa,2013,0.12405414,-0.2569288,0.20649631,-0.26355922,0.15528096,0.12503064,0.0
Gezawa,2013,1.079189,-0.2560412,0.7365428,-0.06587373,-0.05621136,0.137976,0.0
Bodinga,2013,0.77566046,-0.6433569,1.1802946,0.2154017,-0.14297934,-0.0016206064,0.0
Zurmi,2013,0.68812627,0.16117565,1.254328,0.21581988,0.3185834,-0.09122904,0.0
Warawa,2013,1.0405583,-0.34266493,0.7938315,-0.29457852,-0.006723354,0.08195721,0.0
Tangaza,2013,-0.049965262,-0.046653714,1.2561918,0.25391886,0.30763,-0.12913148,0.0
Maigatari,2013,1.0407957,0.7198301,1.1809757,0.09227914,0.21838006,0.001097519,0.0
Danja,2013,-0.61517406,-0.5124175,-1.2260082,-0.27734077,0.2521031,-0.05642237,0.0
Fagge,2013,0.09473257,-0.6201581,0.71324056,-0.24342012,-0.34303242,0.16264349,0.0
Jibia,2013,0.0060827904,-0.06316477,-1.0000435,0.05423552,0.21347636,-0.07968915,0.0
Eleme,2013,1.0334011,-0.63277894,-0.16039293,-0.28220457,-0.34435493,0.11596967,0.0
Bebeji,2013,0.9752169,0.32504496,0.6939487,0.020922635,-0.26464897,0.014315578,0.0
Rano,2013,1.0454289,0.574262,1.1110541,-0.09123721,0.33774024,0.09611576,0.0
Tarauni,2013,0.76241165,-0.75066787,0.73005164,-0.27512103,-0.3399825,0.13808778,0.0
Etinan,2013,0.9701991,-0.39007968,-0.17752145,-0.26774913,-0.08605723,0.12397654,0.0
Yewa South,2013,-0.19383341,0.16641498,0.72547305,-0.05340698,0.015296659,-0.013156077,0.0
Argungu,2013,0.3673163,0.1574345,-1.2435032,0.13090232,-0.03888808,-0.037871134,0.0
Kiru,2013,1.0641625,-0.4065148,0.97104543,0.048134167,0.15371333,0.031477302,0.0
Batagarawa,2013,-0.50231034,0.20393935,0.9042952,-0.24206586,-0.118446164,0.043538768,0.0
Bomadi,2013,0.6544112,-0.15406235,0.91378224,-0.16651833,0.3811856,0.120794475,0.0
Kwaya Kusar,2013,-0.76931256,0.39453235,-0.8385668,0.12808383,0.3252341,-0.14243029,0.0
Igbo-Etiti,2013,-0.17496717,-0.3648066,0.7872173,0.11340053,0.0045131706,0.116588496,0.0
Doguwa,2013,0.7312164,0.48490107,0.7177288,0.27617776,0.3324236,-0.07092457,0.0
Bade,2013,0.8048542,0.5502919,1.127532,0.284158,0.021110807,-0.06294889,0.0
Itu,2013,1.0482707,-0.2902455,0.83563864,-0.16121148,-0.34564772,0.124369025,0.0
Bama,2013,1.0782729,0.42053127,-1.1828291,0.36122057,0.31084085,-0.19603172,0.0
Gada,2013,0.8291085,0.15305914,1.0307133,0.024170987,0.31806025,-0.03726279,0.0
Gusau,2013,0.4510678,0.2778834,0.9136195,0.27525362,-0.354173,-0.037253503,0.0
Lagos Mainland,2013,0.23049864,-0.7133954,0.3808376,-0.23323448,-0.3090795,0.15482949,0.0
Kaita,2013,0.1256308,0.048383273,0.20375705,-0.11709422,0.35214034,0.0010998789,0.0
Minjibir,2013,1.0640349,-0.23111571,0.933615,-0.27040076,0.23566312,0.13883153,0.0
Ini,2013,0.57906795,0.09957002,-1.2731937,-0.16155274,0.24568608,0.02030335,0.0
Talata Mafara,2013,0.2378598,0.16480358,-0.52866447,0.19105913,-0.055339154,-0.056534875,0.0
Gwandu,2013,-0.17287901,-0.05501018,0.18564129,0.14339037,-0.08026084,-0.052019965,0.0
Birnin Magaji-Kiyaw,2013,0.39810273,0.13522856,1.178124,0.23675095,0.31360006,-0.029198589,0.0
Shanono,2013,0.700199,-0.17394845,0.7264105,-0.29262456,0.34851182,0.021673856,0.0
Rogo,2013,1.0459592,0.15613763,0.7432997,0.04083059,0.3051243,0.027272264,0.0
Batsari,2013,-0.2638096,-0.17979495,0.6534577,0.09668841,0.33436868,-0.034311216,0.0
Eket,2013,0.12347026,-0.746854,0.084536806,-0.2573678,-0.28176975,0.09867334,0.0
Okobo,2013,0.80272335,-0.52863866,-0.15684816,0.20445357,0.22280079,0.09507134,0.0
Kano Municipal,2013,1.0906516,-0.59172755,-0.6952768,-0.24575874,-0.17753121,0.15382305,0.0
Bursari,2013,-0.068130456,0.68718714,0.37193903,0.28465924,0.33238694,-0.12850644,0.0
Maiyama,2013,0.4291042,0.3981625,-0.830798,0.16946302,-0.16622889,-0.06452005,0.0
Lagos Island,2013,0.18897016,-0.70887995,0.73192215,-0.24714875,-0.3263399,0.14734894,0.0
Madobi,2013,0.93731976,-0.026053142,0.9527649,-0.2790925,0.2609712,0.08448283,0.0
Miga,2013,0.84223443,0.26545295,1.162315,-0.10375344,0.13128065,-0.00051527255,0.0
Rimi,2013,-0.4046512,-0.123967476,0.23457068,-0.24417876,0.049068186,0.040735178,0.0
Gabasawa,2013,1.0607512,-0.26036757,0.7720375,-0.13735124,0.24704725,0.079984434,0.0
Aleiro,2013,-0.52542484,0.22900786,1.3203183,-0.2575544,-0.15692393,0.0065129083,0.0
Ungogo,2013,0.97649586,-0.38794336,0.743642,-0.28738642,0.011512305,0.15672234,0.0
Tambuwal,2013,0.6029547,-0.34671718,-0.3161116,0.20650275,-0.022616042,-0.11408747,0.0
Jega,2013,0.4258757,0.35150543,-0.04043101,0.13326052,-0.22867325,-0.030439232,0.0
Katsina,2013,0.51056856,-0.15301646,-0.24545388,-0.24906577,-0.3536018,0.16074471,0.0
Dawakin Kudu,2013,1.0762916,0.41256526,0.41096297,-0.12503763,-0.19912852,0.11485281,0.0
Arewa Dandi,2013,-0.37865022,0.5711795,0.9083751,0.2231216,0.19137475,-0.15070122,0.0
Etim Ekpo,2013,0.77979034,-0.3482797,-0.15668008,-0.266491,-0.1857233,0.08783402,0.0
Albasu,2013,0.98105085,-0.21152116,0.76814604,-0.17839281,0.19842623,0.079471506,0.0
Marte,2013,1.0295391,0.54741573,-0.8267567,0.36035886,0.32717425,-0.18634228,0.0
Kumbotso,2013,0.928443,-0.48780912,0.7409029,-0.26821905,-0.3363705,0.11867006,0.0
Kazaure,2013,0.99818623,0.16012982,1.0552075,-0.28242844,0.06587132,0.06435177,0.0
Malumfashi,2013,-0.47898978,-0.19978459,-0.3450444,-0.24409461,-0.1747184,-0.07265382,0.0
Udi,2013,-0.44407052,0.18597135,-0.5372892,-0.017916968,-0.2536485,0.0856649,0.0
Dutse,2013,0.6146333,0.3430276,0.97554773,0.035479926,-0.26559922,-0.0037405123,0.0
Gwaram,2013,0.39677063,0.51789105,0.7180497,0.04379664,0.04670776,-0.07112304,0.0
Zangon Kataf,2013,0.834456,0.56765354,-0.5311389,0.27300066,0.119508356,-0.0778262,0.0
Kiyawa,2013,0.58755744,-0.34870046,1.0442537,-0.055350807,0.043886036,-0.06631061,0.0
Zaki,2013,0.024823677,0.39393485,0.19459325,0.056777902,0.11965619,-0.10569756,0.0
Opobo/Nkoro,2013,1.1559428,-0.60133326,-0.25367436,-0.061346393,0.39086166,0.15912725,0.0
Shira,2013,0.4816237,0.26161215,1.2278484,-0.100166924,0.23887196,-0.037951794,0.0
Dass,2013,-0.62470657,-0.06928177,0.88587147,-0.09207186,0.12931244,-0.07903156,0.0
Enugu North,2013,-0.9564404,-0.731741,0.5902947,-0.24768221,-0.36830387,0.13278945,0.0
Buji,2013,0.20472115,-0.16507286,1.045018,-0.096384384,0.33192056,-0.041172907,0.0
Ukanafun,2013,0.5411816,-0.23378408,0.06361995,-0.13439372,0.25504485,0.1136312,0.0
Agaie,2013,-0.78457355,0.5662142,0.37795225,0.121715285,-0.18813923,-0.13265637,0.0
Bagwai,2013,0.16179,-0.28645805,0.72309834,-0.26606548,0.3405603,0.05760899,0.0
Kajuru,2013,-0.40336913,0.20041992,-0.037557755,0.2526349,0.058879342,-0.13919258,0.0
Katcha,2013,-1.0519742,0.5342965,-0.0024469907,0.12706284,-0.32339576,-0.14624818,0.0
Kafur,2013,-0.24645351,-0.5807073,0.24837244,-0.27997613,0.22678427,-0.0799722,0.0
Wasagu-Danko,2013,-0.058602147,-0.38090113,1.0501399,0.19844045,0.19877708,-0.14635871,0.0
Bida,2013,-0.69661,0.17460048,-1.0212717,-0.2817608,-0.35489735,-0.011288589,0.0
Kirfi,2013,0.031177053,0.72366875,0.8587224,0.26799336,0.024186624,-0.12540932,0.0
Dandi,2013,0.528531,0.6062849,1.1011406,0.22455075,0.014781381,-0.13536005,0.0
Bagudu,2013,0.5463567,0.7119649,0.901363,0.2943884,0.15628248,-0.12990747,0.0
Kankara,2013,-0.3804195,0.3516543,1.078858,0.04684577,0.33378777,-0.013844008,0.0
Itas/Gadau,2013,0.53059345,-0.47292838,1.1573586,0.080854625,0.16442099,-0.07585708,0.0
Apapa,2013,0.7674417,-0.60468876,-0.25199857,-0.24331437,-0.28511548,0.15570383,0.0
Ondo East,2013,0.6995835,0.55914503,-0.34191063,-0.049458165,-0.27634397,-0.010033877,0.0
Warji,2013,-0.18779288,0.118478656,0.9403425,-0.048495714,0.3285909,-0.03059746,0.0
Katagum,2013,0.76374865,0.059701122,1.2144723,0.089426994,-0.17967942,-0.013860494,0.0
Mani,2013,-0.24624512,-0.4415425,-0.35669848,-0.265969,0.2402645,-0.048160076,0.0
Sanga,2013,-0.92044336,0.3382999,-0.10481461,0.120668165,-0.1662133,-0.12977776,0.0
Bogoro,2013,-0.6051828,0.2231004,0.8475168,0.067079,0.12926266,-0.090298235,0.0
Fika,2013,-0.27849305,-0.1655213,0.4153578,0.17101881,0.25901133,-0.14722718,0.0
Kuje,2013,-0.06158541,0.13509813,0.94781333,0.09207961,-0.12689692,-0.09462118,0.0
Sule Tankarkar,2013,0.67311996,0.06269551,1.2120179,0.072268486,0.1475802,-0.0985373,0.0
Ibadan North East,2013,0.37491837,-0.722424,-1.0052732,-0.25976843,-0.23631403,0.15381108,0.0
Bindawa,2013,-0.66716444,-0.05095445,0.24554372,-0.26840505,0.3005544,-0.0034030746,0.0
Ilorin South,2013,-0.2582107,-0.36347938,-1.2673882,-0.13009591,-0.3498395,0.11811438,0.0
Gamawa,2013,0.88248616,0.5092321,0.4588369,0.23400249,0.14645965,-0.09687455,0.0
Kafin Hausa,2013,0.94965243,0.5334975,0.88931733,0.07318451,0.19781274,-0.03170833,0.0
Ado Odo/Ota,2013,-0.5361589,-0.5464081,0.7966834,-0.084268525,-0.28324702,0.12864417,0.0
Garko,2013,1.0932323,0.21755521,0.5266533,-0.07663035,0.25876284,0.06723604,0.0
Kubau,2013,0.53710353,0.5326929,-0.77561283,0.17427318,0.07594472,-0.10038919,0.0
Wukari,2013,-0.77668816,0.54437965,-0.35874972,0.2139913,0.3410493,-0.13490827,0.0
Gwarzo,2013,0.8998269,-0.19103901,0.74415016,-0.29958677,-0.006290198,0.08135168,0.0
Oyigbo,2013,-0.29858345,0.32748848,-0.27675807,-0.2541057,-0.2836012,0.05378355,0.0
Ughelli South,2013,0.6654967,0.5160069,-0.3900342,0.05032923,0.15915029,0.023900794,0.0
Fakai,2013,-0.6025239,0.5500123,0.88263583,0.12785907,0.21113792,-0.12659338,0.0
Kaugama,2013,0.8010558,-0.28774187,1.0706906,0.10483151,-0.028936625,-0.056861255,0.0
Esan Central,2013,0.040226597,-0.045128793,-0.98718125,-0.26134312,-0.14562929,0.059466317,0.0
Goronyo,2013,0.6987177,0.5321489,0.9968896,0.27562258,0.30506912,-0.11198378,0.0
Ibarapa East,2013,0.30623376,0.39758354,-0.61406225,0.12774992,-0.14974111,-0.044835504,0.0
Ikpoba-Okha,2013,0.12751518,0.6744304,-0.3549671,0.31700918,-0.37866694,0.14281936,0.0
Awgu,2013,0.43759266,-0.4731099,-0.7340166,-0.27302715,-0.31680003,0.059583977,0.0
Olorunsogo,2013,-0.67295814,0.4152844,-0.63543206,0.34742397,0.054337423,-0.13476871,0.0
Kabba/Bunu,2013,-0.33793005,0.76812893,-1.1730257,0.39259782,-0.28425682,-0.1448697,0.0
Ningi,2013,0.6602627,0.7219185,1.0259616,0.2855515,0.22560355,-0.09917609,0.0
Kurmi,2013,-0.9611342,-0.48924968,0.37005806,0.3212065,0.36027896,-0.14731228,0.0
Bakori,2013,-1.0524904,-0.28504446,0.25127947,-0.2508896,-0.08918007,-0.06035825,0.0
Nsit Atai,2013,0.8075809,-0.74199164,-0.16823255,-0.30093294,0.056786455,0.068264484,0.0
Kankia,2013,-0.5062466,0.14409555,0.21659282,-0.25896195,0.0651912,-0.0646167,0.0
Gagarawa,2013,0.4697168,0.15250696,1.1390738,-0.10575783,0.1436591,-0.069422126,0.0
Giade,2013,0.4312802,0.31355286,0.8307809,-0.073298,0.27079654,-0.023202261,0.0
Iguegben,2013,-0.48106483,-0.24922909,-0.68658227,-0.060532037,-0.05413874,-0.069325596,0.0
Akure North,2013,-0.46487263,-0.5687478,-0.97372264,0.031342864,-0.344287,-0.0888863,0.0
Khana,2013,1.0555017,-0.6599789,-1.1958151,-0.19681524,-0.0057480386,0.118500695,0.0
Oruk Anam,2013,0.9560941,-0.19290887,-0.16082107,-0.06781294,-0.048776194,0.07130619,0.0
Misau,2013,0.744385,0.19409351,0.5896305,-0.039301954,0.1685289,0.00068220677,0.0
Kolokuma/Opokuma,2013,0.43447194,-0.30864647,0.06137769,0.113642305,-0.18461794,-0.026139405,0.0
Karaye,2013,0.7873173,-0.70211285,0.39154458,-0.13136332,0.35844627,0.04635049,0.0
Sagbama,2013,0.43250376,0.54062915,0.03451099,0.09145317,0.13328698,-0.028531224,0.0
Garki,2013,0.8200827,0.31993553,0.97372127,0.10807085,0.28189602,-0.080676585,0.0
Mai'Adua,2013,0.10729505,-0.26760966,0.22630635,-0.055338606,0.13741876,0.03792134,0.0
Ezza North,2013,-0.4227624,-0.5721925,0.37427214,-0.2779679,0.17658098,0.035239838,0.0
Ibi,2013,-0.7783878,0.7677177,1.2916216,0.3071565,0.35371032,-0.12628733,0.0
Omala,2013,-0.7285002,0.59386635,-1.2245692,0.1654022,0.3363308,-0.15752444,0.0
Ile Oluji/Okeigbo,2013,-0.9215242,-0.28765512,-0.16067246,-0.16758798,-0.3252712,-0.05399385,0.0
Baure,2013,0.11170094,-0.51441145,0.23448952,-0.16066854,0.24978805,-0.03459127,0.0
Dutsin Ma,2013,-0.16318633,-0.07771319,-0.3111075,-0.15634081,0.22691813,-0.019564603,0.0
Uhunmwonde,2013,-0.70466065,0.16909121,-0.7179163,0.21075231,-0.3658111,-0.15243982,0.0
Taura,2013,0.7501519,-0.017305069,1.1052788,-0.09245307,-0.15695326,-0.04061929,0.0
Ughelli North,2013,0.6266871,-0.08013453,-0.346565,0.13470036,-0.35685232,0.116413146,0.0
Orhionmwon,2013,0.42222136,0.33420047,-1.2433504,0.24068303,-0.17031085,-0.17577487,0.0
Soba,2013,0.6858658,0.5158092,-0.8489089,0.12475626,0.11474629,-0.07385405,0.0
Karasuwa,2013,0.6385339,0.63292336,0.15822951,0.20713466,0.036152195,-0.1328979,0.0
Ondo West,2013,0.7748164,0.20087954,0.85346824,0.25269148,-0.17172657,0.11426138,0.0
Ika South,2013,0.08463604,-0.48945153,1.0387268,-0.097307935,-0.34379682,0.101557136,0.0
Oye,2013,0.109070204,-0.49290252,0.23451588,0.1092293,0.23141856,-0.030311275,0.0
Bichi,2013,0.71004343,0.2191321,0.22885893,-0.2873802,0.23405339,0.063286304,0.0
Kwali,2013,0.1129903,-0.27936763,0.2024676,0.063718386,-0.26211396,-0.07751352,0.0
Oyo West,2013,-0.91330343,0.19198398,-0.6362261,0.26517805,-0.34546432,0.042183537,0.0
Kusada,2013,-0.64869547,0.16887887,0.22077909,-0.26799783,0.15601145,-0.054255288,0.0
Roni,2013,-0.07723779,0.15995099,1.0248064,-0.25999382,0.32756066,-0.005389516,0.0
Toro,2013,-0.52560705,0.3824124,0.9185753,0.26522613,-0.17763789,-0.13492008,0.0
Akure South,2013,0.63863724,-0.23223263,-1.238364,-0.27333912,-0.3226053,0.1381257,0.0
Igabi,2013,1.1639254,0.4061915,-0.6660133,0.38075238,-0.34457245,-0.0461536,0.0
Okene,2013,0.66003615,-0.25041327,-0.95919144,-0.25107655,-0.08942692,0.1686572,0.0
Onitsha South,2013,-0.72900176,-0.69997394,0.22164278,-0.24369594,-0.30299854,0.15391898,0.0
Agatu,2013,-0.9213837,-0.40249756,1.2713417,-0.027831374,0.16227025,-0.11736858,0.0
Dala,2013,1.0821444,-0.62922144,-0.38386533,-0.2638443,0.10311261,0.16787592,0.0
Anka,2013,-0.3221955,0.61315596,1.3480468,0.25522715,0.30663547,-0.13099784,0.0
Tofa,2013,0.09405859,-0.20362137,-0.08318797,-0.27691928,-0.019775022,0.06475074,0.0
Ingawa,2013,-0.19191363,0.09706658,0.9861484,-0.07990819,0.24437127,-0.0016417758,0.0
Uvwie,2013,-0.24040471,-0.6931206,-1.2677325,-0.2505464,-0.3182448,0.15010738,0.0
Idanre,2013,-0.8825057,0.081979096,-0.32730824,0.25088853,-0.17723921,-0.14185937,0.0
Okpe,2013,0.8550329,0.36225367,-0.35702696,-0.04102552,-0.17708512,0.045564596,0.0
Anambra West,2013,0.84536225,0.1950454,0.18631333,0.25575605,0.3587666,0.036782876,0.0
Mushin,2013,0.66406506,-0.68566716,1.2740109,-0.24215347,-0.22291523,0.13412827,0.0
Shagamu,2013,-0.5500018,0.53509593,-0.1211755,-0.08889889,-0.34060937,0.108219065,0.0
Biase,2013,-0.30148157,0.6193005,-0.6202786,0.06295845,0.20191042,-0.05683458,0.0
Gaya,2013,0.9868384,-0.3783651,0.8963764,0.028451355,0.037894778,0.07777879,0.0
Charanchi,2013,-0.7531393,-0.49482402,0.24854822,-0.26048657,0.08772414,-0.037869718,0.0
Etsako Central,2013,-0.2693161,-0.48202345,-0.987652,0.11939448,0.33261245,-0.10419062,0.0
Darazo,2013,0.50737786,0.7060509,0.910494,0.2852194,-0.06729504,-0.114672154,0.0
Ijumu,2013,-0.57073873,-0.52660424,-0.8947361,0.16770917,-0.08449119,-0.16627808,0.0
Irepodun,2013,-0.7327092,-0.3439263,0.585896,-0.03395224,-0.23856226,-0.05032434,0.0
Egbeda,2013,0.4032587,-0.120759144,-0.5542644,-0.2662878,-0.36467773,0.13862328,0.0
Akoko South East,2013,-0.57248676,-0.317471,-0.34445912,-0.11388144,-0.13083325,0.07432686,0.0
Faskari,2013,0.16776,0.3565812,-0.06218904,0.11323701,-0.061349154,-0.07737772,0.0
Makarfi,2013,-0.1449413,0.018201279,-0.05086516,-0.27047765,-0.17163435,-0.032809544,0.0
Udu,2013,-0.19893824,-0.15422983,-0.2740089,-0.22774011,-0.039414264,0.14655903,0.0
Bunkure,2013,1.0020581,-0.28930315,1.2746731,-0.26414362,0.3359629,0.07325834,0.0
Funtua,2013,0.21740925,-0.28031915,-0.9518319,-0.25994945,-0.14809912,0.093415864,0.0
Dambatta,2013,0.7802615,0.17822523,0.6479537,-0.30008322,0.15908824,-0.011046567,0.0
Jakusko,2013,0.8610665,0.70778126,-0.9288569,0.26192614,0.3240191,-0.16203035,0.0
Gwale,2013,1.0356878,-0.69013864,0.71376055,-0.25976107,-0.20586684,0.14612152,0.0
Babura,2013,1.0367082,0.16057388,0.40028584,0.028944911,0.32290262,-0.035006758,0.0
Sapele,2013,0.6940134,0.5904589,-0.6458838,0.22980717,-0.31521764,0.09157933,0.0
Ika North East,2013,0.8251652,-0.20220527,-0.27212757,0.1400273,-0.28897664,0.08656634,0.0
Surulere,2013,0.21757826,-0.75234807,-0.10337564,-0.25725585,-0.32514164,0.15447675,0.0
Garun Malam,2013,0.5721535,-0.2240108,1.2910407,-0.24248111,-0.25223002,0.1296213,0.0
Offa,2013,-1.0403515,-0.5586902,-1.2190732,-0.2545377,-0.16147923,0.12976411,0.0
Shomolu,2013,0.6592721,-0.733743,-1.2328454,-0.27154103,-0.29158646,0.1600744,0.0
Makoda,2013,1.0052924,-0.61249,0.718109,-0.30637804,0.10099356,0.08690609,0.0
Rimin Gado,2013,0.5084191,0.06567494,0.9243559,-0.30063236,0.035066225,0.07777427,0.0
Yusufari,2013,0.70436203,0.535568,0.77127063,0.31291902,0.32164645,-0.13470915,0.0
Bassa,2013,-1.0933398,-0.60836256,-0.3079786,0.1507582,0.35999614,-0.17779124,0.0
Jahun,2013,0.7838038,0.5186028,0.48855338,-0.11793534,0.2596382,-0.048706375,0.0
Kurfi,2013,-0.67249423,-0.2709286,-0.7763029,-0.27857405,0.25932473,-0.086135946,0.0
Esan West,2013,-0.6375367,0.6069675,0.93016124,0.073401585,-0.33995643,-0.00042068042,0.0
Kaduna North,2013,0.63487256,-0.6879723,-0.08031449,-0.2688033,-0.38302267,0.14488891,0.0
Daura,2013,0.96585375,0.37432724,0.24518152,-0.25619382,-0.15995415,0.113934614,0.0
Gassol,2013,-0.32840827,0.5675324,-0.37302282,0.28573197,0.32619354,-0.15050004,0.0
Auyo,2013,0.73539275,0.19606908,0.9985831,-0.08461356,0.1444051,0.068120666,0.0
Wudil,2013,1.0676785,0.22236799,0.5025779,-0.2934627,0.047187775,0.13664751,0.0
Ikara,2013,0.55900735,0.6043326,-0.07459874,0.060228474,0.013003849,-0.04093404,0.0
Ifedore,2013,-0.3983431,-0.40507817,-0.5204303,-0.13413872,-0.3462724,0.0929727,0.0
Lavun,2013,-0.44720468,0.7262134,0.6365247,0.20906745,-0.046437666,-0.12909055,0.0
Dange Shuni,2013,1.0044998,0.17640544,1.0726249,0.30998614,-0.14531413,-0.028892864,0.0
Yewa North,2013,-0.6257392,0.40614223,-0.6487873,0.18202984,0.22885454,-0.08753263,0.0
Tsafe,2013,0.55730385,0.53286844,1.1022843,0.14445397,0.08956991,-0.06691822,0.0
Ekiti,2013,-0.6074516,0.58530426,-0.3698655,0.069435194,0.33536252,-0.08379394,0.0
Zuru,2013,0.039022304,0.51832175,0.3180489,0.08984587,-0.050874773,-0.057402033,0.0
Yagba West,2013,0.13047677,0.7205887,-0.6606902,0.32017553,0.34383157,-0.054471254,0.0
Kogi,2013,-1.1275902,0.44262567,-1.2184966,0.1350269,-0.28201914,-0.15126842,0.0
Olamaboro,2013,-1.0370615,-0.44916254,-0.020563256,-0.16881114,0.19219907,-0.07986972,0.0
Odigbo,2013,-0.027734322,0.7442844,0.8911818,0.23446079,-0.3520389,-0.044368524,0.0
Agege,2013,0.83463657,-0.74065363,-0.25474066,-0.24893385,-0.3065768,0.1510684,0.0
Kibiya,2013,0.7970289,-0.5355371,0.72961885,-0.066080324,0.34036654,0.05631529,0.0
Isin,2013,-0.77522635,0.53361,-0.36648068,0.012471796,-0.16568057,-0.1031902,0.0
Sabon Gari,2013,1.06985,0.3573812,-0.8975948,-0.2721423,-0.3156684,0.11623449,0.0
Malam Madori,2013,0.5146292,-0.521063,1.0445309,-0.089627504,-0.1300915,-0.058163278,0.0
Lokoja,2013,-0.7524188,0.76200294,0.66194487,0.27443054,-0.34300563,-0.12024507,0.0
Ede South,2013,-0.56724524,-0.2565721,-0.735752,-0.02106295,-0.17798656,0.08742953,0.0
Giwa,2013,0.4532525,-0.19389023,-0.08913584,0.25999773,0.06834987,-0.08313687,0.0
Ikole,2013,0.55000615,0.6997233,-0.880757,0.22873838,0.21768261,-0.016712775,0.0
Kunchi,2013,0.06909021,0.21886271,0.72516286,-0.26147842,0.34327105,-0.0062973434,0.0
Guri,2013,0.8701057,0.69678926,1.0357959,0.21702829,0.1900306,-0.07903985,0.0
Maru,2013,0.47330612,0.6943447,1.1721624,0.33223256,0.13790233,-0.12976752,0.0
Dukku,2013,-0.22879753,0.36766747,0.42056733,0.2681467,0.14614025,-0.13979326,0.0
Wamakko,2013,-0.16492325,-0.047672912,1.0625055,0.11022691,-0.32420585,0.025318997,0.0
Oke Ero,2013,-0.58525485,-0.07586614,-0.331149,0.22449368,0.33343214,-0.051156823,0.0
Oshodi/Isolo,2013,0.14850189,-0.73641676,-0.8339808,-0.25596684,-0.3018368,0.16109303,0.0
Abadam,2013,1.0553253,0.7465626,-1.1634966,0.36051288,0.30887887,-0.17477535,0.0
Moba,2013,0.62876296,-0.460294,1.278535,-0.2620621,0.35624135,0.12267986,0.0
Gwagwalada,2013,0.6196653,-0.09525085,-0.47776362,0.12775265,-0.23868698,0.07899752,0.0
Kagarko,2013,0.04591279,0.5216748,0.86196405,0.16199335,-0.21288387,-0.111034214,0.0
Abaji,2013,-0.23267059,0.7298319,-0.110720836,0.18415985,-0.19805367,-0.025341626,0.0
Sardauna,2013,-1.0403497,-0.1565875,-0.036066,0.24937746,0.26237026,-0.13441975,0.0
Shanga,2013,-0.08549274,0.16513698,1.1112357,0.28250965,-0.15950242,-0.12433134,0.0
Birnin Gwari,2013,0.57682425,0.696598,-1.0259186,0.36131868,0.30901483,-0.166161,0.0
Ngaski,2013,-0.51963896,0.26859787,1.3489133,0.27264106,-0.16231838,-0.12335618,0.0
Chikun,2013,0.46759316,0.78683245,-1.1942905,0.3519892,-0.34465745,-0.11747484,0.0
Yauri,2013,0.413159,-0.37997746,0.89784074,-0.14753519,-0.24785343,0.046560213,0.0
Kauru,2013,0.6408681,-0.5561286,-0.1682461,0.24538453,0.18633902,-0.1701012,0.0
Demsa,2013,-0.7511696,0.03900838,-0.34584373,-0.018979965,-0.13942963,-0.10673323,0.0
Umuahia South,2013,-0.2523864,-0.57733756,-1.0184442,-0.25436047,-0.31041557,0.10477753,0.0
Obokun,2013,-0.7287014,-0.46642455,1.1431125,-0.25579315,0.04599108,-0.039780773,0.0
Owerri West,2013,-1.0553051,0.074934125,0.21978459,-0.2610033,-0.32310513,0.07368214,0.0
Nasarawa,2013,-1.115512,0.7042338,-0.73557985,0.29003224,0.37016407,-0.13297118,0.0
Idemili South,2013,-0.15918982,-0.07929689,-0.3782612,-0.22325611,-0.23771495,0.18056168,0.0
Aba North,2013,-1.0867982,-0.6765978,-1.238265,-0.26415598,-0.3726402,0.1417909,0.0
Odeda,2013,-0.4868297,-0.5102537,-0.3763815,0.13742106,-0.36793727,-0.17071967,0.0
Ijebu East,2013,-0.7715495,0.60585034,-0.815255,0.28515723,-0.37480298,-0.14500245,0.0
Okpokwu,2013,-0.5628206,-0.19414961,-1.1774918,-0.04068298,0.07422058,-0.054285597,0.0
Shomgom,2013,-0.6816966,0.2618648,-0.26780868,-0.045985352,0.17240196,-0.05879223,0.0
Ado-Ekiti,2013,-0.54882544,-0.6591967,-0.37314388,-0.016912824,-0.34670368,0.12824944,0.0
Ahiazu-Mbaise,2013,-0.005162326,-0.71975744,0.2226876,-0.25877562,0.042512313,0.14651929,0.0
Ankpa,2013,-0.0037166514,0.17222685,-0.26948664,0.07676233,0.3331653,-0.01671293,0.0
Nkwerre,2013,-0.18994763,-0.5452588,0.21398602,-0.25003317,0.016220424,0.18279557,0.0
Apa,2013,-1.1738733,-0.30030987,0.22814204,-0.121180944,0.073621824,-0.12028481,0.0
Kwande,2013,-0.75060165,-0.39077172,0.19878532,0.17810114,0.16252545,-0.112757064,0.0
Ikom,2013,-1.0883421,-0.12454719,-0.81751895,0.18872187,-0.32930508,-0.13961242,0.0
Ido-Osi,2013,0.33016115,-0.47526714,-0.01961017,-0.2553172,0.386734,0.115215376,0.0
Ukwa East,2013,-1.1627823,-0.16983102,1.1182,-0.25609294,-0.2492615,-0.042377584,0.0
Ukwa West,2013,-0.90015715,-0.121605866,-0.24266092,-0.25733796,-0.31527856,0.08328991,0.0
Nnewi South,2013,-0.33277723,-0.35852358,0.20025969,-0.258985,0.3023447,0.1452633,0.0
Bende,2013,-0.056904733,0.3293611,0.6075392,-0.24511974,-0.23233385,0.028506605,0.0
Okigwe,2013,-0.6893003,-0.27550995,-0.00016048152,-0.25431874,-0.26258817,0.08103757,0.0
Jama'Are,2013,-0.076168716,-0.74133176,0.8853431,-0.27814227,-0.016767444,0.0109828655,0.0
Kokona,2013,-0.93283653,0.38726807,1.0790739,0.1045798,-0.32932484,-0.12718423,0.0
Mafa,2013,0.4609096,0.6863792,-0.83090824,0.35650054,0.32583857,-0.1594915,0.0
Akko,2013,0.03809116,0.15196991,0.31360886,0.24590738,-0.27860916,-0.05000067,0.0
Ushongo,2013,-0.9396878,-0.38864663,0.208832,-0.043217044,0.23073232,-0.057128057,0.0
Ehime-Mbano,2013,-0.87411207,-0.4631959,-1.2082795,-0.26576778,0.23482633,0.11510974,0.0
Ideato South,2013,0.9182478,-0.73011655,0.565775,-0.2663117,0.26498252,0.14056525,0.0
Ife South,2013,-0.78926337,-0.61909723,0.38367325,0.2298205,-0.032422032,-0.07599285,0.0
Oyi,2013,-0.32229048,-0.13606589,0.21642798,-0.248551,-0.35274148,0.11391762,0.0
Ekiti South-West,2013,0.5733992,-0.18950392,-0.96322423,-0.2946825,0.10518685,0.08326366,0.0
Ayamelum,2013,0.45332307,0.53288525,0.70093584,0.10200526,0.03526008,0.032424595,0.0
Aboh-Mbaise,2013,-0.54457057,-0.60509557,-0.5332368,-0.23958163,-0.042007107,0.123894535,0.0
Ilejemeje,2013,-0.526214,0.18043968,-0.02729679,-0.2523303,0.3367039,0.06694056,0.0
Mbatoli,2013,0.029919742,-0.4818782,0.22975431,-0.24553338,-0.13084811,0.14188054,0.0
Akamkpa,2013,0.35218155,0.68535566,0.34245744,0.31271175,0.10824889,-0.13784163,0.0
Obi Nwga,2013,-0.8746537,-0.47881958,0.91329557,-0.26805073,-0.29225835,0.07422997,0.0
Logo,2013,-0.1202819,-0.13962765,0.2046607,0.18278803,0.34653273,-0.09929232,0.0
Guma,2013,-0.75752366,0.49885625,0.20770872,0.11499297,-0.14085846,-0.13104548,0.0
Ogoja,2013,-0.9205281,0.60089326,-1.204559,-0.12727877,-0.27442855,-0.037539512,0.0
Ohafia,2013,0.09916289,-0.45532063,0.056300078,-0.2617388,-0.19156356,0.06146885,0.0
Orumba North,2013,-0.1009053,-0.082404055,-1.2135099,-0.29517964,0.1360072,0.072617956,0.0
Ado,2013,0.45584685,0.1965326,0.70493984,0.13849552,0.2327172,-0.027822,0.0
Toto,2013,-0.7933179,0.5929923,0.38090795,0.23374686,0.36033383,-0.14513972,0.0
Egbedore,2013,-1.1529666,-0.027231697,-1.2663932,-0.29818112,-0.3693087,-0.017375056,0.0
Owerri North,2013,-0.613736,-0.2636587,0.7525065,-0.24635422,-0.3496636,0.12217795,0.0
Idemili North,2013,0.15316626,-0.23644319,-1.1840346,-0.25239232,-0.1365058,0.18737538,0.0
Isiala-Ngwa South,2013,-0.9767205,-0.48500094,0.75151175,-0.25381643,-0.21809372,0.08070125,0.0
Funakaye,2013,0.6458324,0.15551727,1.2715738,0.1689813,0.041887693,-0.025342854,0.0
Katsina-Ala,2013,-0.9624533,0.15022938,0.5597778,0.0949558,0.06993846,-0.100196704,0.0
Mokwa,2013,0.002642925,0.66606176,-0.5503042,0.2478854,-0.3095223,-0.14036086,0.0
Aba South,2013,0.9026966,-0.68521893,0.045674775,-0.24626812,-0.20697358,0.16696888,0.0
Edati,2013,-0.53959674,-0.64546627,-0.55258214,-0.15664202,0.069044694,-0.10596916,0.0
Odogbolu,2013,-0.75802046,0.5955861,-1.2103623,-0.111173935,-0.36401027,0.028859278,0.0
Balanga,2013,-0.2684784,0.2689671,0.7790095,0.0533733,0.10505528,-0.05858621,0.0
Ijebu North East,2013,-0.34215048,-0.16263288,-0.3398791,-0.25471127,-0.051335823,0.06075054,0.0
Oturkpo,2013,-0.46965986,-0.27317512,-0.7199583,0.11906601,-0.19492042,-0.06174134,0.0
Abi,2013,-0.24886492,-0.71970093,-0.6400224,-0.27951813,0.3353109,0.09959894,0.0
Ideato North,2013,-0.5678136,-0.5539358,0.8395835,-0.2429345,0.34423834,0.1109215,0.0
Oriade,2013,-0.6787831,0.4018842,-1.2270985,-0.27831018,-0.2769581,0.06220022,0.0
Illela,2013,-0.0695791,0.52523935,1.2435131,0.09078093,0.31463984,-0.015087991,0.0
Nwangele,2013,0.5994522,-0.5433586,0.16750535,-0.2651947,0.033007305,0.20406824,0.0
Ife East,2013,0.12020561,0.3244547,-1.1610202,-0.2726335,-0.33650133,0.09662355,0.0
Obanliku,2013,-1.1350675,0.76749736,-1.1947953,0.1147522,0.38457286,-0.0679227,0.0
Onuimo,2013,0.45109925,-0.52183294,0.1919078,-0.2596839,0.25822425,0.15112785,0.0
Qua'An Pan,2013,-1.047685,0.56010205,-0.015191545,0.1636062,0.36115316,-0.13690792,0.0
Ngor-Okpala,2013,-0.50031555,0.24612214,0.17470904,-0.26297736,-0.3196791,0.014535438,0.0
Ona Ara,2013,0.1902645,-0.07379376,-0.5789419,-0.059898917,0.24267864,0.1563108,0.0
Igbo-Eze North,2013,0.09248832,-0.46664912,-0.070630245,-0.26538405,0.1102032,0.13311133,0.0
Oju,2013,-1.105174,-0.22733629,0.8828305,-0.06979946,0.27556208,-0.0571349,0.0
Boluwaduro,2013,-0.014545084,-0.57795495,-0.17259029,-0.12532477,0.08362064,0.095639884,0.0
Shinkafi,2013,-0.10789301,0.25474405,0.85993195,0.15682684,0.32091254,-0.026866637,0.0
Orsu,2013,-0.4237883,-0.38854757,0.22686742,-0.24582152,0.37206393,0.19861706,0.0
Anaocha,2013,0.4811983,-0.22460966,-0.49659324,-0.25148422,-0.09811854,0.17353965,0.0
Bekwarra,2013,-1.1258005,-0.7164637,-0.61923563,-0.28702092,-0.15693665,-0.029075362,0.0
Umu-Nneochi,2013,-0.2741559,-0.67596495,-0.30998322,-0.04551307,-0.047107875,0.102364935,0.0
Ose,2013,0.54656607,0.555562,0.4711579,0.27056757,0.22260833,-0.08638881,0.0
Nnewi North,2013,-1.1424165,-0.38907722,0.22139993,-0.24313156,-0.1540366,0.1576199,0.0
Akoko North West,2013,0.9327517,0.3807335,-0.7398653,0.12959436,-0.011536368,0.1087886,0.0
Ilesha East,2013,0.17247416,-0.24216357,-1.2032962,-0.26695317,-0.3127494,0.12926246,0.0
Njikoka,2013,0.12737086,-0.4960115,0.21441987,-0.24563566,-0.3433701,0.16222325,0.0
Ohaji/Egbema,2013,0.054749057,0.7452034,0.9741809,0.18434551,-0.20164615,0.010647869,0.0
Gombe,2013,0.6148836,-0.5450968,0.7400514,-0.24097975,-0.27105463,0.1547315,0.0
Owerri Municipal,2013,-1.1400381,-0.43370238,1.3199325,-0.24978177,-0.38154367,0.12351854,0.0
Keana,2013,-0.274233,0.18551014,0.3970888,0.17193373,-0.034753524,-0.14518285,0.0
Ohaukwu,2013,-0.9953036,-0.37601337,0.9698268,-0.13649943,0.011499166,0.008444076,0.0
Gbonyin,2013,0.11751381,-0.5308009,-0.712282,-0.1578519,0.042782195,0.025845557,0.0
Isiala Mbano,2013,0.08290657,-0.2743039,0.20410448,-0.24832705,0.1687677,0.16286954,0.0
Irepodun/Ifelodun,2013,-0.23217086,-0.15731046,-0.82033587,-0.25830993,-0.14967622,0.06251522,0.0
Obowo,2013,-0.70067036,-0.2682023,-0.95948076,-0.23712285,-0.1507303,0.14610843,0.0
Isuikwuato,2013,-0.6596822,-0.18006192,-1.182253,-0.007990551,0.14507522,0.038000453,0.0
Makurdi,2013,-0.66399974,-0.6219833,-1.2507098,0.086673535,-0.35792163,0.040120404,0.0
Gboko,2013,-0.27245563,0.28734142,0.984415,0.040083118,-0.2758798,0.002802947,0.0
Ife Central,2013,-0.031213963,0.35064867,-1.192311,-0.25207213,-0.17611235,0.110174365,0.0
Isiala-Ngwa North,2013,-0.70799756,-0.25435272,-1.0065385,-0.2572976,-0.12863466,0.07881122,0.0
Yakurr,2013,-0.06894724,0.2069133,0.72532254,0.17704001,0.02154636,0.030212432,0.0
Billiri,2013,-0.5062326,-0.39828092,0.89301735,-0.25765198,0.044736218,-0.0046603507,0.0
Dunukofia,2013,-1.0815939,-0.7068411,0.097028255,-0.25992364,-0.32999212,0.091199845,0.0
Osisioma Ngwa,2013,-0.55061376,-0.5853339,-0.28154644,-0.23566152,-0.3249332,0.12257833,0.0
Ola Oluwa,2013,-0.79361147,-0.42129523,-0.7599117,-0.26078197,-0.06537323,-0.05138003,0.0
Wamba,2013,-1.1336315,-0.4102063,1.077524,-0.12263796,0.34983984,-0.15715876,0.0
Boripe,2013,-0.42715696,-0.63962054,-0.7181248,-0.24741901,0.2272602,0.15662105,0.0
Yala,2013,-0.9129401,0.20296979,-0.24714088,-0.09022178,0.15417963,-0.066994086,0.0
Aguata,2013,-0.20672925,-0.69633263,-1.2247216,-0.27049166,0.18514234,0.16989765,0.0
Calabar Municipal,2013,-0.69672376,-0.7413142,-1.2252911,-0.25222728,-0.3767525,0.13017532,0.0
Onitsha North,2013,-1.0854853,-0.6646154,-0.28543192,-0.24604413,-0.37122333,0.14733785,0.0
Ukum,2013,-0.6108732,0.0061109303,0.7781398,-0.030121678,0.3492536,-0.051734876,0.0
Isa,2013,0.44116795,0.50767606,-0.12597388,0.25136364,0.32704675,-0.1543772,0.0
Ogun Waterside,2013,-0.75385994,-0.3375025,-0.37562543,0.14165409,0.024068376,-0.15146846,0.0
Ifelodun,2013,-0.7285653,-0.60172105,-1.2266899,-0.019237746,-0.25378412,0.123336375,0.0
Arochukwu,2013,-0.3867753,0.18233448,0.7836949,-0.11132193,-0.12991232,0.07058746,0.0
Ijebu Ode,2013,-0.9090585,-0.32722637,-1.2160589,-0.2643896,-0.35857543,0.10497231,0.0
Magumeri,2013,1.0864165,0.7547326,-1.1591196,0.3667398,0.32016316,-0.17065488,0.0
Boki,2013,-1.0789573,0.5015592,-0.8243529,0.2292105,0.32487997,-0.15482335,0.0
Kwami,2013,-0.18706265,0.7179108,0.49020112,0.17737328,-0.027793586,-0.07338207,0.0
Ekiti East,2013,0.5914149,0.5688295,-0.2907071,-0.007446129,-0.08337876,0.12807627,0.0
Moro,2013,-1.0820314,0.71267325,-0.81155974,0.3014459,-0.37352642,-0.12796049,0.0
Ezinihitte,2013,0.10401923,-0.24744101,0.2096047,-0.26157573,0.1542037,0.16429152,0.0
Kala Balge,2013,0.4265905,0.6834749,-0.830475,0.3605544,0.32195655,-0.1639941,0.0
Awe,2013,-0.82871854,0.7844955,0.39903328,0.26682195,0.37613118,-0.12757841,0.0
Orolu,2013,0.82716066,0.32726184,-0.7053521,-0.27482355,-0.058911514,0.10402309,0.0
Obubra,2013,-0.8055948,0.39868027,-0.3583263,0.21996646,-0.18455936,-0.10365648,0.0
Akoko-Edo,2013,0.66300315,-0.4474798,-0.6954053,0.0954673,0.040199213,-0.06110834,0.0
Osogbo,2013,-1.099477,-0.44144997,-0.009834299,-0.256438,-0.3988441,0.12992567,0.0
Ise/Orun,2013,-0.3299498,0.1946502,-0.055263426,0.13777174,0.14354102,0.0119666485,0.0
Njaba,2013,0.8662479,-0.5054854,0.18083605,-0.26371136,0.26542994,0.18421242,0.0
Obi,2013,-0.86345345,-0.050451662,-0.48781016,-0.16632336,0.19945082,-0.047267497,0.0
Buruku,2013,-0.9352428,-0.039541524,-0.07847694,-0.14797881,-0.07369599,-0.05778177,0.0
Obudu,2013,-0.89703494,-0.5124722,-0.58233875,-0.1200836,0.07082796,0.07483042,0.0
Orlu,2013,-1.1480435,-0.5602616,-1.2357463,-0.25933695,-0.10292797,0.11086388,0.0
Iwo,2013,-0.41843197,0.03715504,-1.1890882,-0.24822642,-0.15413511,0.1214365,0.0
Awka North,2013,-0.72954345,0.59045655,0.2113789,-0.044720974,-0.28887916,0.051671993,0.0
Tarka,2013,-1.1676801,0.16427644,0.18666838,-0.28571206,-0.3527917,-0.062999934,0.0
Umuahia North,2013,-0.8701906,-0.68778086,-1.2464017,-0.27387342,-0.34435675,0.087264396,0.0
Odo Otin,2013,-0.18460286,-0.5775378,-0.7496494,-0.10366532,0.16522901,0.1111769,0.0
Ihiala,2013,-0.46181342,-0.65722847,1.2797178,-0.057093576,-0.26597124,0.13696255,0.0
Ilesha West,2013,-1.1102662,-0.43469265,-0.76422644,-0.26205406,-0.32862,0.114512555,0.0
Kaltungo,2013,-0.6313173,0.38536048,0.771191,0.041018967,-0.15667391,-0.045062087,0.0
Irepodun,2013,0.4681727,-0.30846086,0.17500909,-0.27928984,0.036772233,0.16432077,0.0
Ebonyi,2013,-1.1476724,-0.5939149,-1.2592494,-0.28455895,-0.28835782,-0.02536951,0.0
Lafia,2013,-0.79465544,0.41096863,0.36186883,0.09439152,-0.3424937,-0.10918831,0.0
Ijebu North,2013,0.30881742,0.23791651,-0.350438,0.22458835,-0.2686812,0.014157369,0.0
Ndokwa West,2013,0.5039794,0.6158274,-0.30029318,0.072620586,-0.23988622,-0.016948693,0.0
Ikeduru,2013,-0.66452116,-0.3370515,0.34970522,-0.24331354,0.05449505,0.13183832,0.0
Okehi,2013,0.9228934,0.72703695,-0.89176464,0.33468688,-0.06800901,0.099441186,0.0
Yamaltu/Deba,2013,0.031087419,-0.51725155,0.93290204,0.037682045,0.15191258,-0.07312533,0.0
Emure,2013,0.4460601,0.3394889,-0.06991204,-0.28165594,0.1535341,0.064054534,0.0
Ikere,2013,0.18188749,-0.6437272,-1.1776482,0.12289377,-0.16146475,0.103454694,0.0
Oguta,2013,-0.29239553,0.6084293,1.3139457,0.21914235,0.023270711,0.09955165,0.0
Konshisha,2013,-0.84934217,0.58374786,0.7922836,0.054017637,0.21991462,-0.0818469,0.0
Ejigbo,2013,-0.91425395,-0.21481408,0.080159105,-0.2515922,-0.08318614,0.06325853,0.0
Gwer West,2013,0.00630535,-0.0793801,0.2051447,0.09700616,0.343412,-0.099966034,0.0
Etung,2013,-0.9495085,0.64521164,-0.048092514,0.2561928,0.35213706,-0.11560462,0.0
Ekwusigo,2013,-0.38707298,-0.6059703,-1.2077025,-0.25921953,-0.3028759,0.114083275,0.0
Ijero,2013,0.7314585,-0.62146837,0.9285205,-0.085958935,0.319954,0.14417852,0.0
Ugwunagbo,2013,-0.9282116,-0.5049517,-0.27172512,-0.23050156,-0.21320803,0.10900375,0.0
Olorunda,2013,-0.003820004,-0.28060716,0.7289253,-0.2505969,-0.34123853,0.12043578,0.0
Nasarawa Egon,2013,-0.964453,0.6522523,1.143803,0.057103325,-0.28333786,-0.07794124,0.0
Ede North,2013,-0.9203624,-0.32938328,-1.2202321,-0.26060534,-0.31448546,0.121610016,0.0
Afikpo South,2013,-0.022634065,0.18768184,0.75726503,0.07530269,0.2372778,0.10646178,0.0
Oru West,2013,-0.9192131,-0.55670047,-0.07419116,-0.2435187,-0.20755975,0.1132,0.0
Anambra East,2013,0.19900672,0.62181306,1.3625834,0.2819184,-0.16382724,0.092771836,0.0
Vandeikya,2013,-0.020916034,-0.251847,0.23297958,-0.26814914,0.06963723,0.04938408,0.0
Atakunmosa West,2013,-0.9336872,-0.43647486,-0.7725031,-0.27153507,-0.2795602,-0.073028184,0.0
Ogbaru,2013,-0.7206709,0.5354556,-0.0517366,-0.008288147,-0.2974845,0.12603804,0.0
Ikwuano,2013,-0.26076055,-0.34249008,-0.29239792,-0.2524538,0.06954197,0.064582594,0.0
Keffi,2013,-0.7636102,0.17338264,0.61395997,-0.26489025,-0.3481885,0.08214724,0.0
Adavi,2013,0.4953021,0.44088176,-1.2128298,0.31882948,-0.3164619,0.121764876,0.0
Oru East,2013,-0.39151147,-0.22133668,-1.1815134,-0.23725177,0.05602416,0.14133403,0.0
Remo North,2013,-0.53803897,-0.5328486,-0.37158686,-0.12997335,-0.34245086,0.0037570216,0.0
Karu,2013,-0.9104242,0.57180876,-0.00020137997,0.1363819,-0.36379173,-0.13128187,0.0
Ikenne,2013,0.22148412,-0.48329422,1.2595389,-0.24031126,-0.3344855,0.12113292,0.0
Ila,2013,-1.192017,-0.053058587,-0.76669085,-0.28885734,-0.049500585,-0.04190445,0.0
Doma,2013,-0.8492807,-0.31325364,-1.2402424,0.2669517,0.32795334,-0.17292675,0.0
Nafada,2013,0.38678592,0.08875446,-0.050796103,0.15347281,0.33371586,-0.09485763,0.0
Gwer East,2013,-1.0291135,0.60484886,-0.3833387,0.04694664,-0.33282092,-0.13999008,0.0
Efon,2013,-0.5952018,-0.3044941,0.82287556,-0.24463305,-0.12947805,0.049703088,0.0
Ihitte/Uboma,2013,0.41669765,-0.24363483,0.16797163,-0.27588063,0.07965976,0.15524936,0.0
Ekiti West,2013,0.54960877,-0.15013629,-0.26344916,-0.2745542,-0.024532212,0.064282015,0.0
Atisbo,2013,0.40362772,0.5797413,-0.9765621,0.3442503,0.011322264,-0.16534509,0.0
Isu,2013,0.46824017,-0.7399888,0.18682693,-0.26972085,0.25999534,0.1621129,0.0
Ogbadibo,2013,-0.9150901,-0.641951,-0.28339586,-0.12240408,-0.21942621,-0.01463263,0.0
Atakunmosa East,2013,-0.93189514,0.17366157,-0.7880768,-0.27413383,0.3584759,-0.020681754,0.0
Akwanga,2013,-1.1925563,0.16335917,0.46806335,-0.14764215,-0.3803325,-0.10249338,0.0
Rafi,2013,-0.8137834,0.22566992,-0.5303397,0.20092437,-0.15960051,-0.14884134,0.0
Odukpani,2013,-0.6352617,-0.31606215,0.44914183,0.118989825,-0.32042903,-0.073439516,0.0
Gbako,2013,-1.0662487,-0.03613638,-0.5378974,-0.10797381,0.093581125,-0.121305354,0.0
Ukwuani,2013,0.38245606,0.52053094,0.041757625,0.12570725,-0.071062185,0.051596988,0.0
Awka South,2013,-1.038392,-0.47566697,-0.28913453,-0.24097444,-0.38901797,0.116607,0.0
Gurara,2013,-1.1153065,-0.16365659,0.3852373,-0.048585527,-0.352791,-0.098720536,0.0
Kontagora,2013,-0.24365813,-0.6329031,-1.0285333,0.2859346,-0.3247409,-0.16607156,0.0
Mashegu,2013,-0.25422424,0.7220626,-0.5746705,0.3412121,-0.15592222,-0.12533288,0.0
Wushishi,2013,-1.0172487,0.6394178,0.37864217,0.20508851,-0.19345322,-0.13470821,0.0
Shiroro,2013,-0.98949444,-0.14478984,-1.2244698,0.25176296,0.36836082,-0.16592659,0.0
Borgu,2013,-0.5426926,0.71871674,-0.76989293,0.35049278,0.050629128,-0.13914977,0.0
Lapai,2013,-1.105309,0.59642464,-0.55584335,0.15825324,-0.2534331,-0.13602719,0.0
Akoko South West,2013,0.19216725,0.60967207,-1.1584425,0.25346646,-0.16637126,0.14088736,0.0
Rijau,2013,-0.26567453,-0.26370293,-1.0059423,0.2337525,0.17649753,-0.183553,0.0
Chanchaga,2013,-0.22159256,-0.65715206,-1.2570037,-0.24936153,-0.32111964,0.16746281,0.0
Mariga,2013,0.13017747,0.69395626,-0.32800898,0.26914352,-0.16985618,-0.14001635,0.0
Munya,2013,-1.0296489,0.17057572,-0.533398,0.21758965,0.3490599,-0.15027222,0.0
Bosso,2013,-0.9521,-0.27212095,0.60424846,0.14246984,-0.3277822,-0.13157248,0.0
Suleja,2013,0.5511214,-0.24570833,-0.70883757,-0.2490278,-0.3304942,0.19300386,0.0
Paikoro,2013,-1.105966,0.1985635,-0.55375594,-0.054529052,-0.29203975,-0.12397539,0.0
Kanke,2013,-0.91733485,-0.30837867,-0.029646598,-0.15557934,0.08385712,-0.07298722,0.0
Jos North,2013,0.18445137,-0.6168975,-0.4793535,-0.25279978,-0.3196662,0.13912745,0.0
Jos East,2013,-0.7955691,-0.18114555,1.1230031,0.09254113,0.3727939,-0.09788656,0.0
Oredo,2013,0.23720506,-0.6272687,-0.6893462,0.23732996,-0.34589925,0.15467502,0.0
Patani,2013,0.5410019,0.389497,-1.1970687,0.059404,-0.11228969,0.0573936,0.0
Shendam,2013,-0.64599615,0.21034195,0.6869018,0.1340162,0.31261137,-0.12623958,0.0
Egor,2013,0.4602592,-0.60857797,-0.9909525,-0.26538965,-0.33786517,0.15855461,0.0
Langtang North,2013,-0.95565695,-0.06506482,0.21064833,-0.11924271,0.38340604,-0.05237669,0.0
Jos South,2013,-0.32607496,-0.19362451,-0.38347054,-0.25469905,-0.36603737,0.069192395,0.0
Mikang,2013,-0.5954164,-0.7274304,-0.732861,-0.13138616,0.32620594,-0.12208323,0.0
Barkin Ladi,2013,-1.0851535,-0.6619668,-0.2893748,-0.122396186,0.07068672,-0.09456213,0.0
Pankshin,2013,-0.7045513,-0.09191384,-0.026922097,0.016946912,0.052635524,-0.0729226,0.0
Bokkos,2013,-1.0505961,0.20970723,0.005425449,-0.10291223,0.39115557,-0.080218196,0.0
Wase,2013,-0.70801437,0.79232144,-0.019487107,0.307148,0.35701722,-0.11197578,0.0
Bassa,2013,-0.35898122,0.5144433,-0.7759313,0.19156078,-0.13407376,-0.06561296,0.0
Orumba South,2013,-0.49082583,-0.43639508,0.3992061,-0.24709578,0.25154752,0.14879131,0.0
Kanam,2013,-0.223265,-0.50631493,0.9734689,0.21943179,0.1571369,-0.15974464,0.0
Langtang South,2013,-0.77934337,0.3503693,-0.31301886,0.07068822,0.34068018,-0.12515235,0.0
Mangu,2013,-0.591324,0.2202185,-0.09658318,-0.030632555,0.049696557,-0.051310852,0.0
Tafa,2013,-1.1475841,-0.36087126,-0.8979758,-0.10991288,-0.34741873,0.09084066,0.0
Magama,2013,-0.31365013,0.22756916,-0.55663985,0.22223566,-0.19411111,-0.16195314,0.0
Agwara,2013,-1.0440626,-0.2968545,-0.54081976,0.19061293,0.34694394,-0.15192801,0.0
Riyom,2013,-0.61906755,-0.2699006,-0.6750191,-0.062174033,-0.19949841,-0.08291866,0.0
Rabah,2013,0.77823293,0.6083043,0.9791218,0.30366954,0.30578184,-0.13085432,0.0
Ikwo,2013,-0.9583954,0.48823866,0.9534298,-0.25659165,0.35801184,0.034159034,0.0
Safana,2013,0.20260237,0.7487582,-0.14396977,0.26714477,0.35217816,-0.0026878072,0.0
Ajeromi/Ifelodun,2013,1.0671316,-0.68288034,-0.5013019,-0.27305874,0.07532686,0.17263682,0.0
Koko-Besse,2013,0.1451695,-0.61346096,-0.1951409,0.16881463,0.024171473,-0.12517484,0.0
Epe,2013,0.38067856,0.17304942,-1.2604983,0.2466164,-0.34785083,-0.06662436,0.0
Sumaila,2013,0.9216229,0.28013828,1.2024949,0.2391171,0.3325736,-0.00998027,0.0
Ogori/Magongo,2013,-0.5408464,-0.48682112,-0.7238766,-0.24570735,-0.09729862,0.07576551,0.0
Amuwo Odofin,2013,0.011984852,-0.5088949,-1.2424929,-0.25223684,-0.35209054,0.16986951,0.0
Tsanyawa,2013,0.9195326,0.52216,-0.1608896,-0.2974652,0.22508158,0.004868541,0.0
Ibeju Lekki,2013,-0.71227986,-0.12272692,-0.36318076,-0.119500004,-0.3660313,0.028870998,0.0
Ajaokuta,2013,-0.52552116,0.19305074,-1.2361736,0.2281476,-0.13455333,-0.17063601,0.0
Irepo,2013,0.7103396,0.6318085,-0.6315532,0.33536398,0.10299245,-0.030854294,0.0
Isoko North,2013,0.6710035,-0.55777794,-0.6573928,-0.17253163,-0.10955158,0.045578662,0.0
Ezeagu,2013,-0.57441574,-0.48682544,0.9835294,0.054714892,-0.23716833,0.0076067606,0.0
Irele,2013,0.18390326,-0.072808474,-0.32244772,0.03326808,0.05081245,-0.066403605,0.0
Owo,2013,0.25157535,0.14099449,0.19808087,0.23716737,-0.24264368,-0.006987486,0.0
Dekina,2013,-0.97274435,-0.2783297,-0.64163095,0.039709043,0.14007644,-0.1211002,0.0
Akoko North East,2013,0.19770248,0.3486436,-0.8163122,-0.043977007,-0.13253322,0.09479406,0.0
Oluyole,2013,-0.22315054,-0.4190971,-0.6909612,-0.073016904,-0.34461656,0.058061626,0.0
Ogba/Egbema/Ndoni,2013,1.0060885,0.39193973,-0.3073964,0.22425234,0.35468772,0.08950736,0.0
Ovia South-West,2013,-0.2503311,-0.017397292,-0.96215755,0.2770299,-0.3124316,-0.16258787,0.0
Ndokwa East,2013,0.14380765,0.61111283,-0.2780124,0.18441859,-0.072240345,-0.14368625,0.0
Saki East,2013,0.51475614,0.5569858,0.47468343,0.29299614,0.09989877,-0.091615364,0.0
Onicha,2013,-0.2391809,-0.38606942,1.2444704,-0.27012655,0.34359723,0.08351606,0.0
Ethiope East,2013,0.95687824,0.033485215,-1.1862152,-0.17548291,0.06592324,0.12117977,0.0
Obi,2013,-0.5340051,0.5164139,-1.1792506,0.014771959,0.064129815,-0.071395464,0.0
Oyo East,2013,0.20527127,0.37532708,-1.1936096,-0.2567342,-0.16218038,0.11037914,0.0
Ivo,2013,-0.4663458,-0.5396464,1.3044066,-0.045483436,0.3586044,0.1082493,0.0
Etsako East,2013,0.0009559993,0.51766276,0.7619546,0.21946768,-0.07278815,-0.070300974,0.0
Oshimili South,2013,0.20291218,0.6130074,1.3245571,0.20526507,-0.32618144,0.1806392,0.0
Izzi,2013,-0.58208066,-0.1435693,-0.9317002,-0.15482743,0.11578959,-0.05159281,0.0
Isoko South,2013,1.0331926,0.59037894,-0.27465612,0.04818249,0.27124012,0.08611778,0.0
Ezza South,2013,-1.1360829,-0.4350232,0.75908536,-0.26949465,0.3858187,0.07745233,0.0
Ofu,2013,-0.67183244,0.18043332,-0.7405936,-0.053211603,0.093556255,-0.083144024,0.0
Aniocha North,2013,0.4445059,0.16621663,0.17720424,-0.16479221,-0.23628293,0.005103051,0.0
Aniocha South,2013,0.50601685,0.5553192,-0.293298,0.07677893,-0.36811954,-0.07057771,0.0
Igalamela-Odolu,2013,-0.93704844,0.5195412,-1.1907274,0.24959038,0.10465977,-0.16325624,0.0
Ibiono Ibom,2013,0.8721471,-0.3179985,-1.2560375,-0.28228658,0.05171921,0.114043474,0.0
Obot Akara,2013,0.6180106,-0.119380064,-0.8884056,-0.2652717,0.37343043,0.1384831,0.0
Ogo Oluwa,2013,-1.0739092,-0.70965856,-0.72623235,-0.29609865,-0.2609449,-0.096113734,0.0
Atiba,2013,1.0093691,0.41740286,-0.64040476,0.326613,-0.3118684,0.026055392,0.0
Ogbomosho South,2013,-0.21368395,-0.5943602,-0.6902001,-0.25773,-0.30075866,0.15682381,0.0
Ovia North-East,2013,0.10387065,0.559022,0.6995026,0.26689753,-0.36783764,-0.14357442,0.0
Afijio,2013,-0.24946551,-0.2483764,-0.6666347,0.05095996,-0.28899086,-0.088133566,0.0
Ogbomosho North,2013,-0.3856066,-0.6118039,-1.2206012,-0.2561043,-0.36047214,0.11899924,0.0
Ikwerre,2013,0.9579267,-0.6006065,-0.33708462,0.07062453,-0.35400125,0.008765209,0.0
Esit Eket,2013,0.45603812,0.07482106,0.38615254,-0.04992451,0.021087179,0.1118867,0.0
Obio/Akpor,2013,0.61405224,-0.77464443,0.04709737,-0.26404715,-0.454602,0.116509154,0.0
Etche,2013,0.8513473,-0.3653131,0.9979169,-0.16902472,-0.0079250485,0.059325323,0.0
Askira Uba,2013,-0.26734945,0.50733554,-0.8635033,0.28931674,0.2254926,-0.16269164,0.0
Gwadabawa,2013,0.64138645,-0.039235495,1.2714783,0.03372599,0.3436278,0.016739663,0.0
Hadejia,2013,0.8889346,-0.27423576,1.0513661,-0.2597051,-0.1195124,0.13480496,0.0
Kiri Kasama,2013,1.0396851,0.5083451,1.0147227,0.037648015,0.13339582,0.0002887714,0.0
Konduga,2013,0.80699116,0.60780853,0.21414495,0.33924538,0.0069469265,-0.14283958,0.0
Jere,2013,0.6142305,0.55136687,-0.4018656,0.23199555,0.14813054,0.039294805,0.0
Eti Osa,2013,-0.50894386,-0.48092458,-1.2288113,-0.24138449,-0.33361432,0.15598252,0.0
Kosofe,2013,0.5110685,-0.74228686,-1.247434,-0.27040994,-0.34529203,0.17498894,0.0
Ibadan North,2013,0.23817146,-0.57416433,-0.64858794,-0.2618265,-0.30740902,0.1632418,0.0
Akinyele,2013,-0.43503895,0.19248061,-0.88050026,-0.14384045,-0.33877552,0.10813337,0.0
Ido,2013,-1.1330792,0.37504703,-1.2401255,0.18914069,-0.37933016,-0.062360045,0.0
Ibadan North West,2013,0.36092514,-0.52960086,0.81589293,-0.25413665,-0.35394302,0.1328088,0.0
Ibadan South West,2013,0.25056505,-0.6068057,-0.64258206,-0.2610197,-0.2886425,0.18486808,0.0
Ibadan South East,2013,0.7370925,-0.7153402,0.5984119,-0.2688045,-0.33963993,0.15624197,0.0
Abeokuta South,2013,-0.52721906,-0.6095099,-1.2341616,-0.23946461,-0.37011188,0.15507542,0.0
Alimosho,2013,0.628228,-0.70065796,-0.04389986,-0.25774255,-0.34910288,0.15036666,0.0
Ifako/Ijaye,2013,0.19285035,-0.7229766,0.6168454,-0.22992308,-0.2108439,0.14022131,0.0
Ikorodu,2013,-0.64908016,-0.6585352,0.92859846,-0.25120926,-0.30939448,0.09531301,0.0
Ifo,2013,-0.53431284,-0.5839897,0.4938939,0.04441882,-0.20144121,0.1469052,0.0
Ikeja,2013,-0.7321294,-0.72384405,-1.2282052,-0.24974252,-0.3726588,0.14238706,0.0
Ewekoro,2013,-1.1955025,-0.30209032,1.0169083,-0.1073562,-0.349818,-0.11366317,0.0
Ojo,2013,0.5714407,-0.64124215,-0.97919583,-0.26608723,-0.33667228,0.16089964,0.0
Badagry,2013,-0.46473044,-0.72727513,1.325166,-0.2678171,-0.28239435,0.05434081,0.0
Obafemi Owode,2013,-1.1090028,-0.63740623,-0.8042198,-0.13630018,-0.3717823,-0.1078246,0.0
Ipokia,2013,-0.89697295,-0.19764507,-1.1899544,-0.13145222,0.37666884,0.024312219,0.0
Ohimini,2013,-1.1683311,0.15564635,0.19100976,-0.27611896,-0.35724276,-0.10334113,0.0
Ilorin West,2013,0.7908287,-0.49361205,-0.6608617,-0.27311832,-0.35679042,0.15161021,0.0
Asa,2013,-0.7926106,0.16401912,0.91484404,0.03999142,-0.3336187,-0.11656367,0.0
Eastern Obolo,2018,0.7558141,-0.13275301,0.9269804,-0.28228688,0.35973495,0.09540578,0.0
Ekeremor,2018,1.1031119,0.74886274,-1.1875403,0.27496877,0.32883564,-0.0025513002,0.0
Degema,2018,1.1839468,0.6146085,-0.48706913,0.4386865,0.37620088,0.18780132,0.0
Andoni,2018,1.145558,0.35857022,-0.74100333,0.042563584,0.337278,0.14561976,0.0
Akpabuyo,2018,0.47112423,-0.28134716,-0.355725,0.17100355,0.27263743,0.08367701,0.0
Oron,2018,0.698548,-0.024506243,1.2513444,0.36507717,0.16521463,0.20976096,0.0
Bakassi,2018,-1.0858512,0.3634493,-0.48924807,0.29848108,0.37300402,-0.06985778,0.0
Calabar South,2018,-0.39528823,-0.2501905,-0.8898743,0.31348607,-0.05626909,0.22619416,0.0
Udung Uko,2018,0.7570823,-0.2082957,0.5638103,0.04177633,0.34387422,0.160742,0.0
Southern Ijaw,2018,0.82650393,-2.4662106e-05,-1.0267314,0.28184903,0.31678906,-0.06971373,0.0
Iwajowa,2018,0.3732558,0.68412757,-1.2149565,0.36261365,0.30984864,-0.16951041,0.0
Ibarapa North,2018,0.4449172,0.4986798,-0.78716934,0.29309762,0.3175003,-0.12861708,0.0
Okrika,2018,1.108177,0.7001409,-0.9415278,0.44945657,0.2587503,0.16302167,0.0
Imeko Afon,2018,-0.47099227,-0.30085742,-1.2077854,0.30882725,0.30712134,-0.17587651,0.0
Ibeno,2018,0.41146594,0.51012653,0.56044024,0.09761336,-0.058738165,0.044227757,0.0
Nembe,2018,0.940778,0.66363794,-0.14448829,0.3079387,0.37432504,-0.003737281,0.0
Ilaje,2018,0.5873301,0.30121216,0.96127707,0.13784564,0.2283591,-0.0013580308,0.0
Brass,2018,0.85299283,0.4427733,-1.0108647,0.31639975,0.3270182,-0.021307472,0.0
Warri North,2018,0.82988733,0.55925506,-1.2210886,0.36062694,0.31818628,-0.17228846,0.0
Ese Odo,2018,0.7120081,0.64176714,-1.1976991,0.19353461,0.33060873,0.018703429,0.0
Jalingo,2018,-0.82987297,-0.6913507,0.40192068,-0.26056266,-0.3089269,0.06411006,0.0
Burutu,2018,1.0208439,0.7375703,1.1808926,0.28007928,0.32841635,-0.019916022,0.0
Girei,2018,-0.003993122,0.592357,0.70157117,0.15318106,-0.2911823,-0.09052732,0.0
Yorro,2018,-1.1149805,0.23071444,-1.2087253,0.14048909,-0.1622436,-0.14311074,0.0
Ardo-Kola,2018,-1.1635175,0.5690874,-1.218115,0.195228,-0.18826275,-0.15129216,0.0
Yola North,2018,-0.19319019,-0.48168352,-0.19275111,-0.24519725,-0.32736453,0.16588108,0.0
Yola South,2018,-0.24417265,0.531793,0.20853207,0.07621904,-0.3014529,-0.024377117,0.0
Mbo,2018,0.67683375,-0.30290797,1.2518089,-0.084251024,0.34983575,0.08261883,0.0
Lau,2018,-1.0051562,0.59241295,1.2087936,0.08065166,0.0102899335,-0.12606588,0.0
Ibarapa Central,2018,0.67020565,-0.2066109,-0.9506065,0.28676343,0.21494383,0.043019082,0.0
Abeokuta North,2018,-1.0081545,0.30054355,0.8240669,0.109789,-0.35611463,0.013324686,0.0
Bonny,2018,1.1723368,-0.49282542,-1.1793664,0.17020667,0.34016576,0.16393273,0.0
Warri South-West,2018,1.1089108,0.7517289,0.24142595,0.35542846,0.3649515,-0.043909945,0.0
Warri South,2018,0.18811978,0.23195729,-0.91330576,0.40048972,-0.035251368,0.19486834,0.0
Akuku Toru,2018,1.1720737,0.5538341,-1.1722403,0.3870177,0.3392058,-0.08126661,0.0
Isokan,2018,-0.161389,-0.1394418,0.42344105,-0.09947688,-0.11128236,0.07414261,0.0
Irewole,2018,0.2397768,-0.40118858,-1.0040553,-0.14227334,-0.26012334,0.1038695,0.0
Essien Udim,2018,1.0443046,0.51030505,-0.31376702,-0.23813239,-0.16411172,0.12854083,0.0
Onna,2018,0.6871269,-0.66058975,-1.2180543,-0.29183495,0.098017946,0.11199622,0.0
Udenu,2018,-0.6133395,-0.4190886,-0.90870756,-0.24704723,-0.26566967,0.11464401,0.0
Ogu Bolo,2018,1.1240869,0.5391374,-0.51451725,0.22489351,0.3424213,0.15567844,0.0
Enugu South,2018,-0.52316725,-0.32327443,-0.274681,-0.22331838,-0.3284369,0.18414637,0.0
Ikot Ekpene,2018,0.14894857,-0.49852413,-0.24304208,-0.24679609,-0.34764943,0.11583133,0.0
Nsit Ubium,2018,0.65587294,0.05379844,-0.15775596,-0.26190934,-0.12640531,0.11427073,0.0
Urue Offong/Oruko,2018,0.6385714,-0.40784216,1.3309938,-0.27654582,0.031071179,0.11718698,0.0
Abak,2018,0.72826105,0.0566613,0.3764354,-0.2541311,-0.25531584,0.116135694,0.0
Nkanu East,2018,-0.734279,-0.2665119,-0.93020314,-0.25201577,-0.06329653,-0.070157334,0.0
Igbo-Eze-South,2018,-0.6292213,0.030849697,-0.005833955,-0.2516087,0.17781958,0.14895026,0.0
Nsukka,2018,0.04066792,-0.35314873,1.1728531,-0.045536354,-0.13706553,0.09553283,0.0
Tai,2018,0.9067577,-0.13439293,-0.69996524,-0.24229267,-0.16263527,0.10955712,0.0
Ife North,2018,0.47754246,0.12443715,-1.2627167,-0.30415055,-0.07857218,0.06635334,0.0
Ayedade,2018,-0.73398274,0.16500324,-0.59860456,0.13333616,-0.112875246,-0.049932376,0.0
Ayedire,2018,-0.46551195,0.18007034,-1.1821902,-0.08101228,0.12774144,0.025256949,0.0
Ahoada East,2018,0.4816244,-0.07582006,-0.8574375,-0.2536609,-0.15718627,0.08919872,0.0
Iseyin,2018,0.23678339,-0.5088058,-0.7327116,0.3170065,-0.124413036,-0.11388882,0.0
Itesiwaju,2018,0.8170495,0.73890007,-0.17718461,0.28624246,0.017762719,-0.1252376,0.0
Kajola,2018,0.86535054,-0.79019296,-0.3251699,0.26033074,0.27616873,0.06392847,0.0
Nkanu West,2018,-0.021241596,-0.3703069,1.2870963,-0.2476654,-0.2384487,0.10168457,0.0
Afikpo North,2018,-0.69540036,-0.45392576,0.53271276,-0.24753027,0.3788609,0.11916259,0.0
Donga,2018,-0.9197491,0.5760578,-0.5078722,0.31950316,0.33241394,-0.14079395,0.0
Oji-River,2018,-1.1848935,-0.28690916,0.38313526,-0.26860708,-0.3068674,-0.02569014,0.0
Oyun,2018,-0.46020943,0.11872828,-0.76064354,-0.17343903,-0.09455537,-0.05126312,0.0
Ogbia,2018,0.7145915,0.3569539,-0.3052998,-0.018789813,0.08733342,0.0090638595,0.0
Asari-Toru,2018,1.135828,-0.7014319,-0.029555833,0.22636454,0.33988163,0.15283841,0.0
Uyo,2018,0.50580627,-0.8017659,-1.0270544,-0.2724824,-0.413377,0.11465428,0.0
Ikono,2018,0.7963788,-0.7500707,0.5687969,-0.30575424,0.024521539,0.09796948,0.0
Baruten,2018,-0.71046895,0.7765152,-1.1162269,0.38624316,0.048497446,-0.13178112,0.0
Lagelu,2018,-1.1020192,-0.05768968,-0.7477371,-0.27996653,-0.33067805,0.07635963,0.0
Idah,2018,-1.1650596,-0.7024576,0.37248856,-0.2611164,0.027519515,0.07255215,0.0
Machina,2018,-0.35861716,0.34929842,1.2136363,0.20430017,0.32254592,-0.14466406,0.0
Ibaji,2018,-1.1164811,-0.6591818,0.94862664,0.09553394,0.3453964,-0.11735147,0.0
Municipal Area Council,2018,1.0722933,0.13452797,-0.2883049,0.16737324,-0.34944147,0.12404061,0.0
Kaiama,2018,-0.7846633,0.70456725,-0.29532683,0.32261953,0.00050715415,-0.13784757,0.0
Bakura,2018,0.8939346,0.516901,0.60293055,0.30041194,0.055567045,-0.08270397,0.0
Nguru,2018,0.6920476,0.5355604,0.98465043,0.07898251,-0.14666508,-0.012141128,0.0
Gummi,2018,0.4936963,0.7210029,0.2134858,0.31395596,0.36154312,-0.1337512,0.0
Ajingi,2018,0.9583631,-0.6784196,-1.2153746,0.067959756,0.25781888,-0.001042824,0.0
Port-Harcourt,2018,1.0486023,-0.49392995,-0.08575254,-0.27255285,-0.3686905,0.16096476,0.0
Augie,2018,-0.33826318,0.2599584,0.18147023,0.15924048,0.20574965,-0.08562673,0.0
Kebbe,2018,0.64303076,0.70639646,1.2700878,0.31156176,0.14299631,-0.11392077,0.0
Surulere,2018,0.024582408,-0.0676313,-0.31866953,-0.095494784,0.03576765,-0.06663003,0.0
Ringim,2018,0.9272208,0.45984045,1.2365924,0.02671832,-0.014963617,-0.03636674,0.0
Emuoha,2018,1.0690664,0.570962,0.03353832,0.1529376,-0.33052862,0.03892408,0.0
Isi-Uzo,2018,-0.48194033,-0.43326345,1.3240261,0.052350998,0.34405753,-0.04479918,0.0
Yenegoa,2018,0.06361507,0.07723087,-0.9710845,0.10397412,-0.3064802,0.096116275,0.0
Ilorin East,2018,-0.104137376,-0.07395387,-0.7139652,0.14972737,-0.32269406,0.095061675,0.0
Alkaleri,2018,0.657637,0.6990583,0.43740404,0.30899528,0.22283167,-0.12751175,0.0
Omumma,2018,0.0019486932,-0.7374893,1.0762316,-0.27382532,0.3385594,0.05880751,0.0
Birnin Kudu,2018,0.9644854,-0.36526257,0.94576365,0.09584672,0.013209676,-0.032472517,0.0
Takum,2018,-1.1134238,-0.17336921,0.7797197,0.26615897,0.3590995,-0.12189378,0.0
Esan South-East,2018,0.108152926,0.43349767,-1.1705266,0.18272425,0.30867895,-0.0729038,0.0
Ifedayo,2018,-1.0490967,-0.5825531,-1.2451133,-0.2693634,0.38940617,0.026874494,0.0
Ori Ire,2018,-0.22811805,-0.08143599,-1.232861,0.26009288,-0.29050466,-0.17034638,0.0
Ifelodun,2018,-0.8750371,0.16358884,0.46731806,0.25859007,-0.17608736,-0.13420704,0.0
Maradun,2018,0.44833484,0.25824615,0.9506851,0.27257282,0.20221177,-0.13233055,0.0
Aninri,2018,0.5385366,0.3617487,0.49680093,-0.14237083,0.25270134,0.10345009,0.0
Abakaliki,2018,-1.1451294,-0.50398326,0.99567467,-0.24356386,-0.23394881,0.040866535,0.0
Pategi,2018,-0.54827183,-0.44486967,-0.051548034,0.26905018,0.044743583,-0.15203875,0.0
Biriniwa,2018,0.66847044,0.321296,0.9266906,0.06477312,0.22057821,-0.12351432,0.0
Ussa,2018,-1.1096438,-0.05933625,-0.6475347,-0.13341384,0.38146394,-0.09522347,0.0
Silame,2018,-0.25866243,0.19082066,1.3151054,0.094976716,0.32880104,-0.032943413,0.0
Takai,2018,0.8353155,-0.65519536,-1.034611,-0.17513506,0.036108743,0.028102841,0.0
Bwari,2018,0.63833493,-0.40911213,-0.3687634,0.12657128,-0.38792318,0.09357982,0.0
Edu,2018,-0.23163898,-0.051232204,-0.9671187,0.20589012,0.1118481,-0.13627946,0.0
Jema'A,2018,0.39829633,0.6125935,1.2793044,0.19714549,-0.16098863,0.00041785874,0.0
Gumel,2018,0.7377758,-0.6529962,1.0469551,-0.2911667,-0.08848541,0.061653785,0.0
Binji,2018,0.23097259,0.73001724,-0.7018109,0.30445898,0.34271452,-0.046082046,0.0
Kware,2018,0.03542832,-0.41141954,0.5917075,0.08842041,0.2706395,-0.035562243,0.0
Bunza,2018,-0.023995573,-0.06000232,1.0407412,0.1253094,-0.14264704,-0.09553056,0.0
Mopa-Muro,2018,-1.1324135,0.27118734,0.6695689,0.29277912,-0.09891861,-0.12819868,0.0
Sokoto North,2018,1.1224246,-0.7261274,-0.9682946,-0.26492414,-0.15913497,0.15381365,0.0
Musawa,2018,-0.61421746,-0.525856,0.9760187,-0.24946067,0.21273144,-0.043727677,0.0
Ethiope West,2018,0.80064034,0.0046506235,-1.1980867,0.17077965,-0.32181063,0.090097725,0.0
Ishielu,2018,-0.7668193,-0.35204336,-0.35099906,-0.2352618,-0.10962976,-0.056025207,0.0
Sakaba,2018,-1.0090121,0.6246705,-0.3523891,0.094570406,0.2815689,-0.12859794,0.0
Kudan,2018,0.032149356,-0.27302366,1.2543213,-0.27534935,-0.010804178,0.055940434,0.0
Kachia,2018,0.024242949,-0.06404724,0.1811729,0.26201895,-0.086500175,-0.14038289,0.0
Sabon Birni,2018,0.5853275,0.33141685,1.0807874,0.2061312,0.32114366,-0.119408555,0.0
Uzo-Uwani,2018,-0.5613338,0.79727966,1.1093342,0.105350785,0.34390572,-0.038460873,0.0
Jaba,2018,0.038193412,-0.58285373,1.2711613,-0.103634745,0.082501404,0.019749895,0.0
Ibesikpo Asutan,2018,0.49349523,-0.6595325,-1.2752981,-0.28479412,-0.34487027,0.097162746,0.0
Sokoto South,2018,0.8092495,-0.6179865,-0.38359594,-0.22602263,-0.19696815,0.15535392,0.0
Yabo,2018,0.9048971,0.7159897,-0.65231675,0.2533002,-0.07844871,-0.011389329,0.0
Damboa,2018,1.0462998,0.49778172,0.34596434,0.30886638,0.3185752,-0.16253877,0.0
Matazu,2018,-0.7158133,0.15187879,1.3252513,-0.26425263,0.36200997,-0.036709312,0.0
Sandamu,2018,-0.06124036,-0.7526613,0.8068445,-0.29450777,0.048172504,0.016780853,0.0
Mashi,2018,-0.037813887,0.025622837,1.2264926,-0.13815688,0.13432838,-0.04758478,0.0
Dan Musa,2018,-0.66847247,0.106402785,0.5965232,0.21171163,0.34304884,-0.08406404,0.0
Kura,2018,0.7215024,0.017248457,0.055341,-0.26333714,-0.2728484,0.116207115,0.0
Lere,2018,0.5204679,-0.39347583,-0.64904743,0.19540815,-0.15964262,-0.10935173,0.0
Zango,2018,0.46607167,-0.24979712,-1.2511702,-0.3195953,0.20497783,-0.026236907,0.0
Wurno,2018,0.8125084,0.66996026,1.0359159,0.09366387,0.33352643,0.038752668,0.0
Gudu,2018,0.4167174,0.71708924,0.78742135,0.28885636,0.31149915,-0.124488294,0.0
Gwiwa,2018,0.6737019,0.07839319,1.0611563,-0.30225915,0.14616983,0.0021170562,0.0
Birnin Kebbi,2018,0.008895591,-0.6633246,0.67887086,0.050586957,-0.23900147,-0.023718921,0.0
Suru,2018,-0.519841,0.4996764,1.3078953,0.13840517,0.063404515,-0.104130246,0.0
Numan,2018,-0.9109097,-0.043697592,-0.7912155,0.15238158,-0.22113867,-0.111195475,0.0
Biu,2018,0.7867124,0.7389482,-0.26790497,0.34348175,0.3758213,-0.121965,0.0
Kaduna South,2018,0.88201255,-0.6820963,0.06662683,-0.26477426,-0.3454313,0.16566473,0.0
Dikwa,2018,0.9029836,0.7014529,-0.3604423,0.3362398,0.37282196,-0.1416257,0.0
Zaria,2018,0.8873839,-0.19835487,0.8776115,-0.071145505,-0.22304392,0.15162165,0.0
Kalgo,2018,-0.60701776,0.3839215,1.2953678,0.009950603,-0.19160894,-0.052306887,0.0
Yankwashi,2018,0.7485071,-0.7156942,0.3631904,-0.30294073,0.25376588,-0.014230021,0.0
Kaura,2018,0.7107582,-0.2604696,-0.5116524,-0.024708569,0.111176975,0.08257625,0.0
Lamurde,2018,-0.2044633,-0.2405347,1.3150139,0.090706564,-0.13319786,-0.110711284,0.0
Monguno,2018,-0.027925424,0.6874345,-0.32113478,0.28866237,0.34187302,-0.14394489,0.0
Enugu East,2018,-0.33421233,-0.54237616,-0.9375466,0.069236286,-0.35607493,0.1321741,0.0
Ngala,2018,1.1664497,0.7390721,-0.3201644,0.37038553,0.39317274,-0.029517377,0.0
Gubio,2018,1.1805667,0.74570006,-0.6534819,0.36857498,0.36253127,-0.123249024,0.0
Yagba East,2018,-0.28558475,0.5012395,0.7920718,0.24249831,0.23024224,-0.087460786,0.0
Chibok,2018,-0.5725748,0.21481043,-0.35509834,0.18581972,0.31625792,-0.14211091,0.0
Tureta,2018,-0.06159405,0.73595136,0.98503244,0.30997247,0.03956167,-0.12288295,0.0
Gashaka,2018,-0.5076214,-0.30812418,0.66881424,0.30631274,0.030816851,-0.12917578,0.0
Bauchi,2018,0.11849581,0.43301687,-0.25978625,0.18687606,-0.33394265,-0.04549842,0.0
Hawul,2018,0.15141818,-0.2107177,-0.95597816,0.20950864,0.29193202,-0.1651799,0.0
Uruan,2018,1.0034479,0.50914377,-0.50978714,0.21287172,0.024341302,0.13983308,0.0
Mayo-Belwa,2018,-0.9882365,-0.5259641,1.2296715,0.039325755,-0.11085049,-0.17857705,0.0
Mubi South,2018,-0.77310663,-0.29435176,1.0450239,-0.25770107,0.0077210367,-0.02000283,0.0
Etsako West,2018,-0.074545145,0.38185623,0.42617238,0.17469716,-0.34497175,-0.0024858294,0.0
Fune,2018,0.9077046,0.53188056,0.36564946,0.30243573,0.09115873,-0.15366088,0.0
Mobbar,2018,1.1654419,0.7468244,-0.8044593,0.37126464,0.3513482,-0.14625606,0.0
Potiskum,2018,1.0136794,0.5424896,-0.94766355,0.068656944,-0.1649614,0.11917496,0.0
Gwoza,2018,1.0755607,0.6850323,-0.33675683,0.34294373,0.3626027,-0.13630353,0.0
Guzamala,2018,1.0663205,0.5729747,-0.32477877,0.34136578,0.3591634,-0.16788794,0.0
Maiha,2018,-0.7405345,0.74221784,1.3173083,0.18349828,0.21992283,-0.124366246,0.0
Gulani,2018,-0.24263981,0.5169219,0.42448926,0.2633713,0.31771713,-0.14660285,0.0
Zing,2018,-0.75617373,-0.2600261,1.3260404,-0.10364062,0.018056389,-0.058708552,0.0
Orelope,2018,0.64414907,-0.20119177,-0.71588755,0.31014046,0.11095434,-0.09207227,0.0
Nsit Ibom,2018,0.64780545,-0.18285508,-1.2334139,-0.25786194,-0.17578302,0.11049904,0.0
Fufore,2018,-0.7181888,-0.14470397,0.34696287,0.21149333,0.24656665,-0.14509301,0.0
Mkpat Enin,2018,0.77979404,-0.61163074,-1.0334829,-0.30387062,0.075907834,0.09301058,0.0
Owan West,2018,-0.49064896,0.46374393,-0.606322,0.26624003,-0.15947138,-0.037781693,0.0
Kaga,2018,0.8610586,0.15928087,-0.3816874,0.31906018,-0.14272638,-0.14354347,0.0
Karim Lamido,2018,-1.0984852,-0.39831045,0.6131322,0.27647606,0.34713414,-0.12668094,0.0
Kukawa,2018,1.130131,0.7528902,-1.1523468,0.36544284,0.3248253,-0.16376574,0.0
Gombi,2018,-0.58435464,0.6281873,0.3749156,0.23310827,-0.023059893,-0.13168539,0.0
Guyuk,2018,-0.2406976,-0.14263968,0.23722483,-0.050912637,0.24053371,-0.017160207,0.0
Tudun Wada,2018,1.0580624,0.53022116,0.78576344,0.25247175,0.2062767,0.0037058957,0.0
Saki West,2018,-0.23078261,0.7550336,-1.2052319,0.36207134,-0.1238542,-0.020790324,0.0
Toungo,2018,-1.0844238,0.54482836,0.5236472,0.31190994,0.17119116,-0.11593472,0.0
Abua/Odual,2018,1.1556432,0.709231,-1.1658944,0.13588968,0.32667905,0.15482843,0.0
Bungudu,2018,-0.017546086,0.44495544,0.07195871,0.10973497,-0.1616627,-0.08362591,0.0
Shani,2018,-0.25201198,0.13691598,-0.5463626,0.11218559,0.30389068,-0.1331557,0.0
Shagari,2018,0.6226702,0.6762839,-0.6530366,0.314654,0.0018106055,-0.06985894,0.0
Yunusari,2018,0.02510236,0.38824487,0.3413034,0.28214392,0.32441455,-0.14008555,0.0
Ganye,2018,-0.5875812,-0.03518296,0.44203565,0.21542074,-0.0026329088,-0.12285495,0.0
Jada,2018,-0.6760442,-0.2734042,-0.5507718,0.25580457,0.103066765,-0.15223226,0.0
Bali,2018,-0.68888026,-0.3021876,0.58829314,0.3279272,0.15849836,-0.12220845,0.0
Shelleng,2018,-0.26659033,0.2381882,0.47366002,0.1150299,0.15812364,-0.09334355,0.0
Okitipupa,2018,0.55482423,0.5612072,-0.730564,0.20249812,-0.2061387,0.07901973,0.0
Bayo,2018,-0.34533146,0.1645354,0.20567092,0.10364837,0.320494,-0.13542014,0.0
Ikot Abasi,2018,0.49314862,0.15548944,0.19104284,-0.25816014,-0.21648003,0.083698444,0.0
Maiduguri,2018,1.0750257,-0.7054769,-0.9318376,-0.269701,-0.089200415,0.14901292,0.0
Gujba,2018,0.96584666,0.73753744,0.35683808,0.31909454,0.33306736,-0.14297298,0.0
Esan North-East,2018,0.24146041,-0.09101008,-1.1805376,0.14323777,-0.0031821006,0.062034957,0.0
Tafawa-Balewa,2018,-0.100170545,0.16863766,1.0158329,0.11640893,0.12889968,-0.096419975,0.0
Nangere,2018,-0.93631,0.30440056,0.07222913,-0.11152633,0.055018142,-0.12148525,0.0
Ika,2018,0.20510606,-0.6445589,0.58181137,-0.2521603,0.3412374,0.09154307,0.0
Dambam,2018,0.20456761,-0.2940987,-0.5259724,0.06165036,0.11571404,-0.09671952,0.0
Ganjuwa,2018,0.019334082,0.6736496,0.14958239,0.2339768,0.10843737,-0.1404032,0.0
Nganzai,2018,1.0941373,0.16846478,-0.32843882,0.35513902,0.3665785,-0.15615949,0.0
Ahoada West,2018,1.0625883,0.1787136,0.56683034,0.06356101,0.036530547,0.14693935,0.0
Song,2018,-0.48297626,-0.6608326,-0.7543749,0.2580527,-0.079630785,-0.17812373,0.0
Oshimili North,2018,0.6370198,-0.1852105,-0.8633705,0.069607,-0.34979978,-0.012655243,0.0
Gokana,2018,1.0427283,-0.7057072,0.88915217,0.07820022,0.031207452,0.14372376,0.0
Bukkuyum,2018,0.8234277,0.72150433,1.2004012,0.30341431,0.32418567,-0.113611974,0.0
Damaturu,2018,-0.020134766,0.6843222,-0.0520145,0.29974842,-0.33702263,-0.14224933,0.0
Geidam,2018,0.6958432,0.74098426,0.35147315,0.31888217,0.35005096,-0.12599456,0.0
Tarmuwa,2018,0.4113981,0.68015885,0.35700274,0.30579254,0.31736174,-0.14786021,0.0
Madagali,2018,-0.25050572,0.5626657,0.6179897,0.09210013,0.3213441,-0.04534063,0.0
Michika,2018,-0.9680903,-0.24065709,0.7739874,-0.25558898,0.074370824,-0.059910536,0.0
Mubi North,2018,-0.6896144,0.18881075,-0.71202713,-0.052497096,-0.13615741,-0.038495705,0.0
Owan East,2018,-0.09145106,0.15813667,0.57035315,0.20182958,0.102930404,-0.09272875,0.0
Hong,2018,-0.8059275,0.4264741,-0.63093054,0.2535501,-0.2328707,-0.15112717,0.0
Nassarawa,2018,1.024269,-0.64850944,1.0233536,-0.2454516,-0.22745082,0.12435538,0.0
Sabuwa,2018,-0.22819813,0.34391767,0.9651725,0.20933422,0.32066867,-0.018169675,0.0
Ohaozara,2018,-0.5669201,-0.47025925,-0.8215891,-0.11647754,0.35828328,0.13090993,0.0
Kaura Namoda,2018,0.4111752,-0.52843696,0.16816904,0.12475692,0.06392434,0.021198716,0.0
Dutsi,2018,-0.48131025,-0.5668897,0.85409003,-0.27237388,0.15674554,-0.010669959,0.0
Kabo,2018,0.54442936,-0.41071543,0.1691609,-0.28939217,0.08503544,0.07429436,0.0
Dandume,2018,-0.51974374,0.13720134,1.3002921,-0.25378513,0.33344263,-0.007504994,0.0
Dawakin Tofa,2018,0.14245892,-0.27800503,-0.9219888,-0.2763581,0.18643837,0.13001259,0.0
Gezawa,2018,1.1193737,-0.25950256,-0.26980206,-0.042379446,-0.04665896,0.14029405,0.0
Bodinga,2018,0.77566046,-0.64447045,1.1901362,0.21205373,-0.14297934,-0.0015048506,0.0
Zurmi,2018,0.6879686,0.15865596,1.1957965,0.21322839,0.32307246,-0.08973874,0.0
Warawa,2018,1.0327494,-0.35179,0.38892913,-0.29046872,-0.009367516,0.081865184,0.0
Tangaza,2018,-0.056449622,-0.029826617,0.7756747,0.2364328,0.31118083,-0.13843545,0.0
Maigatari,2018,1.0448843,0.721665,0.8514076,0.09582485,0.21934006,-0.00744525,0.0
Danja,2018,-0.6560328,-0.50155187,1.1956533,-0.25639609,0.21374552,-0.045196675,0.0
Fagge,2018,0.07523427,-0.62454766,0.7336155,-0.24218203,-0.34303242,0.16054834,0.0
Jibia,2018,-0.047817606,-0.08191958,0.48087537,0.04696089,0.21290137,-0.06376965,0.0
Eleme,2018,1.0899419,-0.62133974,-0.38953298,-0.2638616,-0.34223974,0.120050885,0.0
Bebeji,2018,0.98081154,0.31837934,1.1597412,0.010066497,-0.2588605,0.030037165,0.0
Rano,2018,1.0232763,0.57962185,1.2243024,-0.093327664,0.32699975,0.09884081,0.0
Tarauni,2018,0.7775515,-0.7449226,-0.9494623,-0.26606593,-0.3137039,0.15179929,0.0
Etinan,2018,0.9691266,-0.35595044,1.3177614,-0.26128474,-0.08472927,0.11629301,0.0
Yewa South,2018,-0.25426733,0.15351138,-1.2161766,-0.051551804,0.09435504,-0.009305491,0.0
Argungu,2018,0.40280247,0.17610334,1.0779792,0.12022992,-0.05747214,-0.024523104,0.0
Kiru,2018,1.0330615,-0.38564652,1.2622004,0.04677208,0.14618927,0.03734276,0.0
Batagarawa,2018,-0.48864856,0.20810197,0.5887348,-0.2380792,-0.114045195,0.040613037,0.0
Bomadi,2018,0.66304684,-0.16288577,-1.2649559,-0.17413673,0.38359398,0.13181753,0.0
Kwaya Kusar,2018,-0.7739139,0.4161485,-0.35515136,0.098763764,0.34489807,-0.13116936,0.0
Igbo-Etiti,2018,-0.19296122,-0.3686021,-0.036056496,0.13179791,0.0004970361,0.11951453,0.0
Doguwa,2018,0.7212643,0.5118286,1.250306,0.28748205,0.31833974,-0.069872655,0.0
Bade,2018,0.78152823,0.5311302,0.55507267,0.28033492,0.030714149,-0.06845481,0.0
Itu,2018,1.0351678,-0.2849421,1.27817,-0.17445669,-0.3398691,0.12277409,0.0
Bama,2018,1.0789415,0.41243327,-0.30567372,0.3384755,0.35851613,-0.17172784,0.0
Gada,2018,0.8386509,0.16041148,0.40051028,0.0216667,0.3337849,-0.052948043,0.0
Gusau,2018,0.42514724,0.29818565,0.6227851,0.27175015,-0.3552968,-0.039513215,0.0
Lagos Mainland,2018,0.23788035,-0.716661,-0.9613807,-0.25060418,-0.286252,0.17462948,0.0
Kaita,2018,0.09079336,0.057500858,0.3456657,-0.10455936,0.33923078,-0.0003618381,0.0
Minjibir,2018,1.0705376,-0.23339488,0.8138966,-0.282034,0.2457351,0.13543129,0.0
Ini,2018,0.60803044,0.11324235,-0.72237486,-0.1683872,0.23152383,0.013007692,0.0
Talata Mafara,2018,0.2058436,0.16720904,0.49273282,0.16902538,-0.07463117,-0.065536305,0.0
Gwandu,2018,-0.1703461,-0.06111701,1.3488811,0.15180646,-0.081272505,-0.0387746,0.0
Birnin Magaji-Kiyaw,2018,0.39381227,0.13614255,0.71227366,0.24647215,0.3120782,-0.03667293,0.0
Shanono,2018,0.712558,-0.18699962,0.7850899,-0.2885702,0.34851182,0.023374418,0.0
Rogo,2018,1.0394754,0.15786438,0.67995566,0.040996946,0.30644375,0.02659283,0.0
Batsari,2018,-0.29727882,-0.17189582,0.8529238,0.09693401,0.33090395,-0.03279404,0.0
Eket,2018,0.07851707,-0.76357627,0.5416221,-0.2537033,-0.29682073,0.095640786,0.0
Okobo,2018,0.8233359,-0.5163729,-0.5214304,0.21275161,0.22262822,0.1050241,0.0
Kano Municipal,2018,1.0892984,-0.58513844,-0.29971495,-0.23503453,-0.1867188,0.15790074,0.0
Bursari,2018,-0.06375851,0.7049164,1.1218305,0.2830081,0.31026784,-0.12179148,0.0
Maiyama,2018,0.40568912,0.37567404,1.289304,0.17805772,-0.15843697,-0.05681741,0.0
Lagos Island,2018,0.24256246,-0.71899474,-1.2268255,-0.25871384,-0.31602466,0.17682286,0.0
Madobi,2018,0.96261704,0.0034161836,-0.2688887,-0.25521943,0.26134527,0.0850017,0.0
Miga,2018,0.8163399,0.29286435,0.59254,-0.08898574,0.1424872,-0.008361816,0.0
Rimi,2018,-0.44607967,-0.14494991,0.8243445,-0.24877207,0.041610986,0.039755084,0.0
Gabasawa,2018,1.0589148,-0.2870652,-0.95258117,-0.17209543,0.24417391,0.094003245,0.0
Aleiro,2018,-0.5393836,0.22543392,1.1927298,-0.2574137,-0.16320312,0.004331487,0.0
Ungogo,2018,0.9764034,-0.409262,0.9631689,-0.27044913,0.01636223,0.13535179,0.0
Tambuwal,2018,0.56759286,-0.35603014,1.3016601,0.23113343,-0.010257938,-0.11503895,0.0
Jega,2018,0.43124786,0.30632576,0.90822506,0.13179927,-0.22030589,-0.025881635,0.0
Katsina,2018,0.5006162,-0.15048526,-0.6422034,-0.27126238,-0.3344593,0.16584097,0.0
Dawakin Kudu,2018,1.0510429,0.37827158,0.7717199,-0.13062589,-0.2061551,0.118459605,0.0
Arewa Dandi,2018,-0.3685921,0.5774323,1.1579928,0.21823315,0.19285871,-0.14602318,0.0
Etim Ekpo,2018,0.7582714,-0.36042953,0.56233644,-0.26385367,-0.2043277,0.08488062,0.0
Albasu,2018,0.9692562,-0.23317929,1.1579739,-0.18754598,0.18175878,0.0811859,0.0
Marte,2018,1.0222712,0.57049155,-0.3245079,0.34193566,0.3587972,-0.16519175,0.0
Kumbotso,2018,0.9306706,-0.4854142,0.069049776,-0.26541466,-0.3385103,0.12943937,0.0
Kazaure,2018,0.99153024,0.15123126,1.2206298,-0.28085044,0.060849417,0.066442445,0.0
Malumfashi,2018,-0.4619323,-0.22616167,-0.026931461,-0.2551378,-0.16951676,-0.07004113,0.0
Udi,2018,-0.48819378,0.16619153,1.3046631,0.02694333,-0.26988736,0.077763535,0.0
Dutse,2018,0.6251454,0.34045035,0.7570548,0.03831007,-0.2728368,-0.011620491,0.0
Gwaram,2018,0.41229746,0.53288484,0.46984795,0.03546648,0.06003516,-0.07393255,0.0
Zangon Kataf,2018,0.7979348,0.5213441,0.7009352,0.2833992,0.08587568,-0.08006357,0.0
Kiyawa,2018,0.57190025,-0.35086703,1.274797,-0.05849408,0.044379037,-0.0710881,0.0
Zaki,2018,0.0007540873,0.3929737,1.0334057,0.037794046,0.12329256,-0.100954466,0.0
Opobo/Nkoro,2018,1.1651769,-0.59623796,-0.37109002,-0.06187651,0.38870746,0.16188926,0.0
Shira,2018,0.51572084,0.28179708,0.40015304,-0.101868525,0.24711372,-0.05024635,0.0
Dass,2018,-0.58953404,-0.06379251,-0.15655273,-0.10178541,0.16114506,-0.08157063,0.0
Enugu North,2018,-0.9391481,-0.72475684,-0.99359363,-0.25582728,-0.3473374,0.1506521,0.0
Buji,2018,0.21545531,-0.17462589,0.36706161,-0.107000306,0.34036484,-0.056427337,0.0
Ukanafun,2018,0.51136464,-0.2432245,0.6196911,-0.119253814,0.27802205,0.10750647,0.0
Agaie,2018,-0.74399763,0.55233526,-0.0075335014,0.14037383,-0.16067839,-0.13759546,0.0
Bagwai,2018,0.22014351,-0.27405068,0.24261756,-0.2619531,0.37062985,0.060289443,0.0
Kajuru,2018,-0.4151774,0.20741569,-0.28606427,0.24102072,0.07453898,-0.14074297,0.0
Katcha,2018,-1.0959122,0.56000286,1.1231011,0.091616586,-0.3449333,-0.137503,0.0
Kafur,2018,-0.2674613,-0.5805637,-0.80938375,-0.28935772,0.2426167,-0.09130485,0.0
Wasagu-Danko,2018,-0.059997313,-0.3960663,0.9448332,0.19603454,0.20135948,-0.14636314,0.0
Bida,2018,-0.7055964,0.17144595,-0.7458464,-0.279034,-0.34280276,-0.011156859,0.0
Kirfi,2018,0.031105738,0.74819076,0.9652454,0.26775908,0.02201757,-0.12407321,0.0
Dandi,2018,0.53606606,0.62278545,0.9925897,0.22274859,0.019078575,-0.1411889,0.0
Bagudu,2018,0.5181682,0.70449585,1.2487959,0.30091298,0.14707479,-0.12650487,0.0
Kankara,2018,-0.3971439,0.36516643,0.99271035,0.045239374,0.32890046,-0.01397461,0.0
Itas/Gadau,2018,0.5251616,-0.47185642,1.2682261,0.08320039,0.1627809,-0.07521836,0.0
Apapa,2018,0.7099404,-0.62348086,0.17495051,-0.25990024,-0.30343705,0.15767315,0.0
Ondo East,2018,0.6870203,0.5667751,0.227844,-0.060590383,-0.28028125,-0.01192008,0.0
Warji,2018,-0.23852839,0.13214117,-0.06120866,-0.062130965,0.3341731,-0.03333632,0.0
Katagum,2018,0.77406144,0.06957983,0.87665176,0.08807275,-0.17623971,-0.022316467,0.0
Mani,2018,-0.23194282,-0.43248242,-0.56463265,-0.2836453,0.23440678,-0.045069117,0.0
Sanga,2018,-0.9635851,0.2911128,0.56297576,0.101708256,-0.17046987,-0.12507074,0.0
Bogoro,2018,-0.61095834,0.20621906,0.43517733,0.08059782,0.15073808,-0.09421601,0.0
Fika,2018,-0.3241971,-0.11392727,-1.0028572,0.18604735,0.25495806,-0.165956,0.0
Kuje,2018,-0.0121482415,0.13945529,-0.11148499,0.12007857,-0.11039786,-0.10273986,0.0
Sule Tankarkar,2018,0.67140746,0.06216588,1.2313807,0.072862186,0.14543,-0.099042065,0.0
Ibadan North East,2018,0.39756364,-0.7458359,0.9512599,-0.24735391,-0.24179904,0.10795408,0.0
Bindawa,2018,-0.6596257,-0.06190197,1.3097773,-0.26848722,0.2941502,0.007146586,0.0
Ilorin South,2018,-0.2582107,-0.36347938,-1.2673882,-0.13009591,-0.3498395,0.11811438,0.0
Gamawa,2018,0.9119016,0.5539692,-0.6552379,0.23718266,0.15734881,-0.09220806,0.0
Kafin Hausa,2018,0.9458943,0.549412,1.155867,0.07478728,0.1858859,-0.023977168,0.0
Ado Odo/Ota,2018,-0.49653232,-0.5256224,-0.8870661,-0.092860594,-0.25847667,0.13078405,0.0
Garko,2018,1.0534976,0.22392638,0.60140157,-0.07674641,0.25801313,0.06419465,0.0
Kubau,2018,0.526603,0.547096,0.40194622,0.16670945,0.068801895,-0.101244174,0.0
Wukari,2018,-0.77781445,0.521821,-0.6615465,0.2542769,0.31690446,-0.14107314,0.0
Gwarzo,2018,0.91218585,-0.20409018,0.80282956,-0.29553244,-0.006290198,0.08305224,0.0
Oyigbo,2018,-0.31439608,0.32927707,-1.2376893,-0.2784145,-0.28964934,0.05827966,0.0
Ughelli South,2018,0.70168585,0.5232543,-0.8772731,0.060762305,0.18229541,0.03708819,0.0
Fakai,2018,-0.60829425,0.5322767,0.39095965,0.1402947,0.2292668,-0.122240975,0.0
Kaugama,2018,0.8001627,-0.29181322,1.2817203,0.102423966,-0.026649656,-0.05837333,0.0
Esan Central,2018,0.012568672,-0.06191209,-0.027814444,-0.2569575,-0.1605162,0.060698316,0.0
Goronyo,2018,0.7067885,0.5168965,0.8200185,0.26934052,0.31621745,-0.114148125,0.0
Ibarapa East,2018,0.32323724,0.39439824,-0.72858906,0.10442732,-0.14965339,-0.04353759,0.0
Ikpoba-Okha,2018,0.16253565,0.67416584,-0.6823168,0.32471314,-0.36808527,0.15148428,0.0
Awgu,2018,0.4107526,-0.47974253,-1.2707599,-0.2861061,-0.30655032,0.059923403,0.0
Olorunsogo,2018,-0.66458154,0.40811113,-0.7530451,0.32655516,0.06131743,-0.1359855,0.0
Kabba/Bunu,2018,-0.34218982,0.7336228,-0.93394274,0.38783625,-0.27717093,-0.13899711,0.0
Ningi,2018,0.66855776,0.70587194,0.901492,0.28588066,0.22226198,-0.10228146,0.0
Kurmi,2018,-0.9312278,-0.5091574,-0.1551421,0.36939514,0.3552033,-0.15948626,0.0
Bakori,2018,-1.0746161,-0.28797993,1.1376578,-0.24934067,-0.106463395,-0.05061519,0.0
Nsit Atai,2018,0.7842992,-0.7448316,0.57541746,-0.30453554,0.06218504,0.06656578,0.0
Kankia,2018,-0.5349144,0.16353051,0.76396966,-0.2700877,0.038928654,-0.061399825,0.0
Gagarawa,2018,0.4659188,0.14275804,1.2209079,-0.10505273,0.14282438,-0.07152234,0.0
Giade,2018,0.46184957,0.3867612,-0.98375714,-0.07679694,0.27193156,-0.03159693,0.0
Iguegben,2018,-0.50600123,-0.28935966,0.5788904,-0.037129905,-0.09026553,-0.060299214,0.0
Akure North,2018,-0.49880743,-0.5751925,1.2228656,0.02507114,-0.35639924,-0.07387055,0.0
Khana,2018,1.0555017,-0.6599789,-1.1958151,-0.19681524,-0.0057480386,0.118500695,0.0
Oruk Anam,2018,0.9768307,-0.1807542,-0.3364916,-0.060977004,-0.039470725,0.07249082,0.0
Misau,2018,0.7807632,0.14478233,-0.8224472,-0.049794924,0.17901973,0.013929773,0.0
Kolokuma/Opokuma,2018,0.44344166,-0.30994633,-1.0181339,0.12797052,-0.16867204,-0.03013251,0.0
Karaye,2018,0.78541666,-0.6797893,1.2846379,-0.14108151,0.34234017,0.05880718,0.0
Sagbama,2018,0.44961858,0.5430457,-0.31284192,0.08523645,0.13197899,-0.027982024,0.0
Garki,2018,0.7964452,0.35008082,0.51238644,0.09770845,0.29636034,-0.08744581,0.0
Mai'Adua,2018,0.055979278,-0.2898961,1.1399192,-0.05323935,0.1350121,0.050872523,0.0
Ezza North,2018,-0.4370131,-0.5938068,0.6307539,-0.279613,0.16882987,0.031296402,0.0
Ibi,2018,-0.7987409,0.76223695,0.4813843,0.29043567,0.3753408,-0.13119575,0.0
Omala,2018,-0.7067355,0.6161497,1.330204,0.15429488,0.32701105,-0.134026,0.0
Ile Oluji/Okeigbo,2018,-0.8942132,-0.27800992,-1.2084036,-0.15639989,-0.32245508,-0.052698523,0.0
Baure,2018,0.07637396,-0.5394176,1.0254594,-0.1368419,0.23839803,-0.025359463,0.0
Dutsin Ma,2018,-0.21330795,-0.12848936,0.8542045,-0.1523665,0.22404271,-0.014670369,0.0
Uhunmwonde,2018,-0.713717,0.18221645,-0.47682163,0.19043729,-0.37657273,-0.15196417,0.0
Taura,2018,0.7640878,-0.00043749483,0.7284011,-0.08137257,-0.15658802,-0.04967769,0.0
Ughelli North,2018,0.63122064,-0.09651975,-0.9482786,0.15543808,-0.34732103,0.12413979,0.0
Orhionmwon,2018,0.41804457,0.34705028,-0.9723503,0.24093512,-0.15785661,-0.16535112,0.0
Soba,2018,0.62413484,0.5388597,1.2915809,0.12841943,0.0744033,-0.049669735,0.0
Karasuwa,2018,0.6579042,0.62078047,0.37926963,0.21383086,0.0490618,-0.13269053,0.0
Ondo West,2018,0.8082878,0.17073792,-0.7672441,0.24587668,-0.15476176,0.12423009,0.0
Ika South,2018,0.166522,-0.5206352,-1.2289436,-0.11175362,-0.33539712,0.10007892,0.0
Oye,2018,0.063308924,-0.51540536,1.0272279,0.09338046,0.21819541,-0.018196233,0.0
Bichi,2018,0.6971896,0.20927511,1.2816021,-0.28568876,0.22526817,0.05911201,0.0
Kwali,2018,0.06606017,-0.28546897,0.32240516,0.052007522,-0.27396536,-0.07850986,0.0
Oyo West,2018,-0.9095669,0.19531101,-1.2038994,0.2512441,-0.36525044,0.04234786,0.0
Kusada,2018,-0.69073087,0.17623913,0.90379405,-0.2617973,0.1397522,-0.04801131,0.0
Roni,2018,-0.087182164,0.15560526,1.0338136,-0.2603521,0.3280438,-0.0055742604,0.0
Toro,2018,-0.49881265,0.37495396,1.0894338,0.26581416,-0.18676156,-0.12970993,0.0
Akure South,2018,0.6278997,-0.24325666,0.22569273,-0.25779375,-0.35007116,0.14792742,0.0
Igabi,2018,1.119947,0.39621067,0.38073906,0.3602696,-0.3309007,-0.04684563,0.0
Okene,2018,0.6569513,-0.26198837,1.0371507,-0.24618535,-0.1221492,0.1321454,0.0
Onitsha South,2018,-0.72604537,-0.6974,-1.2263119,-0.24947858,-0.30376956,0.16450047,0.0
Agatu,2018,-0.8829803,-0.42684004,-1.2286863,-0.05098696,0.21543482,-0.13157256,0.0
Dala,2018,1.0947984,-0.63852113,-0.67854524,-0.2816088,0.11979162,0.1678848,0.0
Anka,2018,-0.324907,0.61231416,0.97840667,0.23879063,0.31297,-0.13367656,0.0
Tofa,2018,0.037161056,-0.21488068,1.2232153,-0.27798784,-0.01490391,0.06654533,0.0
Ingawa,2018,-0.19043823,0.08893968,1.025254,-0.078573145,0.2433505,0.0010293175,0.0
Uvwie,2018,-0.2246961,-0.7010308,-0.047217123,-0.25087628,-0.31924683,0.1450495,0.0
Idanre,2018,-0.8816509,0.08384309,-0.3340456,0.2510226,-0.17742962,-0.14091107,0.0
Okpe,2018,0.86403316,0.37295634,-0.14669856,-0.046367977,-0.17888038,0.04433025,0.0
Anambra West,2018,0.86158085,0.21978113,1.157003,0.25128275,0.33454528,0.05214438,0.0
Mushin,2018,0.68190163,-0.6797615,-0.044757776,-0.24194673,-0.2102868,0.16331986,0.0
Shagamu,2018,-0.5453873,0.52209896,-0.7995049,-0.08604347,-0.32008043,0.110595904,0.0
Biase,2018,-0.2686021,0.6203967,1.1369903,0.04130088,0.17927724,-0.058437783,0.0
Gaya,2018,0.9738431,-0.35563207,1.2918134,0.028413054,0.04286064,0.08385162,0.0
Charanchi,2018,-0.7731442,-0.49709624,1.3247477,-0.26649505,0.069737285,-0.0132555235,0.0
Etsako Central,2018,-0.2582544,-0.51541054,0.83407736,0.09598871,0.3344326,-0.08693943,0.0
Darazo,2018,0.5091516,0.7087554,-0.39703184,0.24850042,-0.07260406,-0.11219784,0.0
Ijumu,2018,-0.5721371,-0.55010885,-1.2194923,0.17759462,-0.07574995,-0.17089224,0.0
Irepodun,2018,-0.7240866,-0.30712906,-0.9631068,-0.035621222,-0.1992849,-0.061142605,0.0
Egbeda,2018,0.36882293,-0.15922822,0.6379708,-0.26246983,-0.37386346,0.12197738,0.0
Akoko South East,2018,-0.542244,-0.30430886,-1.1931406,-0.114987046,-0.118316166,0.07507516,0.0
Faskari,2018,0.14445329,0.3201566,0.56329864,0.092667975,-0.06280861,-0.075405374,0.0
Makarfi,2018,-0.17809366,0.021126404,0.7670119,-0.2703429,-0.2022129,-0.028826183,0.0
Udu,2018,-0.19947793,-0.15460491,-0.34222808,-0.22967103,-0.037723448,0.15041879,0.0
Bunkure,2018,1.0046047,-0.29010636,1.2401541,-0.2659008,0.34121677,0.074151576,0.0
Funtua,2018,0.22564347,-0.2766963,-0.26371673,-0.2445257,-0.17342581,0.088548176,0.0
Dambatta,2018,0.779199,0.11855343,0.021256609,-0.29446563,0.16639827,-0.010488299,0.0
Jakusko,2018,0.845107,0.7208896,-0.022984808,0.26063144,0.36250007,-0.140211,0.0
Gwale,2018,1.1077303,-0.6840004,-0.6959871,-0.24642105,-0.17195092,0.15423408,0.0
Babura,2018,0.9985446,0.14630134,1.0605208,0.029940391,0.31047806,-0.020849107,0.0
Sapele,2018,0.68694633,0.6139197,-1.1941919,0.21860495,-0.31938937,0.08667173,0.0
Ika North East,2018,0.8228819,-0.2024492,-0.34358355,0.14031915,-0.2917854,0.089198865,0.0
Surulere,2018,0.19769764,-0.7553662,-0.943248,-0.2560647,-0.29961714,0.16226983,0.0
Garun Malam,2018,0.5705973,-0.21735674,1.1516271,-0.24729891,-0.25851527,0.1263122,0.0
Offa,2018,-1.0745893,-0.5336858,-0.83323944,-0.2457917,-0.1648574,0.13476196,0.0
Shomolu,2018,0.6592721,-0.733743,-1.2328454,-0.27154103,-0.29158646,0.1600744,0.0
Makoda,2018,1.0001339,-0.60916543,1.227837,-0.28753108,0.105578296,0.095205344,0.0
Rimin Gado,2018,0.5163488,0.07623293,0.7934725,-0.31224096,0.031686034,0.07861273,0.0
Yusufari,2018,0.7301962,0.54421496,-0.71604973,0.3597669,0.35282853,-0.1453923,0.0
Bassa,2018,-1.0944562,-0.5920735,1.0841211,0.15788619,0.33103347,-0.1787392,0.0
Jahun,2018,0.750432,0.5322641,1.1034385,-0.14099558,0.23669955,-0.040880404,0.0
Kurfi,2018,-0.7088352,-0.29072788,0.39203134,-0.27375728,0.25451624,-0.07674359,0.0
Esan West,2018,-0.6076368,0.61717606,-1.210855,0.094897576,-0.3469902,-0.0036836748,0.0
Kaduna North,2018,0.6756167,-0.67503774,-0.32284686,-0.24729122,-0.38267174,0.14339864,0.0
Daura,2018,1.0042894,0.4042981,-0.92567635,-0.256489,-0.13626789,0.09853668,0.0
Gassol,2018,-0.28839532,0.5678764,1.2490137,0.2929771,0.2989307,-0.14009896,0.0
Auyo,2018,0.7164309,0.18681942,1.1870362,-0.08797782,0.13945389,0.06666494,0.0
Wudil,2018,1.063725,0.20022349,1.0615481,-0.2856047,0.040766638,0.13154115,0.0
Ikara,2018,0.5475553,0.58083355,1.07202,0.035576057,-0.0020130144,-0.03737044,0.0
Ifedore,2018,-0.39743644,-0.39994887,-0.7442548,-0.12634668,-0.34182903,0.09490122,0.0
Lavun,2018,-0.44589064,0.7205029,0.55876535,0.20633434,-0.03807243,-0.12969825,0.0
Dange Shuni,2018,0.9975805,0.17558171,1.1391736,0.31081602,-0.14989159,-0.030521454,0.0
Yewa North,2018,-0.6263717,0.40875202,-0.2982384,0.12814543,0.23645563,-0.08756892,0.0
Tsafe,2018,0.5718828,0.51090634,0.442525,0.14282797,0.095895134,-0.07368394,0.0
Ekiti,2018,-0.5775362,0.59950686,1.1854213,0.06196927,0.33854538,-0.07367476,0.0
Zuru,2018,0.033697948,0.50575644,0.373522,0.092612214,-0.05731289,-0.05773563,0.0
Yagba West,2018,0.09541323,0.7726593,-1.1657679,0.3216906,0.3183042,-0.06856505,0.0
Kogi,2018,-1.1117643,0.41099653,1.2765558,0.0788046,-0.27580246,-0.13353762,0.0
Olamaboro,2018,-1.0493219,-0.42709225,-0.76656896,-0.18030815,0.22923931,-0.08754131,0.0
Odigbo,2018,-0.023594229,0.7358445,0.5649116,0.23099986,-0.34886768,-0.045115918,0.0
Agege,2018,0.82646894,-0.74538094,-1.2236855,-0.27611065,-0.30060327,0.15533754,0.0
Kibiya,2018,0.8071524,-0.5485883,0.7836049,-0.06671922,0.34036654,0.058015857,0.0
Isin,2018,-0.77506614,0.53228474,-0.297345,0.013293802,-0.16435654,-0.10104749,0.0
Sabon Gari,2018,1.0515755,0.33124697,-0.37382776,-0.23671003,-0.32612458,0.12007687,0.0
Malam Madori,2018,0.5074366,-0.52340806,1.2314785,-0.09343611,-0.13045721,-0.06376909,0.0
Lokoja,2018,-0.77525884,0.7556463,0.45168358,0.27472064,-0.35530874,-0.121888146,0.0
Ede South,2018,-0.5601833,-0.2553351,-0.6191717,-0.038876094,-0.17367703,0.086067006,0.0
Giwa,2018,0.4585457,-0.21434481,0.8797185,0.278387,0.06454276,-0.07914093,0.0
Ikole,2018,0.5197186,0.70157903,0.036264952,0.21755798,0.21480948,-0.015776357,0.0
Kunchi,2018,0.039569028,0.22051992,0.75159883,-0.26024035,0.34327105,-0.0061074803,0.0
Guri,2018,0.86217916,0.6963817,1.0480634,0.21740057,0.18967023,-0.079073675,0.0
Maru,2018,0.4643716,0.6707827,0.6398388,0.32123846,0.14961658,-0.13443007,0.0
Dukku,2018,-0.23858611,0.34493908,0.86499,0.26768136,0.1365084,-0.13402137,0.0
Wamakko,2018,-0.22284672,-0.022638276,-0.78968406,0.16228041,-0.2972505,0.017096624,0.0
Oke Ero,2018,-0.55014396,-0.096587814,-1.1819474,0.26210266,0.33310437,-0.047174294,0.0
Oshodi/Isolo,2018,0.049275648,-0.7336423,0.4613519,-0.24987155,-0.32575822,0.15157102,0.0
Abadam,2018,1.0584028,0.712995,-0.31976727,0.33670226,0.36139715,-0.15358655,0.0
Moba,2018,0.61233085,-0.48730162,0.54362774,-0.26309314,0.37231436,0.117683046,0.0
Gwagwalada,2018,0.60128397,-0.09572683,-0.33138353,0.11395795,-0.23900245,0.07728897,0.0
Kagarko,2018,0.078896776,0.50135565,0.16480751,0.16281094,-0.22086078,-0.11608905,0.0
Abaji,2018,-0.23857759,0.7267286,-0.046898484,0.18530717,-0.19830383,-0.021285277,0.0
Sardauna,2018,-1.0399034,-0.13778698,-0.29095554,0.23894987,0.2767137,-0.13732837,0.0
Shanga,2018,-0.06779507,0.16555467,0.36842614,0.2636067,-0.16899593,-0.13994364,0.0
Birnin Gwari,2018,0.5769532,0.6703937,0.7587567,0.30345756,0.32403925,-0.13736078,0.0
Ngaski,2018,-0.5205388,0.26875806,1.3277094,0.2749013,-0.16504267,-0.12534302,0.0
Chikun,2018,0.43565032,0.7339552,0.54824185,0.31761074,-0.33663338,-0.106656715,0.0
Yauri,2018,0.397208,-0.36116555,1.305059,-0.15765168,-0.24566782,0.05443963,0.0
Kauru,2018,0.63987464,-0.570127,1.1272414,0.26870614,0.18048917,-0.15912554,0.0
Demsa,2018,-0.747113,0.022960559,-1.2322924,-0.02284513,-0.1269113,-0.11890927,0.0
Umuahia South,2018,-0.24278179,-0.5817719,-0.046252213,-0.26037207,-0.33162242,0.10293807,0.0
Obokun,2018,-0.69508016,-0.4672102,-0.64329183,-0.27290222,0.08338836,-0.05984213,0.0
Owerri West,2018,-1.1027952,0.06584588,0.38549593,-0.25616214,-0.32151777,0.07020367,0.0
Nasarawa,2018,-1.1134118,0.71714014,1.2925245,0.2787346,0.3570059,-0.11457691,0.0
Idemili South,2018,-0.14996028,-0.07559784,-0.9809276,-0.2440442,-0.24370867,0.18759885,0.0
Aba North,2018,-1.0599637,-0.6901864,-0.015722461,-0.25842336,-0.3815887,0.13613932,0.0
Odeda,2018,-0.46891013,-0.5095816,-1.2369357,0.14346482,-0.36683992,-0.17878672,0.0
Ijebu East,2018,-0.77671194,0.65883666,-1.2159698,0.285462,-0.384873,-0.1574219,0.0
Okpokwu,2018,-0.58829385,-0.23425512,0.5546041,-0.037435945,0.0040811393,-0.0546329,0.0
Shomgom,2018,-0.73454934,0.2333225,0.7918508,-0.0035954807,0.13372956,-0.05629385,0.0
Ado-Ekiti,2018,-0.5303415,-0.6656809,0.59749335,-0.011521726,-0.3453827,0.12345492,0.0
Ahiazu-Mbaise,2018,-0.020970965,-0.7458287,-1.203538,-0.266355,0.09448713,0.14998269,0.0
Ankpa,2018,-0.09346422,0.159604,0.93497264,0.07198326,0.3120646,-0.004454013,0.0
Nkwerre,2018,-0.20963174,-0.55183125,-1.2380303,-0.2534069,0.05813979,0.18451142,0.0
Apa,2018,-1.2054471,-0.3080589,0.7243579,-0.120554574,0.058869127,-0.11230426,0.0
Kwande,2018,-0.73996705,-0.39145163,-0.03339335,0.16741899,0.16605026,-0.11214758,0.0
Ikom,2018,-1.0998521,-0.17701355,0.7846207,0.17144342,-0.3408592,-0.12552798,0.0
Ido-Osi,2018,0.2804727,-0.49768174,0.9248548,-0.24379107,0.3472288,0.12506466,0.0
Ukwa East,2018,-1.1583357,-0.108290695,-0.64355636,-0.28957158,-0.21617325,-0.053973358,0.0
Ukwa West,2018,-0.888496,-0.12247337,-0.31051674,-0.26020774,-0.3184577,0.08205785,0.0
Nnewi South,2018,-0.32940614,-0.30647475,-0.90221477,-0.26236895,0.3109493,0.15208656,0.0
Bende,2018,0.0035281754,0.34352982,-0.7385357,-0.25095624,-0.20061348,0.031924106,0.0
Okigwe,2018,-0.7264644,-0.27945483,1.2032746,-0.25842822,-0.27923286,0.07884211,0.0
Jama'Are,2018,-0.028521392,-0.7361971,-0.1785302,-0.2710841,-0.025423711,0.008089809,0.0
Kokona,2018,-0.9431519,0.39235628,0.41895747,0.120513506,-0.32990348,-0.13507462,0.0
Mafa,2018,0.46669212,0.68762314,-0.8335513,0.35818642,0.32633555,-0.1594915,0.0
Akko,2018,0.10535163,0.1583534,-0.071456596,0.24323533,-0.24748746,-0.05115056,0.0
Ushongo,2018,-0.92575455,-0.39193964,-1.2181971,-0.05398138,0.24655032,-0.062615745,0.0
Ehime-Mbano,2018,-0.9333332,-0.45244545,1.2627175,-0.251498,0.17327552,0.11799076,0.0
Ideato South,2018,0.9724232,-0.7350372,-1.223458,-0.27256927,0.26355103,0.14757687,0.0
Ife South,2018,-0.7599467,-0.6295125,-1.2187665,0.2364398,0.0059693377,-0.08381689,0.0
Oyi,2018,-0.35251126,-0.16808335,0.91771513,-0.24651425,-0.3604707,0.099530466,0.0
Ekiti South-West,2018,0.5900759,-0.2209617,0.36641145,-0.29798985,0.065428704,0.07750185,0.0
Ayamelum,2018,0.45981702,0.5771916,0.17009671,0.10091821,0.04285468,0.03742235,0.0
Aboh-Mbaise,2018,-0.5284194,-0.5890873,-0.8707084,-0.23475835,-0.034668334,0.12515001,0.0
Ilejemeje,2018,-0.5457445,0.14858274,1.0568117,-0.2567341,0.33199653,0.06302702,0.0
Mbatoli,2018,-0.024564838,-0.49236456,1.0957184,-0.24879542,-0.1324027,0.12608364,0.0
Akamkpa,2018,0.35058576,0.68112737,0.42667228,0.301979,0.10238991,-0.1341944,0.0
Obi Nwga,2018,-0.8152715,-0.48204085,-1.2377559,-0.27761927,-0.2751919,0.06853339,0.0
Logo,2018,-0.098344065,-0.09139075,-0.9661552,0.20370929,0.30925977,-0.0993214,0.0
Guma,2018,-0.75918454,0.4882441,-0.5737026,0.13941227,-0.12000382,-0.13150784,0.0
Ogoja,2018,-0.90167075,0.5920376,-0.3253583,-0.121355586,-0.27340457,-0.03902336,0.0
Ohafia,2018,0.13796057,-0.47265893,-0.24140222,-0.25005922,-0.18323717,0.060131896,0.0
Orumba North,2018,-0.096755184,-0.071792535,-0.9087415,-0.28723267,0.13998558,0.07555233,0.0
Ado,2018,0.45407096,0.14818016,-1.0109515,0.14887993,0.23127577,-0.035339758,0.0
Toto,2018,-0.763768,0.5906635,0.59657544,0.22539139,0.34811607,-0.13936017,0.0
Egbedore,2018,-1.1460005,-0.0012003575,-0.34961215,-0.2844547,-0.37667525,-0.019855391,0.0
Owerri North,2018,-0.54531324,-0.22489443,-1.2159749,-0.24842536,-0.3514985,0.12262815,0.0
Idemili North,2018,0.16560134,-0.23157632,-0.9437414,-0.2503072,-0.13732442,0.19149442,0.0
Isiala-Ngwa South,2018,-0.91068316,-0.4829304,0.004920788,-0.253884,-0.18643795,0.082337245,0.0
Funakaye,2018,0.6454267,0.15578963,1.2730547,0.16932131,0.040593065,-0.025103342,0.0
Katsina-Ala,2018,-0.9113716,0.1491767,0.06591634,0.104367115,0.06867474,-0.10381821,0.0
Mokwa,2018,-0.020386897,0.6708006,0.19054952,0.24797815,-0.31708246,-0.13856962,0.0
Aba South,2018,0.9128737,-0.6859528,-1.2299752,-0.24705142,-0.16875368,0.16675667,0.0
Edati,2018,-0.55456895,-0.63484,0.48645568,-0.15640534,0.022297239,-0.095822625,0.0
Odogbolu,2018,-0.75802046,0.5955861,-1.2103623,-0.111173935,-0.36401027,0.028859278,0.0
Balanga,2018,-0.26077482,0.25314406,1.2864931,0.04694516,0.11346176,-0.05370851,0.0
Ijebu North East,2018,-0.31930614,-0.15351577,-1.2109656,-0.27228582,-0.024114462,0.06456256,0.0
Oturkpo,2018,-0.46441603,-0.29625386,-0.0029379693,0.11929552,-0.18538652,-0.054513462,0.0
Abi,2018,-0.23773807,-0.70670426,-0.97999984,-0.2702419,0.3369631,0.10552141,0.0
Ideato North,2018,-0.565502,-0.5438386,-0.049103145,-0.24472949,0.3550725,0.108628795,0.0
Oriade,2018,-0.6787831,0.4018842,-1.2270985,-0.27831018,-0.2769581,0.06220022,0.0
Illela,2018,-0.07527195,0.48964602,0.3680062,0.092638284,0.3281583,-0.031387676,0.0
Nwangele,2018,0.5973949,-0.5428213,0.53920686,-0.2620069,0.03314317,0.1940376,0.0
Ife East,2018,0.14178301,0.32079962,-0.5631145,-0.27671555,-0.33343384,0.09832187,0.0
Obanliku,2018,-1.1350675,0.76749736,-1.1947953,0.1147522,0.38457286,-0.0679227,0.0
Onuimo,2018,0.45455092,-0.5355522,0.86547947,-0.26933002,0.25407776,0.13121714,0.0
Qua'An Pan,2018,-1.043353,0.56137323,-1.0213852,0.17817263,0.35241818,-0.1496463,0.0
Ngor-Okpala,2018,-0.51245224,0.24601762,0.20556854,-0.26297736,-0.31854075,0.014500663,0.0
Ona Ara,2018,0.07781137,-0.1526849,0.61619306,-0.03133657,0.2675005,0.16714965,0.0
Igbo-Eze North,2018,0.10942267,-0.4851171,-0.92152584,-0.27945274,0.14734256,0.13859947,0.0
Oju,2018,-1.0771042,-0.1762249,-0.7764605,-0.09834238,0.29962736,-0.0675886,0.0
Boluwaduro,2018,-0.012663476,-0.60106367,-1.2191638,-0.13041824,0.12237803,0.10151327,0.0
Shinkafi,2018,-0.0754359,0.28664812,-0.0408248,0.15239483,0.34013063,-0.03430256,0.0
Orsu,2018,-0.4018229,-0.38427505,0.010695817,-0.24384439,0.37355402,0.19798072,0.0
Anaocha,2018,0.4638443,-0.24682446,-1.0010542,-0.2576813,-0.08346824,0.18370238,0.0
Bekwarra,2018,-1.1361165,-0.7111485,-0.54100925,-0.27703464,-0.16174078,-0.029233381,0.0
Umu-Nneochi,2018,-0.27159175,-0.6497718,-0.9493446,-0.056226946,-0.022475926,0.1110819,0.0
Ose,2018,0.54082084,0.5836846,-0.05928435,0.26355574,0.21270597,-0.08727925,0.0
Nnewi North,2018,-1.1644089,-0.36666948,-0.7712578,-0.2525154,-0.13496058,0.16731122,0.0
Akoko North West,2018,0.90394807,0.36681864,-0.028953776,0.13969271,-0.027765544,0.110782705,0.0
Ilesha East,2018,0.17247416,-0.24216357,-1.2032962,-0.26695317,-0.3127494,0.12926246,0.0
Njikoka,2018,0.13474642,-0.5027199,-0.027652929,-0.2523124,-0.34798837,0.1615007,0.0
Ohaji/Egbema,2018,0.0912966,0.7040923,0.058115315,0.18629105,-0.20763777,0.011446226,0.0
Gombe,2018,0.6195589,-0.53428173,-0.110113196,-0.23525617,-0.24226958,0.16581227,0.0
Owerri Municipal,2018,-1.1572263,-0.4414355,0.74157405,-0.2513626,-0.39146325,0.13040958,0.0
Keana,2018,-0.29401857,0.18553482,1.1529828,0.18317756,-0.027146477,-0.1358906,0.0
Ohaukwu,2018,-0.93343073,-0.36200437,-0.88809407,-0.13736697,0.041770097,0.00093801867,0.0
Gbonyin,2018,0.09928866,-0.53749615,-0.31744987,-0.14282402,0.020249862,0.0239598,0.0
Isiala Mbano,2018,0.025650311,-0.29102227,1.1674422,-0.2511477,0.16374114,0.14516464,0.0
Irepodun/Ifelodun,2018,-0.17431039,-0.22184452,0.5944314,-0.25280452,-0.1955616,0.055453677,0.0
Obowo,2018,-0.7088193,-0.26852313,-0.7414037,-0.23728755,-0.15156424,0.14518192,0.0
Isuikwuato,2018,-0.6596822,-0.18006192,-1.182253,-0.007990551,0.14507522,0.038000453,0.0
Makurdi,2018,-0.67363286,-0.62149656,-0.295523,0.10406693,-0.34144607,0.03775875,0.0
Gboko,2018,-0.34219763,0.33942854,-1.0189369,0.042215917,-0.2483108,-0.0060048494,0.0
Ife Central,2018,-0.02557487,0.33966276,0.10281236,-0.246664,-0.19745855,0.11849213,0.0
Isiala-Ngwa North,2018,-0.71684813,-0.2788911,0.0798446,-0.25709388,-0.14430732,0.07697243,0.0
Yakurr,2018,0.017722769,0.20568486,-0.59008354,0.19750014,0.056566786,0.025813794,0.0
Billiri,2018,-0.4653683,-0.4156726,-0.35854754,-0.23758617,0.073134236,-0.016318405,0.0
Dunukofia,2018,-1.1056864,-0.6796433,-0.78241014,-0.26668334,-0.31598645,0.094309725,0.0
Osisioma Ngwa,2018,-0.56507987,-0.5727479,1.0781546,-0.24483909,-0.3142979,0.10571334,0.0
Ola Oluwa,2018,-0.7671421,-0.43037322,-0.638819,-0.27730298,-0.065477744,-0.049809992,0.0
Wamba,2018,-1.1102532,-0.4074031,-1.2609361,-0.1419803,0.3658684,-0.17211889,0.0
Boripe,2018,-0.43891463,-0.6557554,-0.5043707,-0.2426709,0.21759664,0.15872166,0.0
Yala,2018,-0.9163265,0.17276925,-1.209721,-0.10985786,0.1733049,-0.079383,0.0
Aguata,2018,-0.20672925,-0.69633263,-1.2247216,-0.27049166,0.18514234,0.16989765,0.0
Calabar Municipal,2018,-0.7061363,-0.7486138,0.25769103,-0.24702248,-0.3753003,0.12372144,0.0
Onitsha North,2018,-1.0906578,-0.6304985,-0.7730324,-0.2626422,-0.35412806,0.15355901,0.0
Ukum,2018,-0.5776819,0.02235184,-0.9999558,-0.062516116,0.32392105,-0.06098862,0.0
Isa,2018,0.41622508,0.5126715,1.0192589,0.26920244,0.2733786,-0.14738591,0.0
Ogun Waterside,2018,-0.75301224,-0.31639254,-1.0311797,0.1543478,0.03122297,-0.16645351,0.0
Ifelodun,2018,-0.7143627,-0.5908257,1.3648751,-0.026750285,-0.27226332,0.12509991,0.0
Arochukwu,2018,-0.38221493,0.17374596,0.98631495,-0.114902794,-0.12836021,0.06863178,0.0
Ijebu Ode,2018,-0.9090585,-0.32722637,-1.2160589,-0.2643896,-0.35857543,0.10497231,0.0
Magumeri,2018,1.0910747,0.7240616,-0.31317827,0.34306616,0.36992785,-0.14884208,0.0
Boki,2018,-1.052946,0.5347742,-1.2137445,0.23186444,0.32715482,-0.1685291,0.0
Kwami,2018,-0.19825357,0.7272273,1.1624175,0.18561165,-0.023840876,-0.079205476,0.0
Ekiti East,2018,0.5587091,0.58404773,1.2527726,-0.026284011,-0.097693615,0.13422081,0.0
Moro,2018,-1.0714142,0.7195256,-0.6713427,0.32513598,-0.36074606,-0.12765418,0.0
Ezinihitte,2018,0.10158041,-0.2537482,0.08002992,-0.25944835,0.16550885,0.16330676,0.0
Kala Balge,2018,0.41335517,0.6935077,-0.34335744,0.344121,0.3531727,-0.14142905,0.0
Awe,2018,-0.8051693,0.79077,0.11882762,0.2661126,0.37137577,-0.12614422,0.0
Orolu,2018,0.8250204,0.33399177,-0.7146199,-0.27482355,-0.05553891,0.10423519,0.0
Obubra,2018,-0.8398694,0.36744732,0.91105056,0.23441784,-0.1808237,-0.0997671,0.0
Akoko-Edo,2018,0.640569,-0.44923514,-0.078357436,0.10045616,0.019009367,-0.059484858,0.0
Osogbo,2018,-1.1112095,-0.4337659,0.1025174,-0.25178617,-0.39360827,0.13000144,0.0
Ise/Orun,2018,-0.32480282,0.18091346,0.404257,0.12164826,0.15426902,0.01107082,0.0
Njaba,2018,0.88748837,-0.5010094,1.2873493,-0.2587358,0.25765142,0.15323842,0.0
Obi,2018,-0.88434124,-0.047494587,-0.74443173,-0.16760147,0.20878144,-0.047663018,0.0
Buruku,2018,-0.93414164,-0.041740865,-1.19979,-0.15795508,-0.05179747,-0.070364386,0.0
Obudu,2018,-0.91071904,-0.5113106,-0.50256467,-0.11009744,0.07315178,0.07502682,0.0
Orlu,2018,-1.1649541,-0.5582955,0.4783455,-0.24009967,-0.13924395,0.10768863,0.0
Iwo,2018,-0.43118954,0.040542945,-0.5046322,-0.24369866,-0.16488554,0.12644984,0.0
Awka North,2018,-0.75433695,0.5995469,-1.2159244,-0.03846076,-0.2875959,0.056407817,0.0
Tarka,2018,-1.1565715,0.20485987,-1.2338575,-0.30106485,-0.3424244,-0.070573024,0.0
Umuahia North,2018,-0.8701906,-0.68778086,-1.2464017,-0.27387342,-0.34435675,0.087264396,0.0
Odo Otin,2018,-0.18546747,-0.57742715,-0.73928607,-0.10393436,0.16235556,0.111504026,0.0
Ihiala,2018,-0.4492908,-0.65357685,-1.2110808,-0.05886125,-0.24530248,0.13972947,0.0
Ilesha West,2018,-1.0959421,-0.46644157,-0.34134805,-0.2542793,-0.34719756,0.117421016,0.0
Kaltungo,2018,-0.62099725,0.3730165,1.0645113,0.031965952,-0.15697199,-0.03817707,0.0
Irepodun,2018,0.51495874,-0.28098494,-0.2522301,-0.25969478,0.040270653,0.16157076,0.0
Ebonyi,2018,-1.1471658,-0.60031956,-0.27574342,-0.25211817,-0.2852869,-0.018201675,0.0
Lafia,2018,-0.75367415,0.40652815,0.0794199,0.11128277,-0.32671642,-0.10816895,0.0
Ijebu North,2018,0.32195255,0.24175316,-1.197993,0.2674641,-0.27554682,0.026521266,0.0
Ndokwa West,2018,0.48757443,0.62180305,-0.04623248,0.08227857,-0.24672726,-0.017787486,0.0
Ikeduru,2018,-0.6847511,-0.34485114,0.92874557,-0.24594755,0.053495966,0.11357603,0.0
Okehi,2018,0.890516,0.7207701,1.2155265,0.3614768,-0.090770304,0.10651185,0.0
Yamaltu/Deba,2018,0.025814427,-0.5137786,1.1024139,0.03324097,0.14767992,-0.076939024,0.0
Emure,2018,0.4628361,0.33941406,-0.40042546,-0.2677144,0.16709441,0.06385075,0.0
Ikere,2018,0.08279836,-0.6128963,1.1396058,0.080454394,-0.19892764,0.11248747,0.0
Oguta,2018,-0.33547047,0.586421,-0.05951,0.20802106,0.03567912,0.08180512,0.0
Konshisha,2018,-0.7941638,0.58766824,0.09704767,0.05814605,0.21428117,-0.08738984,0.0
Ejigbo,2018,-0.8963954,-0.16160882,-1.182802,-0.2632676,-0.056420553,0.055973515,0.0
Gwer West,2018,0.009182277,-0.072262466,-1.2332683,0.12006351,0.3207699,-0.11297598,0.0
Etung,2018,-0.9343087,0.6787075,-1.1904961,0.27024508,0.35206378,-0.12707831,0.0
Ekwusigo,2018,-0.4522686,-0.60034025,0.37659374,-0.24694343,-0.32546127,0.109322965,0.0
Ijero,2018,0.7560282,-0.6190298,-1.254765,-0.080531485,0.3268085,0.13897267,0.0
Ugwunagbo,2018,-0.90942055,-0.46956044,-0.8686441,-0.24416418,-0.20671758,0.11066138,0.0
Olorunda,2018,0.13797429,-0.25774077,-0.5835208,-0.27229434,-0.31909937,0.12519595,0.0
Nasarawa Egon,2018,-0.9327313,0.6388353,-0.023659093,0.040090345,-0.26327425,-0.0840717,0.0
Ede North,2018,-0.9255507,-0.31851774,-0.62085307,-0.27180985,-0.29348305,0.12681119,0.0
Afikpo South,2018,0.11106816,0.184894,-0.23936576,0.08254238,0.21209481,0.10802325,0.0
Oru West,2018,-0.9184782,-0.5350921,-0.6643642,-0.26171884,-0.20413461,0.114809334,0.0
Anambra East,2018,0.2675234,0.57978785,-0.8084163,0.27947512,-0.16968818,0.06707337,0.0
Vandeikya,2018,-0.0033581483,-0.24607268,-0.52981746,-0.2740195,0.091966376,0.050817933,0.0
Atakunmosa West,2018,-0.90721786,-0.44516915,-0.64462876,-0.28627032,-0.27255583,-0.07188655,0.0
Ogbaru,2018,-0.746475,0.5546737,-1.2319572,-0.005787814,-0.29559487,0.12796554,0.0
Ikwuano,2018,-0.23877111,-0.3662583,0.9988145,-0.2747459,0.04585816,0.060355466,0.0
Keffi,2018,-0.74502337,0.16732019,-0.91087896,-0.26323196,-0.34432223,0.090688504,0.0
Adavi,2018,0.48395163,0.4327343,-0.07999266,0.29545623,-0.30811736,0.12186589,0.0
Oru East,2018,-0.451332,-0.2573595,0.5556812,-0.22775765,0.009731839,0.13806185,0.0
Remo North,2018,-0.5126487,-0.53905594,-1.238431,-0.12586242,-0.3349381,0.014033621,0.0
Karu,2018,-0.99547327,0.57756925,0.85360444,0.09383135,-0.3698694,-0.12494299,0.0
Ikenne,2018,0.24239865,-0.51031476,-1.2645555,-0.26274323,-0.33589312,0.11144202,0.0
Ila,2018,-1.1875573,-0.13258852,0.9525221,-0.27349454,-0.06972708,-0.027636237,0.0
Doma,2018,-0.85151607,-0.3259824,-0.006525108,0.25887015,0.3331047,-0.14682591,0.0
Nafada,2018,0.38199842,0.111184314,1.254123,0.15264529,0.29384845,-0.0891331,0.0
Gwer East,2018,-1.0641785,0.58870465,-0.80032134,0.053023692,-0.30676344,-0.13876234,0.0
Efon,2018,-0.5527989,-0.2835427,-1.2130666,-0.25050274,-0.099081576,0.04699099,0.0
Ihitte/Uboma,2018,0.41998893,-0.24660064,0.37832597,-0.28374776,0.09224261,0.13861619,0.0
Ekiti West,2018,0.51080674,-0.19502565,1.2239877,-0.29063687,-0.026180211,0.066136025,0.0
Atisbo,2018,0.43663102,0.5556177,-0.77327424,0.3413146,0.0026502649,-0.14775889,0.0
Isu,2018,0.47951564,-0.74516946,0.92311186,-0.2668143,0.25880766,0.13075279,0.0
Ogbadibo,2018,-0.9071963,-0.61263764,-0.78769386,-0.14021301,-0.23838484,-0.019306395,0.0
Atakunmosa East,2018,-0.8845622,0.17126332,-1.2169087,-0.27152836,0.36881453,-0.014083975,0.0
Akwanga,2018,-1.1633642,0.173815,-0.7624473,-0.16390267,-0.35134825,-0.10457429,0.0
Rafi,2018,-0.80766153,0.20368135,0.08880838,0.20976543,-0.15876658,-0.14465289,0.0
Odukpani,2018,-0.6063655,-0.30118862,-0.7170087,0.14539021,-0.28780875,-0.08070145,0.0
Gbako,2018,-1.0491962,-0.035264887,-0.944429,-0.100340225,0.11485761,-0.12888667,0.0
Ukwuani,2018,0.3753366,0.56020755,-1.204497,0.14586413,-0.03836023,0.05801562,0.0
Awka South,2018,-1.0176634,-0.46996975,-1.2380273,-0.26105314,-0.37775034,0.11383874,0.0
Gurara,2018,-1.0724105,-0.1477507,-0.010524571,-0.061629742,-0.35098273,-0.10226919,0.0
Kontagora,2018,-0.2728695,-0.6122817,-0.9089479,0.28946868,-0.32445815,-0.16108592,0.0
Mashegu,2018,-0.23935914,0.7283361,-0.04064664,0.32908517,-0.15243815,-0.12665312,0.0
Wushishi,2018,-0.9561005,0.62829506,-0.0046089063,0.2057543,-0.16515505,-0.13850382,0.0
Shiroro,2018,-1.0557567,-0.18471625,0.9483498,0.22827326,0.36280438,-0.1251132,0.0
Borgu,2018,-0.53213483,0.759188,-1.1248176,0.374501,0.061855175,-0.14801998,0.0
Lapai,2018,-1.0795761,0.6029568,-0.007873381,0.15718764,-0.24730872,-0.13564396,0.0
Akoko South West,2018,0.14857814,0.58321524,-0.11506511,0.23751786,-0.16460532,0.14872834,0.0
Rijau,2018,-0.2711265,-0.28771287,-0.065680765,0.22365806,0.13904673,-0.15610072,0.0
Chanchaga,2018,-0.19478145,-0.67711985,0.92346007,-0.24240102,-0.31578156,0.1485273,0.0
Mariga,2018,0.14131217,0.70285374,-0.9534869,0.28724143,-0.15127812,-0.16303714,0.0
Munya,2018,-1.0190893,0.165888,-0.0024438882,0.20317663,0.35084876,-0.14160557,0.0
Bosso,2018,-0.90401286,-0.21277681,-0.27472115,0.15477239,-0.30905816,-0.14000316,0.0
Suleja,2018,0.5266452,-0.2527336,-0.0498738,-0.2541221,-0.3274712,0.19270031,0.0
Paikoro,2018,-1.1004134,0.18480897,-0.97275054,-0.049718443,-0.29590482,-0.12741017,0.0
Kanke,2018,-0.9788689,-0.30429032,0.3597857,-0.15546447,0.0851134,-0.07320969,0.0
Jos North,2018,0.103913575,-0.63589305,0.6271904,-0.24430214,-0.3315695,0.12933236,0.0
Jos East,2018,-0.8067949,-0.18078406,0.38267997,0.10559154,0.3656213,-0.0944783,0.0
Oredo,2018,0.2320509,-0.6451033,-0.99290895,0.25537702,-0.3443131,0.16644508,0.0
Patani,2018,0.5454127,0.38203678,-0.2881401,0.037053723,-0.12579127,0.05035386,0.0
Shendam,2018,-0.66170055,0.17777109,1.133567,0.13748445,0.32512733,-0.12764588,0.0
Egor,2018,0.486023,-0.6112604,-1.2459542,-0.27011535,-0.33505395,0.1603223,0.0
Langtang North,2018,-0.96523285,-0.061948404,1.2914836,-0.10110886,0.39593643,-0.039109092,0.0
Jos South,2018,-0.330078,-0.17809886,-0.44483963,-0.253262,-0.36205834,0.072193004,0.0
Mikang,2018,-0.5717537,-0.7366684,-1.2454343,-0.11334409,0.34306815,-0.12320275,0.0
Barkin Ladi,2018,-1.1092204,-0.638219,0.3616033,-0.13894033,0.027749415,-0.093728654,0.0
Pankshin,2018,-0.7243162,-0.04605383,-0.6927102,0.017734172,0.08100516,-0.073239,0.0
Bokkos,2018,-1.0621524,0.22458774,-0.2497743,-0.09231107,0.40032718,-0.08025876,0.0
Wase,2018,-0.7086431,0.7941958,0.7872248,0.28581315,0.3581678,-0.11391931,0.0
Bassa,2018,-0.33118612,0.51284766,-0.04360942,0.18419386,-0.124618106,-0.065873526,0.0
Orumba South,2018,-0.43417615,-0.4280683,-0.7459079,-0.24576676,0.2709759,0.15246573,0.0
Kanam,2018,-0.22328638,-0.49604526,1.2525214,0.21995354,0.15335746,-0.16703485,0.0
Langtang South,2018,-0.7995125,0.26639143,0.3447473,0.07596706,0.34703118,-0.124680586,0.0
Mangu,2018,-0.614732,0.17982122,0.18463358,-0.023802025,0.037675858,-0.052410904,0.0
Tafa,2018,-1.1381773,-0.3811948,-0.34998146,-0.106516115,-0.37084028,0.09035157,0.0
Magama,2018,-0.3040693,0.21055797,0.9975863,0.21207123,-0.21267985,-0.14847493,0.0
Agwara,2018,-1.0355303,-0.30898482,-0.019278837,0.17414367,0.35583094,-0.14053619,0.0
Riyom,2018,-0.6394514,-0.2942801,0.38632646,-0.025937414,-0.23517416,-0.07478779,0.0
Rabah,2018,0.79013455,0.58960253,0.7803201,0.30053988,0.32684845,-0.13310085,0.0
Ikwo,2018,-0.91137064,0.5189246,-1.1947954,-0.28200403,0.364772,0.024030896,0.0
Safana,2018,0.16042739,0.75024754,0.8631002,0.27548048,0.31321853,-0.00035221703,0.0
Ajeromi/Ifelodun,2018,1.0540118,-0.6908659,-0.8439914,-0.27169043,0.1006005,0.17965136,0.0
Koko-Besse,2018,0.09432258,-0.5967084,1.268828,0.16775322,0.044981316,-0.12410484,0.0
Epe,2018,0.38067856,0.17304942,-1.2604983,0.2466164,-0.34785083,-0.06662436,0.0
Sumaila,2018,0.92697334,0.2804527,1.163305,0.23867416,0.3343495,-0.010913334,0.0
Ogori/Magongo,2018,-0.5784861,-0.49921605,0.6648936,-0.25049418,-0.12284305,0.073042445,0.0
Amuwo Odofin,2018,-0.035021532,-0.48045018,1.2498059,-0.2439938,-0.350127,0.1490986,0.0
Tsanyawa,2018,0.878674,0.47624418,0.92365855,-0.29403904,0.2221283,0.01661198,0.0
Ibeju Lekki,2018,-0.71398956,-0.108745106,-0.8297624,-0.116997585,-0.33757845,0.03676069,0.0
Ajaokuta,2018,-0.5719176,0.18655719,1.1469557,0.24596728,-0.15190122,-0.13455814,0.0
Irepo,2018,0.7079489,0.61505383,-0.7471474,0.3214671,0.120111845,-0.028668657,0.0
Isoko North,2018,0.6676888,-0.5502369,-0.2845189,-0.13578102,-0.120678484,0.040162347,0.0
Ezeagu,2018,-0.5297567,-0.46143976,-0.91693336,0.054796904,-0.21670891,-0.00022837408,0.0
Irele,2018,0.12886058,-0.08792597,-0.07292906,0.025145633,0.048222393,-0.06725882,0.0
Owo,2018,0.26326907,0.16974536,-0.9654998,0.24039705,-0.21981297,-0.00061516033,0.0
Dekina,2018,-0.9646475,-0.3041989,-0.061359975,0.021497227,0.11860134,-0.11506856,0.0
Akoko North East,2018,0.17230846,0.364496,-1.1440183,-0.035214636,-0.13666958,0.0950035,0.0
Oluyole,2018,-0.23219225,-0.43470743,-1.2468458,-0.04514489,-0.35370666,0.057617337,0.0
Ogba/Egbema/Ndoni,2018,0.98854274,0.33062187,0.7678442,0.26208842,0.31686565,0.09367093,0.0
Ovia South-West,2018,-0.23246834,-0.028366953,-1.2707846,0.28233117,-0.30910328,-0.16467015,0.0
Ndokwa East,2018,0.1728265,0.6003747,-0.7233421,0.20158239,-0.05434319,-0.14921671,0.0
Saki East,2018,0.512632,0.57007027,0.022183016,0.29167473,0.11094501,-0.09460454,0.0
Onicha,2018,-0.26260218,-0.40622443,-0.36342636,-0.25648674,0.3613616,0.07869303,0.0
Ethiope East,2018,0.9766486,0.05112296,-0.7972644,-0.1656655,0.052307755,0.12095945,0.0
Obi,2018,-0.5340051,0.5164139,-1.1792506,0.014771959,0.064129815,-0.071395464,0.0
Oyo East,2018,0.21311611,0.37128457,-0.24030414,-0.23836431,-0.18153767,0.112305015,0.0
Ivo,2018,-0.483645,-0.54862607,-0.28409,-0.049334858,0.36163455,0.11107167,0.0
Etsako East,2018,0.017922813,0.549966,1.2781979,0.21759257,-0.06411871,-0.06041357,0.0
Oshimili South,2018,0.2502575,0.6120592,-1.2174815,0.21678455,-0.34290886,0.1520865,0.0
Izzi,2018,-0.61285263,-0.16225882,-0.26914746,-0.13857903,0.08864266,-0.045626424,0.0
Isoko South,2018,1.0729041,0.61397594,-1.1589144,0.06390716,0.2632746,0.08354275,0.0
Ezza South,2018,-1.105582,-0.41800737,-0.26263705,-0.2494244,0.40542012,0.08057858,0.0
Ofu,2018,-0.7357351,0.1734046,0.9149984,-0.03446895,0.034636375,-0.072403945,0.0
Aniocha North,2018,0.4155754,0.15671498,-1.255749,-0.16623898,-0.21386756,0.016225746,0.0
Aniocha South,2018,0.50809485,0.59271467,-1.2240925,0.077184156,-0.36865816,-0.07851423,0.0
Igalamela-Odolu,2018,-1.0100344,0.50033796,0.77122885,0.2370054,0.05089262,-0.13355465,0.0
Ibiono Ibom,2018,0.9092172,-0.29806647,-0.1786114,-0.27739298,0.0003074569,0.116670825,0.0
Obot Akara,2018,0.5881419,-0.12983935,-0.024728337,-0.26246658,0.39682344,0.1377253,0.0
Ogo Oluwa,2018,-1.0833693,-0.7020529,-0.8192925,-0.28159836,-0.2669434,-0.09595901,0.0
Atiba,2018,1.0264211,0.41248617,-1.1842235,0.31418154,-0.31726032,0.029839098,0.0
Ogbomosho South,2018,-0.21046098,-0.61343926,-1.2656174,-0.24797092,-0.32317588,0.15800218,0.0
Ovia North-East,2018,0.2100621,0.5677393,-0.6009508,0.2912885,-0.3526854,-0.15231404,0.0
Afijio,2018,-0.19960687,-0.27640796,0.42223886,0.022744693,-0.33011156,-0.081648484,0.0
Ogbomosho North,2018,-0.3856066,-0.6118039,-1.2206012,-0.2561043,-0.36047214,0.11899924,0.0
Ikwerre,2018,0.95874065,-0.6002866,-0.31202322,0.069073536,-0.3446683,0.009049892,0.0
Esit Eket,2018,0.44549084,0.084370844,0.7381432,-0.054108426,0.02113011,0.11064734,0.0
Obio/Akpor,2018,0.6486094,-0.7777808,-1.2341924,-0.27293995,-0.4353105,0.11364566,0.0
Etche,2018,0.832712,-0.3785491,-0.29961556,-0.14407033,0.0070742117,0.049826164,0.0
Askira Uba,2018,-0.22770795,0.5140679,0.6028188,0.26367682,0.20432115,-0.1347232,0.0
Gwadabawa,2018,0.6670655,-0.056189924,0.19572368,0.027750537,0.36769083,-0.0008252276,0.0
Hadejia,2018,0.85425836,-0.2995281,-1.2400063,-0.26076806,-0.07577561,0.1706794,0.0
Kiri Kasama,2018,1.0383266,0.518197,0.9777578,0.036481664,0.1379265,0.00012376152,0.0
Konduga,2018,0.8062966,0.6083154,0.21542647,0.3392529,0.006924735,-0.14274621,0.0
Jere,2018,0.6083128,0.53013676,0.3544211,0.26341504,0.13093552,0.042153638,0.0
Eti Osa,2018,-0.50894386,-0.48092458,-1.2288113,-0.24138449,-0.33361432,0.15598252,0.0
Kosofe,2018,0.5110685,-0.74228686,-1.247434,-0.27040994,-0.34529203,0.17498894,0.0
Ibadan North,2018,0.2440131,-0.5710629,-0.7282322,-0.244373,-0.31255543,0.16055216,0.0
Akinyele,2018,-0.42038488,0.20172088,-1.198193,-0.14214465,-0.35096133,0.107358396,0.0
Ido,2018,-1.1396934,0.36534005,-0.78648806,0.19784199,-0.36178777,-0.052190386,0.0
Ibadan North West,2018,0.34945187,-0.52497256,-0.98305756,-0.2587937,-0.32405525,0.16908146,0.0
Ibadan South West,2018,0.23596306,-0.60088646,-0.52158135,-0.25363252,-0.29472452,0.18495026,0.0
Ibadan South East,2018,0.78059226,-0.6906048,-0.95247996,-0.26525584,-0.3135997,0.16819963,0.0
Abeokuta South,2018,-0.52717954,-0.5827532,-0.87179536,-0.22973005,-0.35957226,0.15749097,0.0
Alimosho,2018,0.6652347,-0.68533945,-0.3084243,-0.23853742,-0.3406295,0.14874399,0.0
Ifako/Ijaye,2018,0.2328295,-0.71510947,-1.2071733,-0.24298313,-0.16591328,0.16521865,0.0
Ikorodu,2018,-0.6367162,-0.6594783,0.79962015,-0.25243455,-0.31332573,0.09719281,0.0
Ifo,2018,-0.5280833,-0.59342265,-1.2168545,0.022552574,-0.13960059,0.14787497,0.0
Ikeja,2018,-0.72890955,-0.73635143,-0.02474499,-0.2521534,-0.3776856,0.13298099,0.0
Ewekoro,2018,-1.1783141,-0.2757397,-1.2491522,-0.10996194,-0.3603369,-0.13240723,0.0
Ojo,2018,0.5740725,-0.6531809,0.45133194,-0.24914196,-0.3769085,0.15151352,0.0
Badagry,2018,-0.47315326,-0.73670614,0.36864603,-0.26400355,-0.29276386,0.048346642,0.0
Obafemi Owode,2018,-1.0918995,-0.66142815,-1.2480309,-0.13419375,-0.37461114,-0.11000997,0.0
Ipokia,2018,-0.9422654,-0.22117658,-0.26396802,-0.120392755,0.3823156,0.016082855,0.0
Ohimini,2018,-1.1871531,0.17582726,-0.80940473,-0.2874977,-0.34307596,-0.10379616,0.0
Ilorin West,2018,0.7199973,-0.51634413,0.6043071,-0.26501182,-0.3734764,0.14255886,0.0
Asa,2018,-0.7762364,0.15097784,1.1082101,0.037711356,-0.34693834,-0.11572761,0.0
Eastern Obolo,2024,0.79502904,-0.109389335,-0.24441615,-0.26246613,0.38992906,0.095984735,0.39958854446890163
Ekeremor,2024,1.0874821,0.7254087,-0.027684394,0.26191682,0.36715525,-0.0003988616,1.8497539311782378
Degema,2024,1.1498553,0.59507227,0.09148478,0.42104724,0.38860673,0.18565327,1.7536103696284475
Andoni,2024,1.1009175,0.28824636,0.04305052,0.036033712,0.36105108,0.14804272,0.5812884301359158
Akpabuyo,2024,0.43117994,-0.30313718,-1.2540435,0.20804583,0.26825434,0.087223954,-0.17498369241198777
Oron,2024,0.7161257,-0.013223976,0.9540074,0.36149493,0.17439684,0.21161443,-0.25166962841003493
Bakassi,2024,-1.0855815,0.36311975,-0.3084413,0.27485275,0.38248354,-0.07224313,0.045059161254050004
Calabar South,2024,-0.40414402,-0.25391665,-0.7200009,0.30169836,-0.06779244,0.2111453,-0.20674540470968672
Udung Uko,2024,0.81987166,-0.17434143,-0.27096012,0.04037764,0.36475638,0.15416792,-0.25166962841003493
Southern Ijaw,2024,0.81743973,-0.03824298,-0.048487686,0.27277812,0.3554878,-0.064870164,1.5040949360825633
Iwajowa,2024,0.3954875,0.64030415,-0.9118039,0.3696605,0.317148,-0.1704273,0.13204619313243143
Ibarapa North,2024,0.40952334,0.5426412,-1.2398765,0.29489538,0.30705827,-0.14119676,-0.26626284757384255
Okrika,2024,1.0951852,0.7237256,-1.1232862,0.44630837,0.26946586,0.15363118,0.016158864478666476
Imeko Afon,2024,-0.5518537,-0.32675898,1.0253497,0.28086305,0.29825243,-0.13725676,0.15808507438549954
Ibeno,2024,0.42033195,0.504865,-0.3327099,0.100568645,-0.05944467,0.045074515,0.048206718328596694
Nembe,2024,0.9383522,0.65694207,-0.7115815,0.3177624,0.35796598,0.0037810327,0.7057600053566262
Ilaje,2024,0.6506897,0.3622558,-0.7117587,0.142603,0.2375613,-0.009770791,1.142984297166387
Brass,2024,0.8906593,0.42375457,-0.8340284,0.30698812,0.35213548,-0.019475916,2.373392971761917
Warri North,2024,0.87260467,0.5100991,-0.7430519,0.3632802,0.34358987,-0.14981319,1.7192733833606653
Ese Odo,2024,0.7066903,0.6085517,-0.3845986,0.14397855,0.36701488,0.0077908817,0.7609853249373095
Jalingo,2024,-0.772432,-0.6867023,-0.5814682,-0.27778795,-0.285382,0.06636206,-0.2502389206488774
Burutu,2024,1.1052692,0.7641572,-0.9816682,0.2832138,0.30974928,-0.035835378,1.9149942050870241
Girei,2024,-0.0034395347,0.58401424,0.38225868,0.14992936,-0.29556802,-0.09239187,0.007574617911720998
Yorro,2024,-1.1149805,0.23071444,-1.2087253,0.14048909,-0.1622436,-0.14311074,0.7592684756239203
Ardo-Kola,2024,-1.1603016,0.5739838,1.3179744,0.18474764,-0.18367761,-0.13043898,0.3887151654841036
Yola North,2024,-0.13463524,-0.47251013,0.45265594,-0.22789286,-0.33414412,0.16068424,-0.27055497085731506
Yola South,2024,-0.2767898,0.5316999,-0.7039974,0.08725603,-0.28171432,-0.027299024,-0.24537451426094156
Mbo,2024,0.73985213,-0.27962896,-0.25590268,-0.06874406,0.3809481,0.08369382,-0.04965369253458273
Lau,2024,-1.0372175,0.5846795,0.8839545,0.08174958,0.017122038,-0.119785964,-0.15466764220355012
Ibarapa Central,2024,0.69400936,-0.20148863,-0.8729835,0.27552086,0.20238638,0.04282925,-0.24337152339532073
Abeokuta North,2024,-0.9495495,0.36560428,-1.1645864,0.17014189,-0.36537609,0.01109412,-0.23307042751498608
Bonny,2024,1.14988,-0.499351,-0.27137208,0.13739486,0.3694032,0.16400187,-0.045075427698878526
Warri South-West,2024,1.128849,0.7367611,-0.7621643,0.3946387,0.3594033,-0.04817281,1.7358695933900936
Warri South,2024,0.17476396,0.22632119,-0.87971264,0.39600742,-0.03612294,0.18929727,-0.15981819014371765
Akuku Toru,2024,1.0534385,0.51255554,1.1980988,0.33387014,0.32083684,-0.05076197,0.7295097541918426
Isokan,2024,-0.20839463,-0.08473308,-1.2207186,-0.11285712,-0.074979044,0.07767173,-0.27313024482739884
Irewole,2024,0.23020697,-0.40062883,-1.2392435,-0.13988218,-0.2594803,0.10115394,-0.27313024482739884
Essien Udim,2024,1.0839179,0.52931243,-1.169633,-0.2617318,-0.1447584,0.12429773,-0.27313024482739884
Onna,2024,0.66438836,-0.6589555,1.0450807,-0.28850853,0.04574492,0.092243545,-0.2591093087680546
Udenu,2024,-0.6314487,-0.44798473,-1.2342259,-0.25478628,-0.26455617,0.10715985,-0.27313024482739884
Ogu Bolo,2024,1.0937859,0.5152301,0.073238924,0.21027839,0.35287124,0.1495486,-0.042500153728794766
Enugu South,2024,-0.51565456,-0.3408554,0.084439754,-0.23648076,-0.32577026,0.18075125,-0.27313024482739884
Ikot Ekpene,2024,0.14373891,-0.5133454,-1.228663,-0.27084264,-0.33967352,0.11350838,-0.27313024482739884
Nsit Ubium,2024,0.6707007,0.04184729,-1.2288839,-0.26490736,-0.10481917,0.10911112,-0.27313024482739884
Urue Offong/Oruko,2024,0.6393573,-0.40750235,1.3038195,-0.27637675,0.03225899,0.120716035,-0.27313024482739884
Abak,2024,0.7261345,0.083694786,-0.034142714,-0.25561363,-0.2373336,0.11339155,-0.27313024482739884
Nkanu East,2024,-0.79301953,-0.29162776,0.72253114,-0.25605142,-0.09642538,-0.05706105,-0.27313024482739884
Igbo-Eze-South,2024,-0.6508938,0.040569384,-0.30319932,-0.23885952,0.19433142,0.14830108,-0.27313024482739884
Nsukka,2024,0.14362915,-0.39139184,-1.1779845,-0.017645486,-0.10038035,0.09214834,-0.27313024482739884
Tai,2024,0.88585424,-0.13679504,-0.25760806,-0.23781043,-0.17231171,0.11851663,-0.2719856786184726
Ife North,2024,0.47754246,0.12443715,-1.2627167,-0.30415055,-0.07857218,0.06635334,-0.27313024482739884
Ayedade,2024,-0.74058336,0.16587064,-0.7225673,0.111366786,-0.12137206,-0.049774516,-0.26225686584260127
Ayedire,2024,-0.45300755,0.17381184,-0.9363385,-0.08397538,0.12084167,0.023259634,-0.27313024482739884
Ahoada East,2024,0.43558392,-0.1347106,1.1581094,-0.25343016,-0.20584463,0.078724526,-0.27313024482739884
Iseyin,2024,0.2168552,-0.52682585,-1.2306874,0.32330328,-0.11864919,-0.13043442,-0.1724084184419044
Itesiwaju,2024,0.82744676,0.7305132,-0.8703765,0.30067447,0.04702147,-0.13575755,0.003568636180479721
Kajola,2024,0.84668505,-0.79083484,-1.2366241,0.2973245,0.27380663,0.07229016,-0.27313024482739884
Nkanu West,2024,-0.02163837,-0.37009707,1.2605951,-0.2469888,-0.23995903,0.10273036,-0.27313024482739884
Afikpo North,2024,-0.66809785,-0.4634528,-1.2371452,-0.25341845,0.3787458,0.12261357,-0.26712127223053717
Donga,2024,-0.95099205,0.5452125,-0.9131403,0.31242275,0.33102718,-0.1579114,0.9927599822448396
Oji-River,2024,-1.1641495,-0.26996484,-1.2397938,-0.28970668,-0.29047486,-0.02315343,-0.27313024482739884
Oyun,2024,-0.44463134,0.1145888,-1.2038091,-0.17199099,-0.09165862,-0.052281562,-0.27313024482739884
Ogbia,2024,0.7129334,0.35844946,-0.30041486,-0.018789813,0.08733342,0.009920023,0.03447192382148369
Asari-Toru,2024,1.1233696,-0.6982827,0.0856672,0.23365827,0.3433959,0.15291132,0.5103253251824991
Uyo,2024,0.5214802,-0.7821084,-0.76209134,-0.25748843,-0.4255243,0.10613655,-0.27313024482739884
Ikono,2024,0.81056726,-0.75112283,0.21585758,-0.2960256,0.03311944,0.10100429,-0.24308538184308948
Baruten,2024,-0.71046895,0.7765152,-1.1162269,0.38624316,0.048497446,-0.13178112,0.7867380646381461
Lagelu,2024,-1.106055,-0.14539826,0.4485302,-0.2618844,-0.35050648,0.07578492,-0.27313024482739884
Idah,2024,-1.1193912,-0.7145881,-0.017883563,-0.255558,0.047068205,0.07571123,-0.0759787153398825
Machina,2024,-0.36206195,0.37701115,0.89914644,0.21123132,0.3151729,-0.14877178,1.8640610087898137
Ibaji,2024,-1.0984529,-0.6439119,0.68700755,0.10566412,0.3574993,-0.115888886,0.8794479275611583
Municipal Area Council,2024,1.0755794,0.1313183,-0.35973918,0.1657941,-0.36663717,0.12256673,-0.2696965462006205
Kaiama,2024,-0.7921131,0.72223926,-1.1461418,0.38335004,0.018470487,-0.14558265,1.5327090913057153
Bakura,2024,0.92640007,0.5298682,0.40534008,0.31100714,0.06409994,-0.082688056,0.8330929960996521
Nguru,2024,0.70474386,0.50879943,0.76823944,0.08763644,-0.15316094,-0.01981765,-0.1532369344423926
Gummi,2024,0.53624,0.7235355,-0.71869075,0.30244273,0.3436412,-0.13595891,0.2665327226812453
Ajingi,2024,0.94829005,-0.6602524,-0.05094277,0.05021277,0.24594846,-0.008351826,-0.16983314447182063
Port-Harcourt,2024,1.0425432,-0.51220393,0.22315852,-0.26459086,-0.37409607,0.16142638,-0.25767860100689666
Augie,2024,-0.33414894,0.26175892,1.1286832,0.13821656,0.19901557,-0.07256089,-0.08828280208583798
Kebbe,2024,0.6405312,0.7214691,0.16441211,0.31261787,0.14278376,-0.123371005,0.19328048530997644
Surulere,2024,-0.020497615,-0.084557034,1.0436754,-0.09795815,0.004895492,-0.055465754,-0.27313024482739884
Ringim,2024,0.93287146,0.4606509,1.1898026,0.026088553,-0.016040215,-0.038999733,0.02502925259784362
Emuoha,2024,1.1368765,0.5903683,-1.1545424,0.17994688,-0.31070042,0.03899039,-0.21819106679894723
Isi-Uzo,2024,-0.474317,-0.4158602,-0.78522116,0.0662082,0.3309105,-0.0670284,-0.19129376088918454
Yenegoa,2024,0.028093299,0.04414726,0.084254175,0.104984485,-0.31220993,0.095158085,-0.24880821288771993
Ilorin East,2024,-0.086064875,-0.088941015,-1.1685848,0.15970184,-0.32993245,0.091909036,-0.1984472996949725
Alkaleri,2024,0.6415084,0.7160148,1.1441729,0.3252215,0.19476771,-0.121110536,0.7280790464306847
Omumma,2024,0.08997005,-0.7235,0.11136703,-0.2721504,0.3833633,0.05811272,-0.27313024482739884
Birnin Kudu,2024,0.95458484,-0.36108312,1.2507088,0.10061127,0.017658427,-0.032856215,0.2994390011878701
Takum,2024,-1.0771308,-0.16054374,0.21460938,0.28053463,0.36958304,-0.13387175,0.43163639831883144
Esan South-East,2024,0.117523015,0.42400667,-0.98776066,0.18005368,0.29123515,-0.07388444,-0.16983314447182063
Ifedayo,2024,-1.0172219,-0.5521005,-0.95927054,-0.26642305,0.3777315,0.031975668,-0.27313024482739884
Ori Ire,2024,-0.22811805,-0.08143599,-1.232861,0.26009288,-0.29050466,-0.17034638,-0.24852207133548826
Ifelodun,2024,-0.82568574,0.1698604,-0.99132186,0.25094816,-0.15118307,-0.16018309,0.1738228597582334
Maradun,2024,0.46883437,0.2724122,0.39633682,0.26889148,0.21707317,-0.1350371,0.875441945829917
Aninri,2024,0.5233686,0.41431862,-1.217681,-0.17972441,0.2650847,0.11234128,-0.27313024482739884
Abakaliki,2024,-1.126972,-0.48696068,-1.0353332,-0.25488776,-0.20516308,0.032855555,-0.27313024482739884
Pategi,2024,-0.5382498,-0.44521272,-1.1806489,0.31073436,0.103126176,-0.17355405,0.446229617482639
Biriniwa,2024,0.66143197,0.35986108,0.03266639,0.07309109,0.22446184,-0.12701468,1.3739005298172224
Ussa,2024,-1.1096438,-0.05933625,-0.6475347,-0.13341384,0.38146394,-0.09522347,0.33864039384358785
Silame,2024,-0.25029093,0.19835347,1.0161986,0.09606494,0.32583886,-0.031007193,0.02417082794114903
Takai,2024,0.8087681,-0.65183985,-0.99363536,-0.17696275,0.037355848,0.029676083,-0.26254300739483255
Bwari,2024,0.6210227,-0.4206755,-0.59193796,0.14792335,-0.37967208,0.095370375,-0.27313024482739884
Edu,2024,-0.23163898,-0.051232204,-0.9671187,0.20589012,0.1118481,-0.13627946,0.15808507438549954
Jema'A,2024,0.41085702,0.605796,0.061510768,0.1969846,-0.17476125,0.0009281598,-0.2350734183806069
Gumel,2024,0.7438342,-0.6540683,1.0439138,-0.29107362,-0.08862627,0.061227486,-0.12204750524915697
Binji,2024,0.16957279,0.7304476,-0.07286401,0.27989355,0.35094675,-0.047645755,0.009863750329573099
Kware,2024,0.013592767,-0.40396136,0.8121682,0.08789732,0.2594506,-0.034319192,-0.26998268775285217
Bunza,2024,-0.013534928,-0.048740543,0.98399055,0.12357265,-0.13874641,-0.09415454,0.2839873573673679
Mopa-Muro,2024,-1.0797772,0.3155985,-0.011493363,0.2815612,-0.08623938,-0.13497722,0.12889863605788476
Sokoto North,2024,1.1294398,-0.72579706,-0.98194647,-0.26512048,-0.16050108,0.15680873,-0.27313024482739884
Musawa,2024,-0.5876085,-0.5115544,1.3052421,-0.25537905,0.21017188,-0.04364546,-0.27313024482739884
Ethiope West,2024,0.80064034,0.0046506235,-1.1980867,0.17077965,-0.32181063,0.090097725,-0.2468052220220991
Ishielu,2024,-0.766806,-0.33321452,-1.0276785,-0.24959822,-0.09899194,-0.059911236,-0.2230554731868831
Sakaba,2024,-1.0128942,0.61169297,-0.44816285,0.09407025,0.28153682,-0.13170174,0.5048886356901002
Kudan,2024,0.032835525,-0.2703263,1.1639332,-0.2750583,-0.012562518,0.05828685,-0.27313024482739884
Kachia,2024,-0.022088224,-0.052673686,1.113898,0.27567822,-0.08092156,-0.123836316,0.3068786815458893
Sabon Birni,2024,0.5842982,0.33310282,1.1086476,0.21106389,0.31771812,-0.11894313,-0.036205039579701385
Uzo-Uwani,2024,-0.58429813,0.772435,-0.6931642,0.1370278,0.31718913,-0.04860889,-0.11861380662237862
Jaba,2024,0.052084338,-0.6062162,0.5486748,-0.090823434,0.07599971,-0.0019955705,-0.1778451079343032
Ibesikpo Asutan,2024,0.49169496,-0.6462064,-0.053063508,-0.2724912,-0.36117816,0.10219726,-0.27313024482739884
Sokoto South,2024,0.80418396,-0.64941233,-1.0125566,-0.2582743,-0.18981804,0.16642313,-0.27313024482739884
Yabo,2024,0.8771107,0.7007496,1.1651047,0.25054884,-0.099699624,-0.020923337,0.15665436662434204
Damboa,2024,1.0786377,0.5456207,-1.1726769,0.36444026,0.30871108,-0.18645068,0.02359854483668611
Matazu,2024,-0.6847421,0.17052585,-1.2311977,-0.27420267,0.3663507,-0.04490181,0.20243701498138525
Sandamu,2024,-0.028424583,-0.74913293,0.62103033,-0.2863679,0.05109396,0.013035316,-0.20016414900836169
Mashi,2024,0.020435283,0.05000912,-0.79817307,-0.1603716,0.16933553,-0.06758476,0.9103512152021622
Dan Musa,2024,-0.68618965,0.13457945,-0.2832896,0.20382285,0.34604225,-0.086331435,0.9784529046332637
Kura,2024,0.72393113,0.0086148335,0.3679623,-0.26179543,-0.28158402,0.11646504,-0.23564570148506983
Lere,2024,0.48693222,-0.39426386,1.2258241,0.17288893,-0.17818224,-0.10227382,0.33320370435118907
Zango,2024,0.4599996,-0.2551931,0.6010062,-0.29715833,0.19921954,-0.028657053,0.2788368094272008
Wurno,2024,0.8593658,0.68896806,-0.010722128,0.107623205,0.37050685,0.029529292,-0.22877830423151355
Gudu,2024,0.3976716,0.7886392,-1.2320526,0.3023275,0.3038948,-0.14617477,0.4997380877499331
Gwiwa,2024,0.66832227,0.07302292,1.2742594,-0.29928255,0.14025697,0.0074009188,-0.19873344124720416
Birnin Kebbi,2024,0.13924387,-0.65604866,-0.47905368,0.07012612,-0.19507016,-0.029075455,-0.12376435456254616
Suru,2024,-0.5203271,0.49872965,1.2987072,0.1379006,0.06353844,-0.10476642,0.4078866494836154
Numan,2024,-0.9504588,-0.10980247,1.0750257,0.12811321,-0.25953215,-0.099482924,-0.23936554166407945
Biu,2024,0.78946424,0.73409456,0.10046811,0.35032904,0.38022384,-0.12197015,0.012725165851888123
Kaduna South,2024,0.9064086,-0.68543065,-0.87741077,-0.25474903,-0.3189729,0.16818145,-0.27313024482739884
Dikwa,2024,0.8862436,0.6793993,1.261428,0.32133192,0.30466378,-0.13376908,-0.17498369241198777
Zaria,2024,0.88534075,-0.19623744,0.8173475,-0.06631881,-0.22738159,0.15188627,-0.27313024482739884
Kalgo,2024,-0.6319438,0.4039446,0.981116,0.0146547025,-0.19083607,-0.049235083,0.23763242590586175
Yankwashi,2024,0.7741453,-0.71393996,1.0163462,-0.28906307,0.23497427,0.0018717161,0.13948587349045108
Kaura,2024,0.6674396,-0.28896526,0.37453434,-0.0013778704,0.09841765,0.08144645,-0.07082816739971537
Lamurde,2024,-0.20536314,-0.24033715,1.293363,0.09022748,-0.1338514,-0.11269813,-0.07769556465327167
Monguno,2024,-0.029909987,0.6952381,-0.2518261,0.27870062,0.34511712,-0.14543995,-0.15981819014371765
Enugu East,2024,-0.34449634,-0.5642293,-1.2371317,0.07288798,-0.36263764,0.12921429,-0.27313024482739884
Ngala,2024,1.0797766,0.7084366,0.60757977,0.3364874,0.34984684,-0.02455247,-0.13835757372635374
Gubio,2024,1.0645198,0.7165303,0.47903013,0.29126823,0.32934776,-0.12297513,-0.2427992402908578
Yagba East,2024,-0.356141,0.5012125,-0.7817994,0.26375285,0.24454431,-0.086293615,-0.10459287056303436
Chibok,2024,-0.60113287,0.21016657,0.7230232,0.20545545,0.31383857,-0.13443723,-0.24308538184308948
Tureta,2024,-0.06894214,0.71490335,1.1358886,0.32076734,0.038121946,-0.12151042,0.8436802335322184
Gashaka,2024,-0.46625248,-0.30653542,1.2789613,0.32542673,0.038974594,-0.12446341,1.4880710091575984
Bauchi,2024,0.0075006066,0.41439834,0.88129556,0.20509401,-0.33653483,-0.03933681,-0.2359318430373015
Hawul,2024,0.050049838,-0.23202185,0.90008706,0.19627768,0.3045131,-0.14337519,-0.13606844130850124
Uruan,2024,0.950506,0.4400307,1.2472358,0.21575576,0.0010067577,0.13721496,-0.22076634076903098
Mayo-Belwa,2024,-0.96404636,-0.52188915,0.59379524,0.05988681,-0.09545804,-0.16974004,0.694600484819597
Mubi South,2024,-0.7400553,-0.2921675,1.3584265,-0.26010916,0.008872409,-0.0102014635,-0.14379426321875255
Etsako West,2024,0.009290994,0.3935509,-0.8272231,0.17757407,-0.31535107,-0.009968866,-0.26168458273813794
Fune,2024,0.8824212,0.52624303,0.6398574,0.2999567,0.08926501,-0.14671092,1.8311547302831892
Mobbar,2024,1.0506792,0.71243405,0.59788024,0.31049162,0.3388068,-0.13231532,-0.17755896638207153
Potiskum,2024,0.97691464,0.5101672,-0.79856396,0.05370813,-0.17185834,0.11550548,-0.15523992530801303
Gwoza,2024,1.0838076,0.68783486,-0.88557667,0.37297985,0.32271242,-0.14716184,0.12288966346102304
Guzamala,2024,0.9881834,0.5260307,0.60167116,0.3185762,0.3141487,-0.16196373,-0.1655410211883477
Maiha,2024,-0.77535284,0.76670605,0.99218905,0.17915356,0.22121812,-0.12402467,0.17668427528054842
Gulani,2024,-0.24918066,0.5414698,1.3294023,0.27298695,0.2897751,-0.13683145,0.9166463293512556
Zing,2024,-0.78616333,-0.25313553,0.43465912,-0.102043584,0.010054452,-0.07327037,0.49258454894414516
Orelope,2024,0.6305146,-0.21605408,-0.8667672,0.31035915,0.11118223,-0.106059246,-0.021897961968125455
Nsit Ibom,2024,0.658098,-0.15481544,-0.25772166,-0.23538397,-0.19922495,0.115599304,-0.27313024482739884
Fufore,2024,-0.74053013,-0.15972462,0.8691141,0.20442395,0.2280984,-0.1365682,0.7323711697141576
Mkpat Enin,2024,0.7827955,-0.60974765,-1.2310948,-0.30149424,0.086866,0.08726277,-0.27141339551400967
Owan West,2024,-0.48264062,0.47430626,-1.1905589,0.24805564,-0.17405467,-0.04769762,-0.21590193438109512
Kaga,2024,0.9046783,0.188562,1.298416,0.3425146,-0.13401905,-0.12816599,-0.1426496970098263
Karim Lamido,2024,-1.0960797,-0.3911439,1.1646729,0.28839016,0.35352263,-0.11607724,0.5186234301972132
Kukawa,2024,1.1520762,0.71601564,-0.6829306,0.3648042,0.35796684,-0.14580905,0.007288476359489334
Gombi,2024,-0.54601234,0.64196444,1.3518255,0.25961775,-0.019607149,-0.12860435,0.03218279140363158
Guyuk,2024,-0.23244445,-0.16687147,1.2803606,-0.03289399,0.23254892,-0.0068052565,0.019878704657676088
Tudun Wada,2024,1.0133291,0.555297,1.217967,0.23844287,0.178414,0.009085169,-0.20130871521728752
Saki West,2024,-0.23078261,0.7550336,-1.2052319,0.36207134,-0.1238542,-0.020790324,-0.07111430895194663
Toungo,2024,-1.1053985,0.5587341,1.054018,0.33746654,0.16985635,-0.11097673,0.6634110556263617
Abua/Odual,2024,1.1221184,0.6971437,0.089180484,0.11316623,0.37012804,0.16225222,-0.16754401205396854
Bungudu,2024,-0.06987818,0.4216787,1.2339194,0.09073707,-0.16197859,-0.072243646,0.00042107910593303224
Shani,2024,-0.20482084,0.10897558,1.1438639,0.06795917,0.31622252,-0.12918709,-0.2213386238734939
Shagari,2024,0.60046387,0.65427065,0.7934262,0.29763713,-0.02681841,-0.07246681,0.015014298269740222
Yunusari,2024,0.025019621,0.38970482,0.36822033,0.2822685,0.32321382,-0.1341128,1.4594568539344464
Ganye,2024,-0.54129463,-0.022680156,0.21797301,0.21872005,0.013316301,-0.12766433,0.1354798917592098
Jada,2024,-0.6658336,-0.28698245,-0.1263427,0.25085747,0.09109277,-0.14295644,0.4662595261388454
Bali,2024,-0.72061145,-0.29932994,0.91113025,0.3391608,0.1533597,-0.11423904,1.2811906668942104
Shelleng,2024,-0.27802026,0.23666671,1.2577122,0.12175476,0.13114877,-0.090669826,0.14578098763954445
Okitipupa,2024,0.53947026,0.57595813,-1.2048473,0.2195535,-0.20436051,0.07812629,-0.22477232250027226
Bayo,2024,-0.34872904,0.16834593,0.06986933,0.09827115,0.32068914,-0.13501242,-0.13749914906965915
Ikot Abasi,2024,0.50588197,0.17208152,0.9308704,-0.2684896,-0.22715421,0.0803115,-0.2376486923506907
Maiduguri,2024,1.0936387,-0.68979245,-0.3033024,-0.2421332,-0.11379264,0.14393258,-0.27313024482739884
Gujba,2024,0.94037545,0.73711824,0.8336055,0.3174574,0.30243888,-0.140373,1.245136831313039
Esan North-East,2024,0.24146041,-0.09101008,-1.1805376,0.14323777,-0.0031821006,0.062034957,-0.27284410327516717
Tafawa-Balewa,2024,-0.11109953,0.16948697,1.08806,0.1199367,0.12350526,-0.09497457,-0.07082816739971537
Nangere,2024,-0.9845262,0.28169206,1.2194668,-0.11441465,0.02773523,-0.117856115,0.18097639856402137
Ika,2024,0.21285984,-0.65318567,-1.2778591,-0.27575338,0.34438443,0.09465952,-0.27313024482739884
Dambam,2024,0.18306485,-0.31176493,0.9042172,0.047243755,0.092850484,-0.08050383,-0.09772547330947806
Ganjuwa,2024,0.037814233,0.67853546,-0.07817726,0.22254321,0.11349534,-0.13979405,1.106072036928521
Nganzai,2024,1.089615,0.16258931,-1.2101579,0.38588622,0.31863427,-0.17329097,-0.20674540470968672
Ahoada West,2024,1.0678259,0.117737375,0.006476263,0.0641321,0.022099067,0.1490091,-0.26654898912607383
Song,2024,-0.51471144,-0.67174274,1.353669,0.27823013,-0.09538288,-0.14650817,0.7687111468475604
Oshimili North,2024,0.61752045,-0.2022263,0.75084955,0.05801446,-0.38034043,-0.016848737,-0.25624789324573916
Gokana,2024,1.013717,-0.68940973,1.2261206,0.0743592,0.037382323,0.14277966,-0.25624789324573916
Bukkuyum,2024,0.8706304,0.7243631,-0.74036753,0.28035548,0.350171,-0.12578045,1.4030869681448372
Damaturu,2024,0.017960561,0.69915456,-0.876119,0.3092796,-0.33060518,-0.15510933,-0.12118908059246239
Geidam,2024,0.6674763,0.73283833,0.51570404,0.3068265,0.33469263,-0.12087252,0.9764499137676431
Tarmuwa,2024,0.3825772,0.6653855,0.54916066,0.29779458,0.30067602,-0.14269163,1.5284169680222426
Madagali,2024,-0.32935035,0.5671267,-0.572177,0.11618936,0.31755358,-0.047755565,-0.2605400165292121
Michika,2024,-0.9586395,-0.24407156,1.2592592,-0.25392908,0.0832125,-0.05231322,0.20959055378717323
Mubi North,2024,-0.69935155,0.1736877,1.3172742,-0.02195238,-0.1717178,-0.026290994,-0.08999965139922676
Owan East,2024,-0.013787717,0.15586145,-0.97612363,0.21828188,0.13946106,-0.102428466,-0.06739446877293702
Hong,2024,-0.81137866,0.42957217,-1.2157311,0.2351167,-0.24937832,-0.16774875,-0.07168659205640955
Nassarawa,2024,1.0268701,-0.6670814,0.3724137,-0.24939609,-0.23423809,0.14634463,-0.27313024482739884
Sabuwa,2024,-0.28763068,0.3710639,-1.2256926,0.23158091,0.33490434,-0.025184074,-0.22734759647035604
Ohaozara,2024,-0.539906,-0.5066405,-1.2330643,-0.10985797,0.36962435,0.12510891,-0.27313024482739884
Kaura Namoda,2024,0.42987132,-0.522023,1.0475532,0.11303607,0.07604659,0.037985787,0.0811129968352211
Dutsi,2024,-0.46843827,-0.5500868,0.5919452,-0.26598474,0.16650231,-0.014977775,0.1131608506851513
Kabo,2024,0.5736001,-0.39932644,0.9481936,-0.28654495,0.084225945,0.07553541,-0.27313024482739884
Dandume,2024,-0.522477,0.15293355,-0.72029346,-0.27275157,0.31922755,-0.022248615,-0.27313024482739884
Dawakin Tofa,2024,0.06796674,-0.29224202,0.8837862,-0.25749648,0.15699136,0.12114604,-0.27313024482739884
Gezawa,2024,1.0674919,-0.27800742,0.9484258,-0.074485764,-0.051287048,0.13628261,-0.27313024482739884
Bodinga,2024,0.8015988,-0.6586335,-0.9814087,0.22955987,-0.12498801,-0.0024629855,-0.2376486923506907
Zurmi,2024,0.6721613,0.13206117,-0.06604961,0.20995766,0.3548425,-0.09294266,0.9498387494101118
Warawa,2024,1.0315901,-0.34514466,0.91755235,-0.2920747,-0.006739872,0.08384382,-0.17412526775529358
Tangaza,2024,0.015454598,-0.039224993,-0.4272146,0.20880105,0.3273061,-0.15339053,0.11745297396862425
Maigatari,2024,1.0160677,0.7159132,1.2491176,0.09183687,0.21606827,0.004650681,0.2113074031005624
Danja,2024,-0.64490896,-0.49917293,1.3271844,-0.25563067,0.21662581,-0.0413155,-0.27313024482739884
Fagge,2024,0.18499295,-0.636355,-1.2134582,-0.2593793,-0.33497825,0.17848016,-0.27313024482739884
Jibia,2024,0.005794301,-0.06599071,-0.9284438,0.05309117,0.21895806,-0.07459647,0.19299434375774518
Eleme,2024,1.087246,-0.6304842,-0.7474693,-0.27520975,-0.3240369,0.11791207,-0.27141339551400967
Bebeji,2024,0.96853137,0.318333,1.2740515,0.010760324,-0.25309882,0.03473845,-0.2138989435154747
Rano,2024,1.0229172,0.5807543,1.2474405,-0.094383925,0.32293984,0.09692786,-0.2130405188587801
Tarauni,2024,0.76859087,-0.76753193,0.91013575,-0.26892656,-0.33734104,0.1206612,-0.27313024482739884
Etinan,2024,1.0454513,-0.39526716,-1.1997539,-0.27374512,-0.04393878,0.12558033,-0.27313024482739884
Yewa South,2024,-0.21360338,0.13175113,0.21178997,-0.057575345,0.03547833,-0.014062083,-0.25767860100689666
Argungu,2024,0.4008696,0.16855161,1.3035402,0.11981642,-0.054291837,-0.022321083,-0.022756386624820043
Kiru,2024,1.0541548,-0.4107766,0.4567147,0.047486242,0.17529416,0.015719267,0.09112795116332449
Batagarawa,2024,-0.49216077,0.21172683,0.62897116,-0.2393397,-0.11637032,0.04061222,-0.27313024482739884
Bomadi,2024,0.70979315,-0.13082394,-0.7540879,-0.17034142,0.3981519,0.12813815,0.02331240328445444
Kwaya Kusar,2024,-0.75319356,0.3658876,1.1898589,0.11042708,0.33677775,-0.1301983,-0.19901958279943543
Igbo-Etiti,2024,-0.1946854,-0.3682602,-1.234127,0.11357046,0.02670861,0.12253795,-0.27313024482739884
Doguwa,2024,0.74928445,0.50442445,0.9211632,0.27433655,0.32046703,-0.07097997,-0.1778451079343032
Bade,2024,0.81542706,0.57051575,0.038664587,0.26757297,0.026339993,-0.07106825,0.47226849873570714
Itu,2024,1.0832951,-0.30441603,-1.2340101,-0.18738717,-0.32777992,0.12496752,-0.26912426309615756
Bama,2024,0.998144,0.33021063,1.1781548,0.3147699,0.2901479,-0.15855512,0.035044206925946605
Gada,2024,0.83623517,0.13217287,0.18842353,0.015942905,0.3579505,-0.052043464,-0.14923095271115133
Gusau,2024,0.43021455,0.31794056,-0.3727851,0.26755077,-0.3634639,-0.043665573,-0.15924590703925431
Lagos Mainland,2024,0.24737053,-0.7206156,-1.2405134,-0.25687003,-0.299415,0.17721535,-0.27313024482739884
Kaita,2024,0.110348426,0.07536348,0.6079496,-0.0951551,0.34004864,0.0023519832,0.2227530651898229
Minjibir,2024,1.0531334,-0.24692647,0.46791148,-0.27737096,0.25241536,0.13592774,-0.27313024482739884
Ini,2024,0.57906795,0.09957002,-1.2731937,-0.16155274,0.24568608,0.02030335,-0.1784173910387661
Talata Mafara,2024,0.2378598,0.16480358,-0.52866447,0.19105913,-0.055339154,-0.056534875,0.3695436814845918
Gwandu,2024,-0.17124593,-0.061810076,1.3255988,0.15132737,-0.08289742,-0.04076146,-0.03878031354978515
Birnin Magaji-Kiyaw,2024,0.42656407,0.14075166,0.442168,0.24562182,0.31881595,-0.03918909,-0.06310234548946407
Shanono,2024,0.7088103,-0.1861533,0.9236043,-0.27804735,0.34914443,0.026267787,-0.27313024482739884
Rogo,2024,1.0386521,0.14181396,1.2472286,0.03396031,0.30087268,0.039771523,-0.23879325855961653
Batsari,2024,-0.30917373,-0.12716053,-1.2331904,0.13533828,0.3361441,-0.040800557,0.2805536587405896
Eket,2024,0.18756136,-0.7552802,-0.71420705,-0.2611916,-0.27470666,0.09736796,-0.26912426309615756
Okobo,2024,0.8183542,-0.5436376,-1.2132303,0.23197612,0.24622707,0.1041412,-0.23478727682837525
Kano Municipal,2024,1.0203389,-0.6015648,0.054035068,-0.2494394,-0.1984482,0.15747556,-0.27313024482739884
Bursari,2024,-0.024303272,0.6931974,-0.042840887,0.27203494,0.3404185,-0.13380706,1.9101297986990882
Maiyama,2024,0.42160445,0.39534116,0.23486835,0.16910385,-0.17316768,-0.0653196,-0.15895976548702306
Lagos Island,2024,0.26945353,-0.70473,-0.7950189,-0.24296236,-0.3133092,0.17494388,-0.27313024482739884
Madobi,2024,0.93887466,-0.025167717,0.9254294,-0.27919868,0.26261178,0.08834357,-0.27313024482739884
Miga,2024,0.8358155,0.26976186,1.2324375,-0.104853995,0.13134795,0.002373144,0.3623901426788039
Rimi,2024,-0.38540688,-0.13048322,0.063283704,-0.2379469,0.050531283,0.041785818,-0.19730273348604624
Gabasawa,2024,1.0589383,-0.30134377,-1.2366797,-0.17211878,0.2454461,0.09152188,-0.21017910333646467
Aleiro,2024,-0.5519061,0.23605238,0.97338325,-0.2543209,-0.15988386,0.00044495016,-0.27313024482739884
Ungogo,2024,0.99478084,-0.42283323,-0.27801722,-0.25277707,0.017170977,0.16984002,-0.27313024482739884
Tambuwal,2024,0.5759097,-0.35257846,1.0650698,0.2218661,-0.01543427,-0.108947165,0.06709206077587683
Jega,2024,0.47483864,0.35982874,-0.71559143,0.1291136,-0.2269698,-0.030803146,-0.23392885217168066
Katsina,2024,0.46394894,-0.20863613,1.2612356,-0.25516948,-0.34748337,0.13069542,-0.2719856786184726
Dawakin Kudu,2024,1.0346137,0.36685503,1.0092767,-0.1400923,-0.20214854,0.11586238,-0.21904949145564181
Arewa Dandi,2024,-0.36130518,0.590296,1.3470317,0.22639474,0.19185284,-0.14762041,0.39558256273766035
Etim Ekpo,2024,0.808054,-0.33377838,-0.27101952,-0.2433949,-0.18350868,0.088089414,-0.27313024482739884
Albasu,2024,0.9621988,-0.23823653,1.2480785,-0.18661286,0.177534,0.08264323,-0.27313024482739884
Marte,2024,0.94296026,0.5223974,0.6002559,0.31871426,0.31352141,-0.15933353,0.28370121581513624
Kumbotso,2024,0.91042525,-0.4996026,0.17455073,-0.26351658,-0.33923623,0.13002162,-0.27313024482739884
Kazaure,2024,1.0309209,0.13419758,-0.8165493,-0.27224812,0.09773647,0.07384246,-0.21132366954539092
Malumfashi,2024,-0.46269348,-0.22971614,0.07351526,-0.25524306,-0.1770297,-0.06994192,-0.27313024482739884
Udi,2024,-0.4898174,0.16385593,1.2568557,0.027854355,-0.2719148,0.07763844,-0.268265838439463
Dutse,2024,0.59741706,0.33744544,1.0903395,0.028746111,-0.26725763,-0.0031258978,-0.27313024482739884
Gwaram,2024,0.406196,0.5577281,1.0101117,0.035790514,0.050391678,-0.064659886,0.23076502865230544
Zangon Kataf,2024,0.78671795,0.53353167,0.50123674,0.27109092,0.07790663,-0.08128779,0.262526740950004
Kiyawa,2024,0.5956809,-0.3571379,0.972641,-0.055661716,0.03645976,-0.0657844,-0.04993983408681439
Zaki,2024,0.010432038,0.38997483,0.97392344,0.040645175,0.12802787,-0.100146785,-0.043930861489952275
Opobo/Nkoro,2024,1.0975518,-0.6047712,0.08157244,-0.079542905,0.3979241,0.1609749,0.5074639096601841
Shira,2024,0.48158956,0.2608109,1.2302163,-0.100489035,0.23893708,-0.03786169,-0.27313024482739884
Dass,2024,-0.6070395,-0.09596477,1.2857978,-0.09460152,0.12635507,-0.07888642,-0.21275437730654845
Enugu North,2024,-0.9264295,-0.72114116,-1.2036656,-0.26093158,-0.3548488,0.14660507,-0.27313024482739884
Buji,2024,0.21544959,-0.17007788,1.0076511,-0.096586905,0.33144364,-0.04132131,0.07395945802943313
Ukanafun,2024,0.5029587,-0.23259582,-1.2562064,-0.15704593,0.26550987,0.12452163,-0.27313024482739884
Agaie,2024,-0.7723112,0.5715536,-1.2220432,0.137741,-0.17037515,-0.14622332,-0.173266843098599
Bagwai,2024,0.22226436,-0.27396157,0.24543823,-0.26177824,0.37063143,0.059808087,-0.27313024482739884
Kajuru,2024,-0.5208483,0.20140128,0.76650804,0.26246247,0.057535507,-0.13249728,0.5486682931815227
Katcha,2024,-1.0525165,0.534345,-0.0016355081,0.12706284,-0.3233816,-0.14619347,0.0029963530760167977
Kafur,2024,-0.24331166,-0.5909611,1.3129098,-0.27364957,0.20691173,-0.06808089,-0.27313024482739884
Wasagu-Danko,2024,-0.059258513,-0.39292702,0.8900902,0.21000169,0.20445932,-0.14376092,0.8745835211732224
Bida,2024,-0.6991454,0.16951554,-0.9109459,-0.2803349,-0.35175374,-0.0102626765,-0.23335656906721775
Kirfi,2024,0.03010518,0.70859385,0.6897806,0.26017666,0.011365888,-0.12513961,0.783304366011368
Dandi,2024,0.5429476,0.60515267,0.94007933,0.22969854,0.019322624,-0.1375745,0.10486274567043709
Bagudu,2024,0.5181583,0.704273,1.2513965,0.29975128,0.14652205,-0.12683196,0.479994320645958
Kankara,2024,-0.40569887,0.36770797,-1.220254,0.030073203,0.33418298,-0.028659647,0.32662244864986406
Itas/Gadau,2024,0.5328065,-0.4783741,-0.7818266,0.11392831,0.19259539,-0.092678234,-0.12204750524915697
Apapa,2024,0.7679288,-0.61987567,-1.2241251,-0.27009788,-0.28337103,0.1586618,0.10457660411820584
Ondo East,2024,0.7116057,0.57236046,-0.9716127,-0.0658218,-0.28139013,-0.006354821,-0.16897471981512605
Warji,2024,-0.2725906,0.12371109,-0.7254782,-0.089592226,0.3239565,-0.035292026,0.3251917408887065
Katagum,2024,0.80157596,0.09651594,-0.5192544,0.11772965,-0.16839632,-0.027140468,0.019878704657676088
Mani,2024,-0.24041367,-0.4358217,-1.2478893,-0.2921218,0.25185078,-0.038503483,-0.16725787050173688
Sanga,2024,-0.96980745,0.28617337,1.2735348,0.085774586,-0.17976649,-0.12124859,0.045059161254050004
Bogoro,2024,-0.5753716,0.2080892,1.2582092,0.06534159,0.12413948,-0.093264386,-0.07712328154880875
Fika,2024,-0.29440293,-0.16912119,1.3324262,0.17105798,0.22972368,-0.1325161,0.8425356673232923
Kuje,2024,-0.010947462,0.13833778,-0.015152199,0.119420454,-0.10738279,-0.10252667,-0.17670054172537694
Sule Tankarkar,2024,0.6727552,0.06720117,1.0804356,0.07397214,0.1481438,-0.09386989,0.6837271058347995
Ibadan North East,2024,0.37167758,-0.7381772,0.547984,-0.24643816,-0.25142214,0.13265535,-0.27313024482739884
Bindawa,2024,-0.65845203,-0.061153494,1.3360275,-0.26801094,0.29342064,0.0060881856,-0.27313024482739884
Ilorin South,2024,-0.2582107,-0.36347938,-1.2673882,-0.13009591,-0.3498395,0.11811438,-0.27313024482739884
Gamawa,2024,0.88474077,0.5291553,0.2053879,0.23214719,0.13252701,-0.10096519,1.0402594799152716
Kafin Hausa,2024,0.96517485,0.5470624,0.1647378,0.0891091,0.19552621,-0.03666967,0.1967141839367548
Ado Odo/Ota,2024,-0.48753226,-0.53803325,-0.5318563,-0.09825558,-0.25086278,0.12806074,-0.2719856786184726
Garko,2024,1.0665474,0.18500869,0.15057962,-0.098858416,0.23471338,0.06881321,-0.27313024482739884
Kubau,2024,0.50258285,0.56428945,1.1802626,0.1611843,0.047703758,-0.09885053,0.23934927521925092
Wukari,2024,-0.7721087,0.5110595,-0.8201265,0.23987919,0.32604998,-0.14317523,0.26681886423347695
Gwarzo,2024,0.8940951,-0.21121076,1.0556886,-0.28977007,-0.0064081107,0.07743729,-0.27313024482739884
Oyigbo,2024,-0.3016656,0.32875845,-0.14670728,-0.27088565,-0.27705318,0.056620322,-0.27313024482739884
Ughelli South,2024,0.68612593,0.54960823,-1.1709303,0.07168475,0.1946051,0.035880443,-0.16439645497942185
Fakai,2024,-0.5891254,0.54264003,-0.31642076,0.11136372,0.23211187,-0.12863323,1.2992175846847962
Kaugama,2024,0.8298383,-0.2752858,-0.30480132,0.11216921,-0.030553816,-0.07281095,0.7855934984292201
Esan Central,2024,0.048120182,-0.035491813,-0.6351678,-0.27402824,-0.15223822,0.05942838,-0.27313024482739884
Goronyo,2024,0.67801577,0.5033555,0.6608509,0.27484137,0.32608664,-0.113922715,0.30888167241151016
Ibarapa East,2024,0.29687354,0.3992029,-1.1938415,0.11261011,-0.1532611,-0.055540994,-0.22963672888820813
Ikpoba-Okha,2024,0.13552178,0.6905433,-0.90160584,0.32916495,-0.35862005,0.1544238,-0.2631152904992959
Awgu,2024,0.38799912,-0.48017168,0.5510012,-0.2757684,-0.33562613,0.06065172,-0.27313024482739884
Olorunsogo,2024,-0.6668603,0.4061998,-0.88722885,0.3192764,0.06367136,-0.15015942,-0.17412526775529358
Kabba/Bunu,2024,-0.33793005,0.76812893,-1.1730257,0.39259782,-0.28425682,-0.1448697,0.06938119319372893
Ningi,2024,0.6414417,0.7050254,1.2608894,0.29192623,0.21777646,-0.10018026,0.9123542060677828
Kurmi,2024,-0.87560016,-0.5039477,-1.1751084,0.4264666,0.34756494,-0.17590745,1.1229543885101805
Bakori,2024,-1.0719543,-0.287864,1.3117965,-0.25230703,-0.10168268,-0.04822755,-0.24909435443995118
Nsit Atai,2024,0.8278632,-0.7265958,1.2314419,-0.29746288,0.05849955,0.077791095,-0.27313024482739884
Kankia,2024,-0.5176939,0.14773414,1.1140171,-0.26407415,0.040321134,-0.055109378,-0.16754401205396854
Gagarawa,2024,0.4798837,0.15298061,1.0393738,-0.10217112,0.15008168,-0.06783554,0.18240710632517887
Giade,2024,0.43555793,0.3114824,0.8831608,-0.075219385,0.27435553,-0.021048492,-0.27313024482739884
Iguegben,2024,-0.47643855,-0.25275743,-1.1899793,-0.050110582,-0.045696855,-0.06610418,-0.27313024482739884
Akure North,2024,-0.4788181,-0.57926553,-1.2306668,0.033874325,-0.3580814,-0.08022937,-0.27255796172293595
Khana,2024,1.0555017,-0.6599789,-1.1958151,-0.19681524,-0.0057480386,0.118500695,-0.2427992402908578
Oruk Anam,2024,0.98859435,-0.20819996,-1.1983775,-0.065834135,-0.0027223034,0.07821706,-0.27313024482739884
Misau,2024,0.7730499,0.1851389,0.8314389,-0.054622166,0.15892524,0.004048396,-0.27313024482739884
Kolokuma/Opokuma,2024,0.46281284,-0.29196507,-0.82589555,0.1159777,-0.17480966,-0.027543668,-0.07140045050417829
Karaye,2024,0.7907241,-0.70231694,0.9132459,-0.13773113,0.34036657,0.05369293,-0.27313024482739884
Sagbama,2024,0.45881078,0.5484877,-0.656752,0.11984637,0.14405797,-0.02966525,0.16666932095244544
Garki,2024,0.8162875,0.31775492,1.1795423,0.106737755,0.2838282,-0.08427423,1.3209643426543916
Mai'Adua,2024,0.07676705,-0.29162237,0.5825799,-0.040941965,0.14201245,0.036158882,0.29657758566555464
Ezza North,2024,-0.44625416,-0.5910766,0.75319594,-0.275796,0.15998301,0.03405367,-0.27313024482739884
Ibi,2024,-0.79867244,0.7470663,-0.45252416,0.3186663,0.36339015,-0.13736221,1.4291258493979055
Omala,2024,-0.7285002,0.59386635,-1.2245692,0.1654022,0.3363308,-0.15752444,-0.04879526787788814
Ile Oluji/Okeigbo,2024,-0.9616331,-0.28840318,1.2069334,-0.15756272,-0.33330402,-0.043384474,-0.27313024482739884
Baure,2024,0.10740581,-0.5129338,0.22989853,-0.16100535,0.2484693,-0.034707926,0.8428218088755238
Dutsin Ma,2024,-0.17442286,-0.10162645,-1.2157933,-0.1755445,0.22981489,-0.014513536,0.16924459492252877
Uhunmwonde,2024,-0.70389616,0.17655694,-1.2342714,0.21373703,-0.36410743,-0.1645104,-0.2596815918725175
Taura,2024,0.753578,-0.021086644,1.120435,-0.091470115,-0.15632348,-0.04242745,0.7106244117445621
Ughelli North,2024,0.646324,-0.08576154,-0.729997,0.1407635,-0.356064,0.11854101,-0.26769355533500006
Orhionmwon,2024,0.43420142,0.35544404,-1.0111579,0.2413326,-0.15942442,-0.17210534,-0.22076634076903098
Soba,2024,0.6250347,0.5384122,1.3126,0.1288985,0.07444563,-0.04768289,-0.05537652357921318
Karasuwa,2024,0.67674744,0.6771403,-1.1801637,0.21184878,0.066402964,-0.1424375,1.4139603471296351
Ondo West,2024,0.79063106,0.15961789,-1.2207782,0.2560675,-0.14592357,0.1180913,-0.22877830423151355
Ika South,2024,0.166522,-0.5206352,-1.2289436,-0.11175362,-0.33539712,0.10007892,-0.27313024482739884
Oye,2024,0.17514735,-0.5381164,-0.95881057,0.13446127,0.24301945,-0.03852358,-0.27313024482739884
Bichi,2024,0.69787586,0.2093156,1.2789613,-0.2839844,0.22555894,0.06038372,-0.27284410327516717
Kwali,2024,0.045472,-0.30165347,1.2460883,0.050528448,-0.2618701,-0.0637686,-0.10602357832419187
Oyo West,2024,-0.9095669,0.19531101,-1.2038994,0.2512441,-0.36525044,0.04234786,-0.2608261580814433
Kusada,2024,-0.67543423,0.18588911,0.78020406,-0.273184,0.13735922,-0.051040802,-0.27313024482739884
Roni,2024,-0.07774879,0.1669852,0.9907856,-0.2593139,0.3286323,-0.005561185,-0.27313024482739884
Toro,2024,-0.53837514,0.38505942,0.7405226,0.25787008,-0.18994156,-0.1389879,0.49887966309323856
Akure South,2024,0.63863724,-0.23223263,-1.238364,-0.27333912,-0.3226053,0.1381257,-0.27313024482739884
Igabi,2024,1.0705284,0.3419584,0.97599596,0.3526372,-0.31294647,-0.04291982,-0.12920104405494495
Okene,2024,0.6933851,-0.24649417,-0.8700485,-0.24457254,-0.09476766,0.17164268,-0.26168458273813794
Onitsha South,2024,-0.73459387,-0.70633113,0.09068888,-0.24558142,-0.30180055,0.15335315,-0.26912426309615756
Agatu,2024,-0.9082534,-0.4120484,0.23481618,-0.043235898,0.18214579,-0.115392566,-0.00015120399852989116
Dala,2024,1.0323789,-0.65414494,0.38925165,-0.28886697,0.09857421,0.15940006,-0.27313024482739884
Anka,2024,-0.38934642,0.58063024,-0.7238206,0.26556626,0.31025204,-0.14683127,0.8459693659500706
Tofa,2024,0.040285233,-0.21322054,0.8781286,-0.2775132,-0.019453002,0.06608524,-0.27313024482739884
Ingawa,2024,-0.1708259,0.100330174,0.6978461,-0.07385145,0.25556317,-0.0065666325,0.061083088179015116
Uvwie,2024,-0.25633848,-0.6834951,-0.75822556,-0.24201544,-0.29987538,0.14828126,-0.26712127223053717
Idanre,2024,-0.87730783,0.07016387,-1.2167513,0.2605777,-0.17420064,-0.16480468,-0.049367550982351474
Okpe,2024,0.88076615,0.38475922,-1.1668687,-0.028086908,-0.15853076,0.055855755,-0.25395876082788704
Anambra West,2024,0.83916086,0.20494705,-0.5438139,0.24301615,0.35069013,0.04253721,0.5108976082869624
Mushin,2024,0.7105224,-0.6753612,-1.2100427,-0.24969088,-0.18265316,0.1660002,-0.27313024482739884
Shagamu,2024,-0.5422263,0.57437086,1.3697962,-0.086758524,-0.3286785,0.111802965,-0.27313024482739884
Biase,2024,-0.26724124,0.638017,1.2289547,0.04034546,0.177478,-0.053539146,0.04877900143305962
Gaya,2024,0.9728359,-0.35594282,1.296588,0.028086044,0.04282825,0.08202782,-0.27313024482739884
Charanchi,2024,-0.77031016,-0.49962214,0.61222965,-0.26681697,0.06777901,-0.036432773,-0.13978828148751127
Etsako Central,2024,-0.28491345,-0.50169986,-1.080594,0.12157246,0.3334536,-0.10602256,-0.11489396644336901
Darazo,2024,0.493053,0.6798559,0.7286846,0.2735517,-0.080115765,-0.1148721,-0.13063175181610245
Ijumu,2024,-0.5721371,-0.55010885,-1.2194923,0.17759462,-0.07574995,-0.17089224,0.13433532555028355
Irepodun,2024,-0.73081756,-0.31137997,-1.2010903,-0.033578534,-0.19878893,-0.056472097,-0.24909435443995118
Egbeda,2024,0.4058234,-0.13998109,-1.2578187,-0.2682438,-0.36243558,0.137079,-0.27313024482739884
Akoko South East,2024,-0.5227027,-0.30076742,-0.9021191,-0.12094771,-0.11972873,0.07963608,-0.27313024482739884
Faskari,2024,0.14311294,0.34265873,0.36639938,0.09425267,-0.054821033,-0.07606952,0.19270820220551352
Makarfi,2024,-0.17205068,-0.0069351755,1.2887617,-0.2707524,-0.19316648,-0.013240996,-0.27313024482739884
Udu,2024,-0.1963626,-0.13893636,-0.93475175,-0.24194671,-0.016560828,0.14894119,-0.2722718201707043
Bunkure,2024,1.009395,-0.29831332,0.9162479,-0.26403984,0.33923352,0.07467206,-0.23564570148506983
Funtua,2024,0.19396411,-0.28193247,0.7224178,-0.26026273,-0.19605537,0.08647135,-0.27313024482739884
Dambatta,2024,0.8158951,0.14989987,0.9510582,-0.29764932,0.15948209,-0.0065287426,-0.27313024482739884
Jakusko,2024,0.7843735,0.6885224,1.2722255,0.2902929,0.30987012,-0.13139534,1.749890529449438
Gwale,2024,1.1058234,-0.6768822,-0.3040242,-0.2343802,-0.18099335,0.15764497,-0.27313024482739884
Babura,2024,0.9964737,0.14524262,1.2499532,0.027729519,0.3123231,-0.019127287,0.023026261732222778
Sapele,2024,0.67916536,0.5776413,-0.5561014,0.20638923,-0.32550034,0.090440944,-0.2213386238734939
Ika North East,2024,0.8058723,-0.24534558,1.16377,0.108874686,-0.31733397,0.088301845,-0.27313024482739884
Surulere,2024,0.2063615,-0.7557351,-1.222079,-0.26140448,-0.31249267,0.16777287,-0.27313024482739884
Garun Malam,2024,0.5931512,-0.21322134,0.94648653,-0.24738847,-0.26293713,0.13241683,-0.27313024482739884
Offa,2024,-1.0728849,-0.53584355,-0.77491194,-0.25002158,-0.16657728,0.1292225,-0.27313024482739884
Shomolu,2024,0.6138358,-0.76351076,0.22279586,-0.24894199,-0.3030949,0.15932192,-0.27313024482739884
Makoda,2024,1.0068284,-0.62971646,0.9094291,-0.2908336,0.1051505,0.09100249,-0.27313024482739884
Rimin Gado,2024,0.50975174,0.06102413,1.0002295,-0.30203113,0.038444046,0.07424561,-0.27313024482739884
Yusufari,2024,0.6655388,0.54198164,0.58555675,0.31051177,0.31999153,-0.13460463,1.9026901183410692
Bassa,2024,-1.1039262,-0.5992387,0.70021015,0.16486786,0.34724143,-0.17383596,0.13805516572929355
Jahun,2024,0.7820517,0.52917093,0.40985844,-0.13333032,0.24930018,-0.049100913,0.19585575928006022
Kurfi,2024,-0.6535758,-0.2836398,-1.2180586,-0.2792197,0.26880515,-0.07734657,0.44680190058710195
Esan West,2024,-0.6076368,0.61717606,-1.210855,0.094897576,-0.3469902,-0.0036836748,-0.27313024482739884
Kaduna North,2024,0.64623326,-0.6928285,0.75992286,-0.26226172,-0.37887153,0.1327611,-0.27313024482739884
Daura,2024,0.9375247,0.33523414,1.1689646,-0.25468534,-0.16316077,0.096436255,-0.268265838439463
Gassol,2024,-0.2768255,0.56626314,0.97725326,0.27929303,0.29763913,-0.14229704,1.1633003473748247
Auyo,2024,0.7335771,0.19576663,1.0301436,-0.08512929,0.14567456,0.06750622,-0.27313024482739884
Wudil,2024,1.0553879,0.20924905,0.94420373,-0.28617132,0.03730002,0.13732989,-0.25338647772342415
Ikara,2024,0.542593,0.5885116,1.2225221,0.03681676,0.00051295647,-0.031304337,-0.25453104393235
Ifedore,2024,-0.38557294,-0.4156683,-1.2046466,-0.11629624,-0.35520852,0.09420939,-0.27313024482739884
Lavun,2024,-0.46105742,0.71605694,0.37741238,0.2074109,-0.03156992,-0.13057785,0.08368827080530486
Dange Shuni,2024,0.9819639,0.16832349,1.2820501,0.31476927,-0.14367332,-0.03007707,-0.22820602112705063
Yewa North,2024,-0.6411872,0.37046573,0.7374918,0.16220245,0.22696768,-0.08622274,-0.20331170608290836
Tsafe,2024,0.55730385,0.53286844,1.101463,0.14424443,0.08956991,-0.065887205,0.31117080482936227
Ekiti,2024,-0.57527906,0.60456586,-1.2011322,0.09616288,0.33250448,-0.091128506,-0.1884323453668695
Zuru,2024,0.051659014,0.5222924,0.50918144,0.0885901,-0.0547385,-0.057021566,-0.019608829550273352
Yagba West,2024,0.03735479,0.71628,-0.058547642,0.31082338,0.3545526,-0.0517733,-0.1180415235179157
Kogi,2024,-1.1102406,0.42191082,0.73834854,0.099946976,-0.28917816,-0.13672957,-0.04364471993772102
Olamaboro,2024,-1.0271447,-0.4537512,-1.2182597,-0.17905295,0.23066376,-0.09439706,-0.25767860100689666
Odigbo,2024,-0.025256392,0.7469688,0.9282472,0.22776452,-0.35442397,-0.043435067,-0.11346325868221149
Agege,2024,0.79268914,-0.77408147,0.37222466,-0.26760852,-0.33484,0.1436419,-0.27313024482739884
Kibiya,2024,0.8005892,-0.546286,0.90874964,-0.07067596,0.33613917,0.06282234,-0.27313024482739884
Isin,2024,-0.78465784,0.5186117,-0.9687451,0.020308737,-0.15319192,-0.10798934,-0.11861380662237862
Sabon Gari,2024,0.9918472,0.26649266,0.8198176,-0.27302653,-0.32103255,0.09344029,-0.27313024482739884
Malam Madori,2024,0.56463486,-0.5085112,-0.26592267,-0.0736291,-0.109869786,-0.06891935,0.45738913801966824
Lokoja,2024,-0.75350666,0.7549411,0.24027617,0.2858449,-0.34780455,-0.124140315,0.02359854483668611
Ede South,2024,-0.557886,-0.26751116,-1.1973081,-0.010761519,-0.17452961,0.079971775,-0.27313024482739884
Giwa,2024,0.4413438,-0.22018515,1.2808455,0.27984065,0.069375604,-0.07986469,-0.09543634089162596
Ikole,2024,0.5337612,0.7085537,-0.3313351,0.19707245,0.21156035,-0.017810298,-0.21618807593332678
Kunchi,2024,0.05373477,0.19061728,0.35336182,-0.26271343,0.34342423,-0.009468825,-0.1915799024414162
Guri,2024,0.875598,0.76198596,-1.1802495,0.22833538,0.23470661,-0.0827306,1.0786024479142953
Maru,2024,0.49079305,0.6825955,0.37702358,0.3228289,0.14926383,-0.13653573,1.1218098223012545
Dukku,2024,-0.23994663,0.33207032,1.189278,0.27278647,0.13199677,-0.13044925,0.4179016038117188
Wamakko,2024,-0.22541076,-0.02226485,-0.7829142,0.16139793,-0.29695717,0.01578843,-0.27313024482739884
Oke Ero,2024,-0.5402117,-0.08380031,-0.90694994,0.25863585,0.31968412,-0.043064237,-0.10516515366749728
Oshodi/Isolo,2024,0.13156602,-0.7416934,-1.1967548,-0.26632243,-0.29250133,0.16279326,-0.27313024482739884
Abadam,2024,0.97609514,0.673095,0.6013816,0.3028407,0.31807584,-0.15904978,0.26767728889017156
Moba,2024,0.63026255,-0.49674973,0.37724552,-0.27369174,0.37448207,0.119362295,-0.27313024482739884
Gwagwalada,2024,0.57223535,-0.1417709,0.7624989,0.10140456,-0.27622065,0.072015405,-0.26654898912607383
Kagarko,2024,0.043102916,0.54109424,1.2307382,0.15668,-0.20755282,-0.11018261,-0.06424691169839032
Abaji,2024,-0.21183048,0.73033243,0.7696398,0.18996003,-0.23971526,-0.021353617,0.01587272292643481
Sardauna,2024,-1.0284731,-0.11715387,-0.56332946,0.27481133,0.27416012,-0.14254268,0.8270840235027904
Shanga,2024,-0.09295964,0.18795507,0.7691155,0.27112815,-0.1655978,-0.13878943,0.8067679732943526
Birnin Gwari,2024,0.5466554,0.6631225,0.5389841,0.30177325,0.32054302,-0.13712074,0.27053870441248656
Ngaski,2024,-0.5127313,0.325653,-0.43131584,0.22920588,-0.1694981,-0.14789304,0.07796543976067441
Chikun,2024,0.4642748,0.7153985,-0.56014955,0.34623614,-0.34665623,-0.10582352,-0.14322198011428922
Yauri,2024,0.412585,-0.38273042,0.9790319,-0.14687818,-0.24789408,0.055242334,-0.16411031342719018
Kauru,2024,0.6554899,-0.56777906,1.063708,0.264841,0.18612716,-0.15912484,1.0265246854081589
Demsa,2024,-0.7511696,0.03900838,-0.34584373,-0.018979965,-0.13942963,-0.10673323,-0.15609834996470762
Umuahia South,2024,-0.25568715,-0.5803973,-1.263248,-0.25977665,-0.30698907,0.10209944,-0.27313024482739884
Obokun,2024,-0.67635036,-0.4575986,-0.93525904,-0.2559409,0.10111905,-0.059229847,-0.27313024482739884
Owerri West,2024,-1.0988657,0.08305669,0.7916254,-0.26512936,-0.32489243,0.07031727,-0.27313024482739884
Nasarawa,2024,-1.115512,0.7042338,-0.7079148,0.3003957,0.3625495,-0.13297118,0.7066184300133208
Idemili South,2024,-0.18955675,-0.11654593,-0.045315538,-0.24090272,-0.24020138,0.17953056,-0.27313024482739884
Aba North,2024,-1.0925038,-0.66127473,-0.7783323,-0.26047093,-0.36516023,0.14384611,-0.27313024482739884
Odeda,2024,-0.4806348,-0.50159854,1.3284138,0.1359512,-0.3567062,-0.16050889,-0.20760382936638092
Ijebu East,2024,-0.77671194,0.65883666,-1.2159698,0.285462,-0.384873,-0.1574219,-0.08484910345905963
Okpokwu,2024,-0.57303447,-0.21345054,0.23523416,-0.046242006,0.032539956,-0.05818729,-0.13921599838304793
Shomgom,2024,-0.70467687,0.2236585,0.60435206,-0.008145514,0.13825278,-0.057112753,0.38299233443947356
Ado-Ekiti,2024,-0.5168129,-0.65474945,-0.9665034,-0.017789312,-0.3260829,0.12904152,-0.27313024482739884
Ahiazu-Mbaise,2024,-0.0033174462,-0.7271431,-0.740337,-0.2545175,0.0734102,0.15006933,-0.27313024482739884
Ankpa,2024,-0.09803206,0.15220386,1.0117012,0.07360329,0.31162488,-0.00428713,-0.2015948567695192
Nkwerre,2024,-0.20963174,-0.55183125,-1.2380303,-0.2534069,0.05813979,0.18451142,-0.27313024482739884
Apa,2024,-1.1738733,-0.30030987,0.22814204,-0.121180944,0.073621824,-0.12028481,-0.009307733669938699
Kwande,2024,-0.7324758,-0.36375028,-0.9061609,0.17688917,0.20344219,-0.118890606,0.23620171814470425
Ikom,2024,-1.0586027,-0.12835073,-0.91733056,0.18212433,-0.32912076,-0.1389243,-0.14923095271115133
Ido-Osi,2024,0.3225936,-0.48608568,-0.24973567,-0.23954247,0.38617513,0.119841225,-0.27313024482739884
Ukwa East,2024,-1.1483992,-0.12434036,-1.2239741,-0.27659494,-0.2153872,-0.054067157,-0.27313024482739884
Ukwa West,2024,-0.8901251,-0.10766194,-0.627309,-0.28702885,-0.28979164,0.08134848,-0.27313024482739884
Nnewi South,2024,-0.3119806,-0.3177334,-1.237315,-0.27002212,0.31108516,0.14667003,-0.27313024482739884
Bende,2024,-0.0033155154,0.34993377,-1.1852252,-0.26032618,-0.20217907,0.03342623,-0.27313024482739884
Okigwe,2024,-0.75254613,-0.296379,0.9851294,-0.255549,-0.27786687,0.07677255,-0.27313024482739884
Jama'Are,2024,-0.07333376,-0.7317226,0.92288023,-0.27463403,-0.02311462,0.014469559,-0.27313024482739884
Kokona,2024,-0.9303231,0.38302007,1.2104205,0.104116075,-0.316761,-0.13177325,0.2075875629215524
Mafa,2024,0.40371412,0.68093276,0.62972015,0.3037667,0.31058422,-0.13256519,-0.23192586130606024
Akko,2024,0.0499582,0.16598028,0.5451016,0.24571407,-0.27110103,-0.04776294,-0.018750404893578765
Ushongo,2024,-0.92985046,-0.4031993,-0.2837624,-0.03248383,0.24652594,-0.058680546,-0.037349605788627636
Ehime-Mbano,2024,-0.904357,-0.44322786,0.254722,-0.2487125,0.19627495,0.117930785,-0.27313024482739884
Ideato South,2024,0.93700886,-0.7292539,0.5106008,-0.2674142,0.26570264,0.14272171,-0.27313024482739884
Ife South,2024,-0.7599467,-0.6295125,-1.2187665,0.2364398,0.0059693377,-0.08381689,-0.20445627229183422
Oyi,2024,-0.31512633,-0.15253119,0.4943309,-0.23781022,-0.3698609,0.10973109,-0.27313024482739884
Ekiti South-West,2024,0.589715,-0.20771632,-1.234046,-0.29705754,0.10190507,0.08232723,-0.27313024482739884
Ayamelum,2024,0.47217798,0.5678331,-0.310744,0.097726926,0.045282383,0.036180396,-0.22935058733597646
Aboh-Mbaise,2024,-0.56800437,-0.61094135,0.9172785,-0.23734486,-0.06410008,0.110150255,-0.27313024482739884
Ilejemeje,2024,-0.526828,0.19191678,-0.6004744,-0.2663134,0.32714766,0.0722323,-0.27313024482739884
Mbatoli,2024,0.026261743,-0.49956536,-0.9313258,-0.24866816,-0.09994429,0.14272913,-0.27313024482739884
Akamkpa,2024,0.3471812,0.69060904,-0.4519917,0.3463465,0.12732433,-0.13901602,-0.020753395759199607
Obi Nwga,2024,-0.86082435,-0.4738628,1.2145169,-0.26901546,-0.2884548,0.08050212,-0.27313024482739884
Logo,2024,-0.09971286,-0.08197218,-0.5449576,0.19959877,0.3282089,-0.09716114,-0.18414022208339656
Guma,2024,-0.7587206,0.49381822,1.3185964,0.11794458,-0.14123847,-0.12836397,0.33434827056011535
Ogoja,2024,-0.93507755,0.59244967,0.5977402,-0.122255564,-0.2900399,-0.03705878,-0.26397371515599044
Ohafia,2024,0.13349897,-0.4800802,-1.1989468,-0.27464768,-0.15767412,0.0626045,-0.26139844118590666
Orumba North,2024,-0.12671407,-0.068292975,0.8784529,-0.2816139,0.08869911,0.064754836,-0.27313024482739884
Ado,2024,0.4832657,0.1853263,0.5133019,0.1317911,0.23322137,-0.03046746,-0.017319697132421253
Toto,2024,-0.78083104,0.61796635,-1.2264532,0.23978955,0.3481111,-0.16856648,0.7097659870878675
Egbedore,2024,-1.1383153,-0.010523428,-0.9821444,-0.29304892,-0.35779852,-0.01793844,-0.27313024482739884
Owerri North,2024,-0.5802523,-0.26179606,1.2775872,-0.24554263,-0.3392486,0.11837722,-0.27313024482739884
Idemili North,2024,0.06319422,-0.24783403,1.2210635,-0.24218917,-0.16797383,0.15946521,-0.27313024482739884
Isiala-Ngwa South,2024,-0.9576778,-0.4704019,1.2974157,-0.25637692,-0.21251705,0.08500523,-0.27313024482739884
Funakaye,2024,0.6529833,0.16030833,1.0784979,0.18160568,0.04196506,-0.025425322,-0.004157185729771169
Katsina-Ala,2024,-0.9042312,0.156493,-0.9040551,0.11516313,0.11760609,-0.1108803,0.10772416119275252
Mokwa,2024,0.015704788,0.7338053,-1.1757003,0.2511379,-0.30399385,-0.15578246,0.12403422966994888
Aba South,2024,0.92610276,-0.6851682,-0.87117654,-0.23368034,-0.1750606,0.16684696,-0.27313024482739884
Edati,2024,-0.5415804,-0.65189564,-0.35468993,-0.13402914,0.06989465,-0.105116114,0.03561649003040994
Odogbolu,2024,-0.74649966,0.584588,0.20130055,-0.120258905,-0.36936137,0.022692215,-0.27313024482739884
Balanga,2024,-0.24589472,0.26730987,0.7571944,0.052870434,0.10505528,-0.058776077,0.4954459644664602
Ijebu North East,2024,-0.31930614,-0.15351577,-1.2109656,-0.27228582,-0.024114462,0.06456256,-0.2711272539617784
Oturkpo,2024,-0.48459405,-0.30114087,1.2769799,0.087655544,-0.21710253,-0.04277745,-0.04049716286317433
Abi,2024,-0.24417911,-0.720174,-1.254467,-0.2751398,0.34893695,0.0997737,-0.2659767060216109
Ideato North,2024,-0.5863516,-0.5495633,-0.3530652,-0.22941536,0.35585418,0.111924425,-0.27313024482739884
Oriade,2024,-0.6787831,0.4018842,-1.2270985,-0.27831018,-0.2769581,0.06220022,-0.27313024482739884
Illela,2024,-0.035515502,0.4970465,-0.029438203,0.10522804,0.33301324,-0.032375887,-0.162393464113801
Nwangele,2024,0.6295279,-0.5422625,-1.2181873,-0.2756832,0.09587043,0.19954921,-0.27313024482739884
Ife East,2024,0.12020561,0.3244547,-1.1610202,-0.2726335,-0.33650133,0.09662355,-0.27313024482739884
Obanliku,2024,-1.1317979,0.72988904,-0.35109875,0.08805444,0.3882528,-0.06316687,0.19728646704121772
Onuimo,2024,0.45558295,-0.52065283,0.522551,-0.25768727,0.27603257,0.14315933,-0.27313024482739884
Qua'An Pan,2024,-1.0468868,0.5742788,0.7710956,0.17591535,0.3550363,-0.13384022,1.0279553931693164
Ngor-Okpala,2024,-0.51555175,0.2583141,0.5696041,-0.26224527,-0.31773585,0.009996038,-0.27313024482739884
Ona Ara,2024,0.064759746,-0.1362937,0.32986078,-0.048498485,0.25675723,0.16975693,-0.27313024482739884
Igbo-Eze North,2024,0.117666334,-0.5022995,-1.2061852,-0.28646773,0.14563651,0.1348801,-0.27313024482739884
Oju,2024,-1.0790037,-0.17590599,-0.76640666,-0.0998814,0.2996683,-0.06581352,-0.128628760950482
Boluwaduro,2024,-0.012663476,-0.60106367,-1.2191638,-0.13041824,0.12237803,0.10151327,-0.27313024482739884
Shinkafi,2024,-0.04911141,0.3086983,-0.880484,0.14713675,0.3164556,-0.045314033,0.5646922201064878
Orsu,2024,-0.44699338,-0.39306238,0.502957,-0.24582385,0.37449813,0.19527172,-0.27313024482739884
Anaocha,2024,0.44301474,-0.26521868,0.18327141,-0.25400046,-0.116974466,0.1739684,-0.27313024482739884
Bekwarra,2024,-1.1535003,-0.6993746,-0.78752637,-0.27740833,-0.15410484,-0.030504942,-0.27313024482739884
Umu-Nneochi,2024,-0.2769611,-0.6625207,-1.2295034,-0.051554073,-0.009945007,0.10631772,-0.27313024482739884
Ose,2024,0.52548885,0.5913382,-0.9854553,0.27879345,0.23496671,-0.09520126,-0.12118908059246239
Nnewi North,2024,-1.183997,-0.4050488,0.7639608,-0.24535477,-0.16208814,0.14470658,-0.27313024482739884
Akoko North West,2024,0.9183046,0.38576803,-1.1767571,0.14355694,-0.0011629476,0.11174866,-0.27313024482739884
Ilesha East,2024,0.1008457,-0.2593955,0.5286283,-0.24533316,-0.34586102,0.12543201,-0.27313024482739884
Njikoka,2024,0.15996523,-0.5327219,-1.216893,-0.26134998,-0.3321983,0.1676555,-0.27313024482739884
Ohaji/Egbema,2024,0.046552513,0.7180501,1.2413226,0.17687733,-0.19858508,0.0136192525,-0.27313024482739884
Gombe,2024,0.6046783,-0.5436117,-0.9935727,-0.2548912,-0.2568017,0.16614072,-0.27313024482739884
Owerri Municipal,2024,-1.1233338,-0.40791,-0.8719659,-0.25206202,-0.3814628,0.15654647,-0.27313024482739884
Keana,2024,-0.28861654,0.19362856,1.0462772,0.18220173,-0.026851263,-0.13858967,0.6127640008813827
Ohaukwu,2024,-0.9235752,-0.37862995,-0.017531356,-0.13863376,0.030863365,-0.0052946093,-0.26855197999169467
Gbonyin,2024,0.08970836,-0.5418802,-1.1784903,-0.1563812,0.06346643,0.0316443,-0.27313024482739884
Isiala Mbano,2024,0.10876006,-0.29297706,-0.94509697,-0.266444,0.20271017,0.1685768,-0.27313024482739884
Irepodun/Ifelodun,2024,-0.2039725,-0.16222464,-0.93693954,-0.25598735,-0.14829388,0.062392965,-0.27313024482739884
Obowo,2024,-0.7516628,-0.2997416,0.50282544,-0.2435344,-0.17644542,0.13755257,-0.27313024482739884
Isuikwuato,2024,-0.6784934,-0.23255035,0.5821535,0.030479332,0.07692625,0.029833075,-0.27313024482739884
Makurdi,2024,-0.67236984,-0.619224,-1.0448948,0.08447016,-0.34758204,0.043982513,-0.20731768781414964
Gboko,2024,-0.33578554,0.34025675,-1.2126753,0.04756631,-0.25142363,-0.00019114024,-0.22791987957481896
Ife Central,2024,-0.031213963,0.35064867,-1.192311,-0.25207213,-0.17611235,0.110174365,-0.27313024482739884
Isiala-Ngwa North,2024,-0.7005561,-0.257073,-1.207608,-0.26076967,-0.12645143,0.075778425,-0.27313024482739884
Yakurr,2024,-0.08036243,0.17640577,1.2751358,0.17812386,0.030194752,0.038572807,-0.21876334990341015
Billiri,2024,-0.45820796,-0.40957105,-0.27612054,-0.23277535,0.06927269,-0.009205676,-0.018750404893578765
Dunukofia,2024,-1.0910145,-0.69342935,-1.2309047,-0.2707979,-0.31801173,0.090947874,-0.27313024482739884
Osisioma Ngwa,2024,-0.5577548,-0.57887197,-0.3465167,-0.23982905,-0.331692,0.12570715,-0.27313024482739884
Ola Oluwa,2024,-0.7652859,-0.4202339,-0.95589715,-0.26024055,-0.062826715,-0.049881965,-0.27313024482739884
Wamba,2024,-1.1102532,-0.4074031,-1.2609361,-0.1419803,0.3658684,-0.17211889,0.1866992296086514
Boripe,2024,-0.41406995,-0.66019136,-1.187032,-0.25459677,0.23327565,0.1583832,-0.27313024482739884
Yala,2024,-0.9163265,0.17276925,-1.209721,-0.10985786,0.1733049,-0.079383,-0.13234860112949162
Aguata,2024,-0.21820979,-0.6924909,0.056029037,-0.25649023,0.14296539,0.16327152,-0.27313024482739884
Calabar Municipal,2024,-0.69672376,-0.7413142,-1.2252911,-0.25222728,-0.3767525,0.13017532,-0.2708411124095467
Onitsha North,2024,-1.0843639,-0.6502709,-1.0146887,-0.26036957,-0.3600061,0.15707712,-0.27284410327516717
Ukum,2024,-0.61040604,-0.006038606,0.99190325,-0.033428524,0.34166908,-0.045605194,-0.21418508506770595
Isa,2024,0.42153087,0.5013042,0.9395408,0.267742,0.28079304,-0.14442118,0.0948477913423341
Ogun Waterside,2024,-0.73854744,-0.33306536,0.21995766,0.16709465,0.023931883,-0.1475344,0.09570621599902869
Ifelodun,2024,-0.7285653,-0.60172105,-1.2266899,-0.019237746,-0.25378412,0.123336375,-0.27313024482739884
Arochukwu,2024,-0.32733837,0.16932636,-0.6863772,-0.13701822,-0.08859765,0.07726486,-0.23192586130606024
Ijebu Ode,2024,-0.9711877,-0.3353523,1.317724,-0.25005347,-0.35076723,0.10913885,-0.27313024482739884
Magumeri,2024,1.0035689,0.6836134,0.60277164,0.30840585,0.3266065,-0.15430534,-0.17441140930752483
Boki,2024,-1.057991,0.5151369,-0.109120436,0.20021734,0.3145116,-0.14415987,-0.016461272475726665
Kwami,2024,-0.18491726,0.7551929,1.0589393,0.18373102,-0.022858676,-0.07734038,0.09341708358117659
Ekiti East,2024,0.55593103,0.5841625,1.285567,-0.027072614,-0.09724878,0.12923664,-0.27313024482739884
Moro,2024,-1.0647789,0.76241,-1.2158189,0.2990274,-0.38372973,-0.1418771,0.4502355992138803
Ezinihitte,2024,0.046806008,-0.29047567,0.9061358,-0.25680014,0.15688944,0.14089106,-0.27313024482739884
Kala Balge,2024,0.38475713,0.6724067,0.63451034,0.30564755,0.3076823,-0.140132,-0.0055878934909290865
Awe,2024,-0.81159264,0.78460693,0.24037492,0.27106485,0.3707411,-0.12701827,0.9861787265435146
Orolu,2024,0.79119354,0.3444161,-0.94329077,-0.29224238,-0.045982447,0.10952779,-0.27313024482739884
Obubra,2024,-0.8057285,0.39909354,-0.4379135,0.21927308,-0.18504657,-0.10416358,-0.15295079289016095
Akoko-Edo,2024,0.640569,-0.44923514,-0.078357436,0.10045616,0.019009367,-0.059484858,-0.2167603590377897
Osogbo,2024,-1.1295391,-0.44542417,1.1656355,-0.25083163,-0.38751754,0.107737355,-0.27313024482739884
Ise/Orun,2024,-0.34402663,0.18060242,-1.2044889,0.15018806,0.1840964,0.022761604,-0.2522419115144979
Njaba,2024,0.8836039,-0.50382566,0.5243172,-0.26206434,0.28178602,0.1761939,-0.27313024482739884
Obi,2024,-0.9350328,-0.085462034,1.2660767,-0.14637114,0.1467161,-0.035390455,-0.25166962841003493
Buruku,2024,-0.93414164,-0.041740865,-1.19979,-0.15795508,-0.05179747,-0.070364386,0.5638337954497932
Obudu,2024,-0.91141665,-0.51752114,-1.1845789,-0.098197185,0.09199822,0.07092558,-0.2719856786184726
Orlu,2024,-1.1684293,-0.5589954,0.74875265,-0.25153014,-0.13556884,0.10506916,-0.27313024482739884
Iwo,2024,-0.41843197,0.03715504,-1.1890882,-0.24822642,-0.15413511,0.1214365,-0.27313024482739884
Awka North,2024,-0.75433695,0.5995469,-1.2159244,-0.03846076,-0.2875959,0.056407817,-0.2631152904992959
Tarka,2024,-1.1827104,0.16664028,0.2222684,-0.28480208,-0.35241833,-0.06262603,-0.1532369344423926
Umuahia North,2024,-0.8797244,-0.66701066,-0.89144534,-0.26386616,-0.33152473,0.093824014,-0.27313024482739884
Odo Otin,2024,-0.18969136,-0.61312103,-1.2284317,-0.103197545,0.17323215,0.112523094,-0.27313024482739884
Ihiala,2024,-0.48107812,-0.6546355,0.37450355,-0.052177496,-0.2734316,0.14091319,-0.2711272539617784
Ilesha West,2024,-1.0942336,-0.46309346,-1.2469126,-0.26637292,-0.3300669,0.11219751,-0.27313024482739884
Kaltungo,2024,-0.6066451,0.39754838,0.19527791,0.022007737,-0.14819483,-0.047577605,0.23934927521925092
Irepodun,2024,0.46319526,-0.30272272,-0.9914812,-0.28967124,0.07768783,0.1692996,-0.27313024482739884
Ebonyi,2024,-1.1197891,-0.56994784,-0.93316036,-0.27839825,-0.29112816,-0.025185937,-0.27313024482739884
Lafia,2024,-0.77599335,0.37117636,1.1947721,0.08655337,-0.33502018,-0.102255836,0.057077106447773834
Ijebu North,2024,0.32588637,0.22428384,-0.6490312,0.2711611,-0.273352,0.021699127,-0.25996773342474916
Ndokwa West,2024,0.5003772,0.63913876,-0.95961004,0.088457994,-0.22468036,-0.020471128,-0.2711272539617784
Ikeduru,2024,-0.6820009,-0.33403012,0.89627004,-0.24535239,0.052580383,0.1166976,-0.27313024482739884
Okehi,2024,0.90104103,0.75951964,-1.1855797,0.33835492,-0.06354416,0.094839275,-0.15008937736784592
Yamaltu/Deba,2024,0.028919242,-0.49639875,1.2247205,0.035860818,0.15072691,-0.07856237,0.01959256310544483
Emure,2024,0.45018417,0.3670878,-1.2051588,-0.30806643,0.18746065,0.064637765,-0.1852847882923228
Ikere,2024,0.18637827,-0.61571395,-0.38246167,0.104461454,-0.18279116,0.104575105,-0.27313024482739884
Oguta,2024,-0.34366822,0.59328866,-0.32993445,0.19124755,0.04539258,0.08067668,-0.24451608960424698
Konshisha,2024,-0.83332413,0.58449906,-1.019872,0.034133267,0.24404716,-0.09717932,-0.19100761933695287
Ejigbo,2024,-0.89954,-0.20845379,-0.0065992754,-0.25112784,-0.07442858,0.06303772,-0.27313024482739884
Gwer West,2024,-0.008967328,-0.078867644,0.22764933,0.09696963,0.33530414,-0.09982985,0.2802675171883583
Etung,2024,-0.9343087,0.6787075,-1.1904961,0.27024508,0.35206378,-0.12707831,-0.0015819117596878097
Ekwusigo,2024,-0.38707298,-0.6059703,-1.2077025,-0.25921953,-0.3028759,0.114083275,-0.27313024482739884
Ijero,2024,0.7560282,-0.6190298,-1.254765,-0.080531485,0.3268085,0.13897267,-0.27313024482739884
Ugwunagbo,2024,-0.90753853,-0.480524,-0.66387427,-0.2648843,-0.20397723,0.10664191,-0.27313024482739884
Olorunda,2024,-0.003820004,-0.28060716,0.7267985,-0.2507128,-0.34123853,0.118893504,-0.27313024482739884
Nasarawa Egon,2024,-0.95957285,0.66070807,1.3327866,0.0568233,-0.2718815,-0.073453225,0.4241967179608122
Ede North,2024,-0.9408173,-0.32610026,-0.41265795,-0.24536702,-0.32240763,0.12813893,-0.27313024482739884
Afikpo South,2024,0.16269208,0.17449988,-0.66895026,0.07888997,0.22108471,0.11071786,-0.27313024482739884
Oru West,2024,-0.9258204,-0.5235599,-0.7573393,-0.24746652,-0.21042134,0.11719488,-0.27313024482739884
Anambra East,2024,0.1981069,0.62094903,1.3358761,0.28250852,-0.16654792,0.09028354,-0.2528141946189612
Vandeikya,2024,-0.004868709,-0.25175783,-0.91623735,-0.2712956,0.114550784,0.051901266,-0.27313024482739884
Atakunmosa West,2024,-0.8902233,-0.4354961,-0.95535606,-0.2706603,-0.27398744,-0.07509954,-0.27313024482739884
Ogbaru,2024,-0.74616826,0.5325144,-0.7400203,-0.033288732,-0.28628665,0.1257114,-0.13463773354734374
Ikwuano,2024,-0.2655066,-0.32976344,-0.43349692,-0.25857916,0.07475928,0.06464609,-0.27313024482739884
Keffi,2024,-0.7211113,0.17450535,-0.9775474,-0.26737314,-0.3442994,0.0890211,-0.27313024482739884
Adavi,2024,0.5036128,0.43496302,-0.15603538,0.29521495,-0.3078788,0.12133566,-0.1706915691285152
Oru East,2024,-0.4437139,-0.24790832,1.3134031,-0.2381088,0.015362114,0.12492452,-0.27313024482739884
Remo North,2024,-0.513311,-0.50977486,0.22241054,-0.14184903,-0.33193505,0.012357075,-0.27313024482739884
Karu,2024,-0.92325723,0.57756686,0.20890272,0.11875163,-0.37233123,-0.13199244,-0.22791987957481896
Ikenne,2024,0.24239865,-0.51031476,-1.2645555,-0.26274323,-0.33589312,0.11144202,-0.27313024482739884
Ila,2024,-1.1556482,-0.07101488,-1.2079521,-0.29168198,-0.033576317,-0.035868116,-0.27313024482739884
Doma,2024,-0.84779966,-0.2985801,-1.0133317,0.25961894,0.3185405,-0.17849587,0.698320324998607
Nafada,2024,0.40648335,0.12419076,0.49988952,0.1510406,0.31325167,-0.09088749,0.2699664213080236
Gwer East,2024,-1.0295591,0.6265576,-1.197166,0.06405844,-0.30891952,-0.14266771,0.0719564671638127
Efon,2024,-0.5971138,-0.30519912,1.0588915,-0.24747103,-0.13167827,0.047683507,-0.27313024482739884
Ihitte/Uboma,2024,0.41363794,-0.22551271,-1.232901,-0.28918546,0.121201746,0.1519126,-0.27313024482739884
Ekiti West,2024,0.5180448,-0.17023212,-1.2382957,-0.30487207,0.014571399,0.07205499,-0.27313024482739884
Atisbo,2024,0.42731324,0.57137936,-0.89883155,0.346,0.0061966227,-0.16377561,0.5475237269725968
Isu,2024,0.4728466,-0.74171627,0.515341,-0.2697664,0.2777585,0.15370788,-0.27313024482739884
Ogbadibo,2024,-0.93625647,-0.62327546,0.38418165,-0.13313885,-0.24876809,-0.01512883,-0.27313024482739884
Atakunmosa East,2024,-0.88053983,0.17260933,-0.9831055,-0.27058464,0.35389334,-0.018822905,-0.27313024482739884
Akwanga,2024,-1.1449065,0.17741737,-1.2524542,-0.15862027,-0.37148425,-0.11172489,-0.15609834996470762
Rafi,2024,-0.82111394,0.22493762,-1.2255301,0.20407824,-0.16323198,-0.16119681,0.45910598733305746
Odukpani,2024,-0.59712034,-0.30332693,-1.198324,0.14293115,-0.29275927,-0.08722585,-0.14923095271115133
Gbako,2024,-1.05539,-0.04582206,-1.2021329,-0.09916615,0.12946644,-0.13266373,0.3515167636940063
Ukwuani,2024,0.36288065,0.54586554,1.3204141,0.12987053,-0.047845528,0.07015207,-0.27313024482739884
Awka South,2024,-1.0434979,-0.47212854,-0.35483205,-0.24984944,-0.39432475,0.1184006,-0.27313024482739884
Gurara,2024,-1.1111016,-0.17004544,1.2566407,-0.054579094,-0.35270932,-0.099043556,0.1094410105061417
Kontagora,2024,-0.2312871,-0.6383468,0.7962525,0.2828114,-0.34748822,-0.14112279,-0.27026882930508384
Mashegu,2024,-0.24967238,0.73502356,-0.31879452,0.3229209,-0.16249283,-0.12744835,0.22017779121973913
Wushishi,2024,-0.97217435,0.6363476,-0.36548826,0.20178199,-0.17374721,-0.13476603,0.8943272882771971
Shiroro,2024,-1.0316042,-0.19431418,0.67409855,0.23661448,0.37553155,-0.12579246,0.6665586127009084
Borgu,2024,-0.53213483,0.759188,-1.1248176,0.374501,0.061855175,-0.14801998,0.32805315641102195
Lapai,2024,-1.1377689,0.59766626,-0.7929784,0.16032407,-0.25174397,-0.13305117,0.2550870605919844
Akoko South West,2024,0.21525775,0.57570225,-0.72511613,0.23851362,-0.1613739,0.1473022,-0.27313024482739884
Rijau,2024,-0.27366787,-0.28782743,-0.39354002,0.21365978,0.15335006,-0.16146576,-0.15466764220355012
Chanchaga,2024,-0.22087574,-0.65841806,-0.3659568,-0.23411006,-0.3247363,0.16292581,-0.27313024482739884
Mariga,2024,0.13098222,0.69111764,-0.3406607,0.26858306,-0.17192812,-0.13984306,-0.23278428596275483
Munya,2024,-1.0117173,0.15408026,-1.2324756,0.22750023,0.3557459,-0.16858636,0.6542545259549529
Bosso,2024,-0.8910112,-0.18447636,-0.9585943,0.1678444,-0.30999696,-0.14458026,0.23362644417462047
Suleja,2024,0.5157935,-0.28243354,0.8851376,-0.25850484,-0.34594205,0.1585057,-0.2708411124095467
Paikoro,2024,-1.1040308,0.21269774,-0.26934654,-0.037884716,-0.29448953,-0.12532128,0.24707509712950224
Kanke,2024,-0.8824091,-0.29072917,-1.1714671,-0.15458825,0.14232233,-0.086795904,0.39701327049881785
Jos North,2024,0.09731971,-0.61719877,0.37446955,-0.23913024,-0.33218053,0.13058051,-0.27313024482739884
Jos East,2024,-0.76906264,-0.141703,-1.2103794,0.12961377,0.35824397,-0.11008666,0.3148906450083719
Oredo,2024,0.23385638,-0.6451033,-0.987777,0.25537702,-0.3428347,0.16644508,-0.27141339551400967
Patani,2024,0.5532182,0.38384593,-0.77520216,0.041574776,-0.11170909,0.055634573,-0.2542449023801187
Shendam,2024,-0.65441036,0.2038907,0.77597183,0.14239252,0.31779692,-0.12537487,1.0342505073184098
Egor,2024,0.5045158,-0.5931833,-0.7571001,-0.2516418,-0.34472764,0.15982917,-0.27313024482739884
Langtang North,2024,-0.9680062,-0.032010525,-0.3318018,-0.109600194,0.38637286,-0.05243195,0.004713202389405568
Jos South,2024,-0.3395645,-0.17029218,-0.7597598,-0.26333633,-0.3388197,0.072860226,-0.27313024482739884
Mikang,2024,-0.5781438,-0.7304545,1.3445027,-0.090169325,0.34096053,-0.10145903,1.2050770140006264
Barkin Ladi,2024,-1.1074932,-0.6258878,1.2678438,-0.13640307,0.028193502,-0.08453129,-0.07998469707112377
Pankshin,2024,-0.7181774,-0.09933942,0.055067662,0.0071156886,0.05206538,-0.07307548,0.27082484596471823
Bokkos,2024,-1.0799913,0.20656535,0.6351364,-0.083601385,0.40438822,-0.0765751,0.24993651265181724
Wase,2024,-0.725431,0.7867349,-0.56820416,0.32187045,0.34478742,-0.11421657,1.230257470597
Bassa,2024,-0.3249759,0.5639378,1.0355549,0.19398205,-0.14231929,-0.059924353,0.3489414897239225
Orumba South,2024,-0.43372053,-0.46270913,-1.2178575,-0.25019708,0.2780052,0.147874,-0.27313024482739884
Kanam,2024,-0.22252387,-0.4948453,1.2864176,0.22363615,0.15635175,-0.16626786,0.6041797543144372
Langtang South,2024,-0.7684262,0.34067753,-1.181893,0.096251786,0.34686556,-0.13775901,0.7489673797435857
Mangu,2024,-0.6505964,0.18871938,1.1190543,0.0048059886,0.018608546,-0.044598076,-0.11260483402551691
Tafa,2024,-1.1532518,-0.36080635,-0.78504604,-0.112781346,-0.34179938,0.09191597,-0.27313024482739884
Magama,2024,-0.299254,0.20706254,1.2898153,0.22148271,-0.21031746,-0.14496876,-0.23621798458953278
Agwara,2024,-1.0432234,-0.310518,-0.36444312,0.16725071,0.3603054,-0.1456387,-0.07197273360864122
Riyom,2024,-0.6040549,-0.27985445,-1.211103,-0.03934675,-0.20062159,-0.08712212,0.39958854446890163
Rabah,2024,0.8090645,0.61431855,-1.0531679,0.3059757,0.31100723,-0.16023894,0.8170690691746872
Ikwo,2024,-0.90962136,0.49301794,-0.9597917,-0.2822423,0.34471047,0.024529943,-0.26626284757384255
Safana,2024,0.13473493,0.71106446,0.56596154,0.26688954,0.32006437,2.359374e-05,1.2803322422375158
Ajeromi/Ifelodun,2024,1.0764294,-0.6897739,-1.1684396,-0.28647766,0.103704795,0.1801785,-0.27313024482739884
Koko-Besse,2024,0.09476874,-0.59891343,1.2191384,0.16636749,0.043360114,-0.12315355,0.5861528365238516
Epe,2024,0.41173133,0.1731771,-0.8780398,0.23691307,-0.34784412,-0.059465088,-0.13978828148751127
Sumaila,2024,0.9166968,0.280375,1.2578412,0.23534521,0.32356343,-0.0072489213,-0.2468052220220991
Ogori/Magongo,2024,-0.5309159,-0.4988687,-0.036101148,-0.2470883,-0.10526222,0.07405312,-0.27313024482739884
Amuwo Odofin,2024,0.011984852,-0.5088949,-1.2424929,-0.25223684,-0.35209054,0.16986951,-0.14636953718883589
Tsanyawa,2024,0.8863712,0.473913,0.78410244,-0.3041591,0.23237504,0.013602581,-0.2674074137827684
Ibeju Lekki,2024,-0.7092268,-0.1512939,0.238497,-0.12098896,-0.349889,0.03011639,-0.19730273348604624
Ajaokuta,2024,-0.55809796,0.18211444,1.3049488,0.25540453,-0.14395377,-0.13841197,0.09599235755126036
Irepo,2024,0.69162387,0.675013,-1.1455034,0.33203477,0.13699193,-0.042861786,0.03103822519470533
Isoko North,2024,0.65950406,-0.56324214,-1.2252245,-0.15437183,-0.08837618,0.05062555,-0.2674074137827684
Ezeagu,2024,-0.529571,-0.46134937,-0.9134757,0.055344477,-0.21647257,0.00035382953,-0.234501135276144
Irele,2024,0.18108717,-0.0937348,-1.1890397,0.043976262,0.07615921,-0.08075176,0.005857768598331821
Owo,2024,0.26200017,0.16555944,-1.2061135,0.24035089,-0.21995197,0.004002885,-0.2568201763502025
Dekina,2024,-1.0322202,-0.30906117,0.8453136,0.039767355,0.09271321,-0.106618755,-0.23793483390292194
Akoko North East,2024,0.17230846,0.364496,-1.1440183,-0.035214636,-0.13666958,0.0950035,-0.27313024482739884
Oluyole,2024,-0.2195389,-0.42254892,-0.44075683,-0.050738905,-0.36770648,0.056455217,-0.27313024482739884
Ogba/Egbema/Ndoni,2024,1.0023346,0.38667202,-0.3714254,0.21934418,0.35542983,0.090436436,-0.22162476542572557
Ovia South-West,2024,-0.23246834,-0.028366953,-1.2707846,0.28233117,-0.30910328,-0.16467015,0.12718178674449557
Ndokwa East,2024,0.16921651,0.59834135,-0.743334,0.20065252,-0.054846924,-0.15336427,0.1998617410113015
Saki East,2024,0.52065533,0.6266818,-1.1926764,0.3004772,0.16550852,-0.12152263,0.03189664985139992
Onicha,2024,-0.24145801,-0.3922476,-1.0318991,-0.27479368,0.34402624,0.085317254,-0.27313024482739884
Ethiope East,2024,0.95687824,0.033485215,-1.1862152,-0.17548291,0.06592324,0.12117977,-0.27313024482739884
Obi,2024,-0.5427893,0.5176905,1.1369545,0.029176697,0.0040693204,-0.055265557,0.051354275403143385
Oyo East,2024,0.22666931,0.36349547,-0.84100264,-0.24577808,-0.15742056,0.11667076,-0.27313024482739884
Ivo,2024,-0.5254303,-0.55431366,0.76098293,-0.049765125,0.35631958,0.108273186,-0.27313024482739884
Etsako East,2024,0.14579503,0.55306786,-0.95257485,0.22602585,-0.055468284,-0.07776382,-0.21075138644092758
Oshimili South,2024,0.2502575,0.6120592,-1.2174815,0.21678455,-0.34290886,0.1520865,-0.2221970485301885
Izzi,2024,-0.57797605,-0.14311738,-0.93147236,-0.15483855,0.11578959,-0.051482562,-0.2531003361711925
Isoko South,2024,1.0729041,0.61397594,-1.1589144,0.06390716,0.2632746,0.08354275,-0.26139844118590666
Ezza South,2024,-1.1008871,-0.40813753,0.22915116,-0.26421192,0.3968539,0.07962491,-0.27313024482739884
Ofu,2024,-0.7251133,0.18144143,0.882493,-0.03278469,0.035628684,-0.07530709,-0.1632518887704956
Aniocha North,2024,0.4155754,0.15671498,-1.255749,-0.16623898,-0.21386756,0.016225746,-0.2176187836944843
Aniocha South,2024,0.50809485,0.59271467,-1.2240925,0.077184156,-0.36865816,-0.07851423,-0.26540442291714794
Igalamela-Odolu,2024,-0.9864585,0.5247462,0.38004464,0.25516433,0.08196843,-0.13743192,-0.08112926328005002
Ibiono Ibom,2024,0.8995254,-0.3072079,0.3858716,-0.28271443,-0.0051304568,0.116772,-0.2505250622011087
Obot Akara,2024,0.60641515,-0.11392777,-0.23778452,-0.24812469,0.3947069,0.13323212,-0.27313024482739884
Ogo Oluwa,2024,-1.0492463,-0.69898033,-0.9072544,-0.27924764,-0.26173374,-0.10024818,-0.27313024482739884
Atiba,2024,1.0264211,0.41248617,-1.1842235,0.31418154,-0.31726032,0.029839098,-0.04421700304218394
Ogbomosho South,2024,-0.22738945,-0.59101546,-0.9092047,-0.23984487,-0.31196156,0.15952398,-0.27313024482739884
Ovia North-East,2024,0.20878494,0.6039753,-1.1901246,0.27224058,-0.35311767,-0.17167623,-0.15237850978569803
Afijio,2024,-0.24076356,-0.26126346,-1.2371615,0.043636546,-0.29054353,-0.09461493,-0.27055497085731506
Ogbomosho North,2024,-0.3856066,-0.6118039,-1.2206012,-0.2561043,-0.36047214,0.11899924,-0.27313024482739884
Ikwerre,2024,0.9582316,-0.60029817,-0.3131559,0.069592096,-0.3446683,0.009012029,-0.27313024482739884
Esit Eket,2024,0.44285348,0.07991431,-0.0530771,-0.033392206,0.03855505,0.113656916,-0.25538946858904454
Obio/Akpor,2024,0.63871026,-0.78666776,-1.006523,-0.27254787,-0.42650458,0.11823113,-0.2719856786184726
Etche,2024,0.83147657,-0.37932655,0.38315472,-0.15428637,-0.017325973,0.048944585,-0.27313024482739884
Askira Uba,2024,-0.22171234,0.5200681,0.68333423,0.2670355,0.20593326,-0.13559611,-0.011024582983327876
Gwadabawa,2024,0.64138645,-0.040314205,1.2682976,0.03372599,0.3436278,0.016238218,-0.15352307599462386
Hadejia,2024,0.8636099,-0.29267702,-0.66715205,-0.26689675,-0.10107791,0.16792631,-0.2396516832163111
Kiri Kasama,2024,1.0750502,0.498724,0.3550923,0.03977315,0.14133751,-0.0076962877,0.7732894116832648
Konduga,2024,0.8041935,0.5794614,0.40966773,0.30952898,-0.007785786,-0.1383456,-0.21017910333646467
Jere,2024,0.5802085,0.52519906,0.6251505,0.26899186,0.13026407,0.04105674,-0.27313024482739884
Eti Osa,2024,-0.5120444,-0.45083696,-0.75507766,-0.23739171,-0.33459568,0.1584638,-0.16439645497942185
Kosofe,2024,0.5201435,-0.74375325,0.76609755,-0.25670713,-0.35935923,0.15470703,-0.2579647425591283
Ibadan North,2024,0.18385479,-0.5937423,0.9666303,-0.23585969,-0.32312146,0.12064213,-0.27313024482739884
Akinyele,2024,-0.4914414,0.18041539,1.1983759,-0.16928625,-0.3534355,0.09362013,-0.27313024482739884
Ido,2024,-1.1330792,0.37504703,-1.2401255,0.18914069,-0.37933016,-0.062360045,-0.27313024482739884
Ibadan North West,2024,0.36081693,-0.5361833,-1.2565061,-0.26268443,-0.32124412,0.16970618,-0.27313024482739884
Ibadan South West,2024,0.23475932,-0.62527704,-1.223358,-0.25649455,-0.28314665,0.1873165,-0.27313024482739884
Ibadan South East,2024,0.80691135,-0.6838407,-0.27541494,-0.25332996,-0.33704737,0.16498671,-0.27313024482739884
Abeokuta South,2024,-0.52721906,-0.6095099,-1.2341616,-0.23946461,-0.37011188,0.15507542,-0.27313024482739884
Alimosho,2024,0.6714351,-0.6801321,-0.5007715,-0.25397104,-0.33987433,0.14797987,-0.27313024482739884
Ifako/Ijaye,2024,0.2553013,-0.7098308,-0.84248656,-0.23155887,-0.17203987,0.16432881,-0.27313024482739884
Ikorodu,2024,-0.6205053,-0.63519955,-0.75710046,-0.2545958,-0.29678008,0.10803747,-0.2551033270368133
Ifo,2024,-0.5242308,-0.57127,-0.8810983,0.014203632,-0.14132863,0.14717604,-0.27313024482739884
Ikeja,2024,-0.7321294,-0.72384405,-1.2282052,-0.24974252,-0.3726588,0.14238706,-0.27313024482739884
Ewekoro,2024,-1.1768941,-0.28915727,1.0961245,-0.107266136,-0.3491074,-0.114897326,-0.2722718201707043
Ojo,2024,0.58955145,-0.64656997,0.79228234,-0.25462124,-0.36539066,0.13873579,-0.23335656906721775
Badagry,2024,-0.40540525,-0.72917116,-1.2012495,-0.27508172,-0.2738825,0.052667107,-0.16840243671066313
Obafemi Owode,2024,-1.1037276,-0.6636282,-0.30500382,-0.12743184,-0.3907834,-0.09949213,-0.2642598567082217
Ipokia,2024,-0.9422654,-0.22117658,-0.26396802,-0.120392755,0.3823156,0.016082855,-0.08484910345905963
Ohimini,2024,-1.1839229,0.16806464,1.3272735,-0.2699108,-0.35214737,-0.0957337,-0.09114421760815301
Ilorin West,2024,0.79342043,-0.48907116,-0.86499375,-0.2580264,-0.35911214,0.15607607,-0.27313024482739884
Asa,2024,-0.758786,0.15316917,1.3102905,0.037530832,-0.3326669,-0.117004454,-0.26654898912607383
