lga_id,year,primary_barriers,recommendation
akwa_ibom__eastern_obolo,2013,Multiple moderate access barriers,Monitor barriers and coordinate targeted interventions
bayelsa__ekeremor,2013,Multiple moderate access barriers,Priority for mobile clinic outreach and infrastructure support
rivers__degema,2013,Low facility density,Priority for mobile clinic outreach and infrastructure support
rivers__andoni,2013,Multiple moderate access barriers,Priority for mobile clinic outreach and infrastructure support
cross_river__akpabuyo,2013,Multiple moderate access barriers,Priority for mobile clinic outreach and infrastructure support
akwa_ibom__oron,2013,Multiple moderate access barriers,Priority for mobile clinic outreach and infrastructure support
cross_river__bakassi,2013,Multiple moderate access barriers,Maintain services and improve care quality
cross_river__calabar_south,2013,Multiple moderate access barriers,Maintain services and improve care quality
akwa_ibom__udung_uko,2013,Multiple moderate access barriers,Priority for mobile clinic outreach and infrastructure support
bayelsa__southern_ijaw,2013,Multiple moderate access barriers,Priority for mobile clinic outreach and infrastructure support
oyo__iwajowa,2013,Multiple moderate access barriers,Priority for mobile clinic outreach and infrastructure support
oyo__ibarapa_north,2013,Elevated under-5 mortality indicators,Priority for mobile clinic outreach and infrastructure support
rivers__okrika,2013,Multiple moderate access barriers,Priority for mobile clinic outreach and infrastructure support
ogun__imeko_afon,2013,Multiple moderate access barriers,Maintain services and improve care quality
akwa_ibom__ibeno,2013,Multiple moderate access barriers,Priority for mobile clinic outreach and infrastructure support
bayelsa__nembe,2013,Multiple moderate access barriers,Priority for mobile clinic outreach and infrastructure support
ondo__ilaje,2013,Multiple moderate access barriers,Priority for mobile clinic outreach and infrastructure support
bayelsa__brass,2013,Multiple moderate access barriers,Priority for mobile clinic outreach and infrastructure support
delta__warri_north,2013,Multiple moderate access barriers,Priority for mobile clinic outreach and infrastructure support
ondo__ese_odo,2013,Multiple moderate access barriers,Priority for mobile clinic outreach and infrastructure support
taraba__jalingo,2013,Multiple moderate access barriers,Maintain services and improve care quality
delta__burutu,2013,Multiple moderate access barriers,Priority for mobile clinic outreach and infrastructure support
adamawa__girei,2013,Multiple moderate access barriers,Monitor barriers and coordinate targeted interventions
taraba__yorro,2013,Multiple moderate access barriers,Maintain services and improve care quality
taraba__ardo-kola,2013,Multiple moderate access barriers,Maintain services and improve care quality
adamawa__yola_north,2013,Multiple moderate access barriers,Maintain services and improve care quality
adamawa__yola_south,2013,Multiple moderate access barriers,Monitor barriers and coordinate targeted interventions
akwa_ibom__mbo,2013,Elevated under-5 mortality indicators,Priority for mobile clinic outreach and infrastructure support
taraba__lau,2013,Elevated under-5 mortality indicators,Monitor barriers and coordinate targeted interventions
oyo__ibarapa_central,2013,Multiple moderate access barriers,Monitor barriers and coordinate targeted interventions
ogun__abeokuta_north,2013,Multiple moderate access barriers,Maintain services and improve care quality
rivers__bonny,2013,Multiple moderate access barriers,Monitor barriers and coordinate targeted interventions
delta__warri_south-west,2013,Multiple moderate access barriers,Priority for mobile clinic outreach and infrastructure support
delta__warri_south,2013,Multiple moderate access barriers,Monitor barriers and coordinate targeted interventions
rivers__akuku_toru,2013,Multiple moderate access barriers,Priority for mobile clinic outreach and infrastructure support
osun__isokan,2013,Multiple moderate access barriers,Maintain services and improve care quality
osun__irewole,2013,Multiple moderate access barriers,Maintain services and improve care quality
akwa_ibom__essien_udim,2013,Multiple moderate access barriers,Priority for mobile clinic outreach and infrastructure support
akwa_ibom__onna,2013,Multiple moderate access barriers,Monitor barriers and coordinate targeted interventions
enugu__udenu,2013,Elevated under-5 mortality indicators,Monitor barriers and coordinate targeted interventions
rivers__ogu_bolo,2013,Multiple moderate access barriers,Priority for mobile clinic outreach and infrastructure support
enugu__enugu_south,2013,Multiple moderate access barriers,Maintain services and improve care quality
akwa_ibom__ikot_ekpene,2013,Multiple moderate access barriers,Maintain services and improve care quality
akwa_ibom__nsit_ubium,2013,Multiple moderate access barriers,Maintain services and improve care quality
akwa_ibom__urue_offong/oruko,2013,Multiple moderate access barriers,Priority for mobile clinic outreach and infrastructure support
akwa_ibom__abak,2013,Multiple moderate access barriers,Monitor barriers and coordinate targeted interventions
enugu__nkanu_east,2013,Elevated under-5 mortality indicators,Monitor barriers and coordinate targeted interventions
enugu__igbo-eze-south,2013,Multiple moderate access barriers,Maintain services and improve care quality
enugu__nsukka,2013,Multiple moderate access barriers,Maintain services and improve care quality
rivers__tai,2013,Multiple moderate access barriers,Monitor barriers and coordinate targeted interventions
osun__ife_north,2013,Multiple moderate access barriers,Maintain services and improve care quality
osun__ayedade,2013,Multiple moderate access barriers,Maintain services and improve care quality
osun__ayedire,2013,Multiple moderate access barriers,Maintain services and improve care quality
rivers__ahoada_east,2013,Multiple moderate access barriers,Monitor barriers and coordinate targeted interventions
oyo__iseyin,2013,Multiple moderate access barriers,Maintain services and improve care quality
oyo__itesiwaju,2013,Multiple moderate access barriers,Priority for mobile clinic outreach and infrastructure support
oyo__kajola,2013,Multiple moderate access barriers,Monitor barriers and coordinate targeted interventions
enugu__nkanu_west,2013,Multiple moderate access barriers,Monitor barriers and coordinate targeted interventions
ebonyi__afikpo_north,2013,Multiple moderate access barriers,Maintain services and improve care quality
taraba__donga,2013,Multiple moderate access barriers,Monitor barriers and coordinate targeted interventions
enugu__oji-river,2013,Multiple moderate access barriers,Maintain services and improve care quality
kwara__oyun,2013,Multiple moderate access barriers,Maintain services and improve care quality
bayelsa__ogbia,2013,Multiple moderate access barriers,Priority for mobile clinic outreach and infrastructure support
rivers__asari-toru,2013,Multiple moderate access barriers,Monitor barriers and coordinate targeted interventions
akwa_ibom__uyo,2013,Multiple moderate access barriers,Maintain services and improve care quality
akwa_ibom__ikono,2013,Multiple moderate access barriers,Monitor barriers and coordinate targeted interventions
kwara__baruten,2013,Multiple moderate access barriers,Monitor barriers and coordinate targeted interventions
oyo__lagelu,2013,Multiple moderate access barriers,Maintain services and improve care quality
kogi__idah,2013,Multiple moderate access barriers,Maintain services and improve care quality
yobe__machina,2013,Multiple moderate access barriers,Priority for mobile clinic outreach and infrastructure support
kogi__ibaji,2013,Elevated under-5 mortality indicators,Monitor barriers and coordinate targeted interventions
fct__municipal_area_council,2013,Multiple moderate access barriers,Monitor barriers and coordinate targeted interventions
kwara__kaiama,2013,Multiple moderate access barriers,Monitor barriers and coordinate targeted interventions
zamfara__bakura,2013,Elevated under-5 mortality indicators,Priority for mobile clinic outreach and infrastructure support
yobe__nguru,2013,Multiple moderate access barriers,Monitor barriers and coordinate targeted interventions
zamfara__gummi,2013,Elevated under-5 mortality indicators,Priority for mobile clinic outreach and infrastructure support
kano__ajingi,2013,Multiple moderate access barriers,Monitor barriers and coordinate targeted interventions
rivers__port-harcourt,2013,Multiple moderate access barriers,Priority for mobile clinic outreach and infrastructure support
kebbi__augie,2013,Multiple moderate access barriers,Priority for mobile clinic outreach and infrastructure support
sokoto__kebbe,2013,Elevated under-5 mortality indicators,Priority for mobile clinic outreach and infrastructure support
oyo__surulere,2013,Multiple moderate access barriers,Maintain services and improve care quality
jigawa__ringim,2013,Elevated under-5 mortality indicators,Priority for mobile clinic outreach and infrastructure support
rivers__emuoha,2013,Multiple moderate access barriers,Priority for mobile clinic outreach and infrastructure support
enugu__isi-uzo,2013,Multiple moderate access barriers,Maintain services and improve care quality
bayelsa__yenegoa,2013,Multiple moderate access barriers,Maintain services and improve care quality
kwara__ilorin_east,2013,Multiple moderate access barriers,Monitor barriers and coordinate targeted interventions
bauchi__alkaleri,2013,Multiple moderate access barriers,Priority for mobile clinic outreach and infrastructure support
rivers__omumma,2013,Multiple moderate access barriers,Maintain services and improve care quality
jigawa__birnin_kudu,2013,Elevated under-5 mortality indicators,Priority for mobile clinic outreach and infrastructure support
taraba__takum,2013,Elevated under-5 mortality indicators,Monitor barriers and coordinate targeted interventions
edo__esan_south-east,2013,Multiple moderate access barriers,Monitor barriers and coordinate targeted interventions
osun__ifedayo,2013,Multiple moderate access barriers,Maintain services and improve care quality
oyo__ori_ire,2013,Multiple moderate access barriers,Maintain services and improve care quality
kwara__ifelodun,2013,Multiple moderate access barriers,Maintain services and improve care quality
zamfara__maradun,2013,Elevated under-5 mortality indicators,Priority for mobile clinic outreach and infrastructure support
enugu__aninri,2013,Multiple moderate access barriers,Priority for mobile clinic outreach and infrastructure support
ebonyi__abakaliki,2013,Elevated under-5 mortality indicators,Maintain services and improve care quality
kwara__pategi,2013,Elevated under-5 mortality indicators,Monitor barriers and coordinate targeted interventions
jigawa__biriniwa,2013,Elevated under-5 mortality indicators,Priority for mobile clinic outreach and infrastructure support
taraba__ussa,2013,Multiple moderate access barriers,Maintain services and improve care quality
sokoto__silame,2013,Elevated under-5 mortality indicators,Priority for mobile clinic outreach and infrastructure support
kano__takai,2013,Multiple moderate access barriers,Priority for mobile clinic outreach and infrastructure support
fct__bwari,2013,Multiple moderate access barriers,Maintain services and improve care quality
kwara__edu,2013,Multiple moderate access barriers,Monitor barriers and coordinate targeted interventions
kaduna__jema'a,2013,Multiple moderate access barriers,Priority for mobile clinic outreach and infrastructure support
jigawa__gumel,2013,Elevated under-5 mortality indicators,Priority for mobile clinic outreach and infrastructure support
sokoto__binji,2013,Multiple moderate access barriers,Priority for mobile clinic outreach and infrastructure support
sokoto__kware,2013,Elevated under-5 mortality indicators,Priority for mobile clinic outreach and infrastructure support
kebbi__bunza,2013,Elevated under-5 mortality indicators,Priority for mobile clinic outreach and infrastructure support
kogi__mopa-muro,2013,Multiple moderate access barriers,Maintain services and improve care quality
sokoto__sokoto_north,2013,Multiple moderate access barriers,Monitor barriers and coordinate targeted interventions
katsina__musawa,2013,Elevated under-5 mortality indicators,Monitor barriers and coordinate targeted interventions
delta__ethiope_west,2013,Multiple moderate access barriers,Monitor barriers and coordinate targeted interventions
ebonyi__ishielu,2013,Elevated under-5 mortality indicators,Monitor barriers and coordinate targeted interventions
kebbi__sakaba,2013,Multiple moderate access barriers,Monitor barriers and coordinate targeted interventions
kaduna__kudan,2013,Multiple moderate access barriers,Maintain services and improve care quality
kaduna__kachia,2013,Elevated under-5 mortality indicators,Priority for mobile clinic outreach and infrastructure support
sokoto__sabon_birni,2013,Elevated under-5 mortality indicators,Priority for mobile clinic outreach and infrastructure support
enugu__uzo-uwani,2013,Multiple moderate access barriers,Priority for mobile clinic outreach and infrastructure support
kaduna__jaba,2013,Elevated under-5 mortality indicators,Monitor barriers and coordinate targeted interventions
akwa_ibom__ibesikpo_asutan,2013,Elevated under-5 mortality indicators,Monitor barriers and coordinate targeted interventions
sokoto__sokoto_south,2013,Multiple moderate access barriers,Monitor barriers and coordinate targeted interventions
sokoto__yabo,2013,Elevated under-5 mortality indicators,Priority for mobile clinic outreach and infrastructure support
borno__damboa,2013,Multiple moderate access barriers,Priority for mobile clinic outreach and infrastructure support
katsina__matazu,2013,Elevated under-5 mortality indicators,Monitor barriers and coordinate targeted interventions
katsina__sandamu,2013,Multiple moderate access barriers,Maintain services and improve care quality
katsina__mashi,2013,Elevated under-5 mortality indicators,Priority for mobile clinic outreach and infrastructure support
katsina__dan_musa,2013,Multiple moderate access barriers,Monitor barriers and coordinate targeted interventions
kano__kura,2013,Multiple moderate access barriers,Priority for mobile clinic outreach and infrastructure support
kaduna__lere,2013,Elevated under-5 mortality indicators,Priority for mobile clinic outreach and infrastructure support
katsina__zango,2013,Multiple moderate access barriers,Monitor barriers and coordinate targeted interventions
sokoto__wurno,2013,Multiple moderate access barriers,Priority for mobile clinic outreach and infrastructure support
sokoto__gudu,2013,Elevated under-5 mortality indicators,Priority for mobile clinic outreach and infrastructure support
jigawa__gwiwa,2013,Elevated under-5 mortality indicators,Priority for mobile clinic outreach and infrastructure support
kebbi__birnin_kebbi,2013,Multiple moderate access barriers,Maintain services and improve care quality
kebbi__suru,2013,Elevated under-5 mortality indicators,Priority for mobile clinic outreach and infrastructure support
adamawa__numan,2013,Multiple moderate access barriers,Maintain services and improve care quality
borno__biu,2013,Multiple moderate access barriers,Priority for mobile clinic outreach and infrastructure support
kaduna__kaduna_south,2013,Multiple moderate access barriers,Maintain services and improve care quality
borno__dikwa,2013,Multiple moderate access barriers,Priority for mobile clinic outreach and infrastructure support
kaduna__zaria,2013,Multiple moderate access barriers,Monitor barriers and coordinate targeted interventions
kebbi__kalgo,2013,Elevated under-5 mortality indicators,Monitor barriers and coordinate targeted interventions
jigawa__yankwashi,2013,Elevated under-5 mortality indicators,Priority for mobile clinic outreach and infrastructure support
kaduna__kaura,2013,Multiple moderate access barriers,Monitor barriers and coordinate targeted interventions
adamawa__lamurde,2013,Elevated under-5 mortality indicators,Monitor barriers and coordinate targeted interventions
borno__monguno,2013,Multiple moderate access barriers,Monitor barriers and coordinate targeted interventions
enugu__enugu_east,2013,Multiple moderate access barriers,Maintain services and improve care quality
borno__ngala,2013,Low facility density,Priority for mobile clinic outreach and infrastructure support
borno__gubio,2013,Low facility density | Limited facility proximity coverage,Priority for mobile clinic outreach and infrastructure support
kogi__yagba_east,2013,Multiple moderate access barriers,Monitor barriers and coordinate targeted interventions
borno__chibok,2013,Multiple moderate access barriers,Maintain services and improve care quality
sokoto__tureta,2013,Elevated under-5 mortality indicators,Priority for mobile clinic outreach and infrastructure support
taraba__gashaka,2013,Multiple moderate access barriers,Monitor barriers and coordinate targeted interventions
bauchi__bauchi,2013,Multiple moderate access barriers,Monitor barriers and coordinate targeted interventions
borno__hawul,2013,Multiple moderate access barriers,Maintain services and improve care quality
akwa_ibom__uruan,2013,Multiple moderate access barriers,Priority for mobile clinic outreach and infrastructure support
adamawa__mayo-belwa,2013,Multiple moderate access barriers,Maintain services and improve care quality
adamawa__mubi_south,2013,Multiple moderate access barriers,Maintain services and improve care quality
edo__etsako_west,2013,Multiple moderate access barriers,Maintain services and improve care quality
yobe__fune,2013,Multiple moderate access barriers,Priority for mobile clinic outreach and infrastructure support
borno__mobbar,2013,Low facility density | Limited facility proximity coverage,Priority for mobile clinic outreach and infrastructure support
yobe__potiskum,2013,Multiple moderate access barriers,Priority for mobile clinic outreach and infrastructure support
borno__gwoza,2013,Multiple moderate access barriers,Priority for mobile clinic outreach and infrastructure support
borno__guzamala,2013,Multiple moderate access barriers,Priority for mobile clinic outreach and infrastructure support
adamawa__maiha,2013,Elevated under-5 mortality indicators,Priority for mobile clinic outreach and infrastructure support
yobe__gulani,2013,Multiple moderate access barriers,Priority for mobile clinic outreach and infrastructure support
taraba__zing,2013,Multiple moderate access barriers,Maintain services and improve care quality
oyo__orelope,2013,Multiple moderate access barriers,Monitor barriers and coordinate targeted interventions
akwa_ibom__nsit_ibom,2013,Multiple moderate access barriers,Monitor barriers and coordinate targeted interventions
adamawa__fufore,2013,Multiple moderate access barriers,Maintain services and improve care quality
akwa_ibom__mkpat_enin,2013,Multiple moderate access barriers,Monitor barriers and coordinate targeted interventions
edo__owan_west,2013,Multiple moderate access barriers,Maintain services and improve care quality
borno__kaga,2013,Multiple moderate access barriers,Monitor barriers and coordinate targeted interventions
taraba__karim_lamido,2013,Multiple moderate access barriers,Maintain services and improve care quality
borno__kukawa,2013,Limited facility proximity coverage,Priority for mobile clinic outreach and infrastructure support
adamawa__gombi,2013,Multiple moderate access barriers,Monitor barriers and coordinate targeted interventions
adamawa__guyuk,2013,Elevated under-5 mortality indicators,Priority for mobile clinic outreach and infrastructure support
kano__tudun_wada,2013,Multiple moderate access barriers,Priority for mobile clinic outreach and infrastructure support
oyo__saki_west,2013,Multiple moderate access barriers,Priority for mobile clinic outreach and infrastructure support
adamawa__toungo,2013,Multiple moderate access barriers,Monitor barriers and coordinate targeted interventions
rivers__abua/odual,2013,Multiple moderate access barriers,Priority for mobile clinic outreach and infrastructure support
zamfara__bungudu,2013,Elevated under-5 mortality indicators,Priority for mobile clinic outreach and infrastructure support
borno__shani,2013,Multiple moderate access barriers,Monitor barriers and coordinate targeted interventions
sokoto__shagari,2013,Multiple moderate access barriers,Priority for mobile clinic outreach and infrastructure support
yobe__yunusari,2013,Multiple moderate access barriers,Priority for mobile clinic outreach and infrastructure support
adamawa__ganye,2013,Multiple moderate access barriers,Monitor barriers and coordinate targeted interventions
adamawa__jada,2013,Multiple moderate access barriers,Maintain services and improve care quality
taraba__bali,2013,Elevated under-5 mortality indicators,Monitor barriers and coordinate targeted interventions
adamawa__shelleng,2013,Multiple moderate access barriers,Monitor barriers and coordinate targeted interventions
ondo__okitipupa,2013,Multiple moderate access barriers,Monitor barriers and coordinate targeted interventions
borno__bayo,2013,Multiple moderate access barriers,Maintain services and improve care quality
akwa_ibom__ikot_abasi,2013,Multiple moderate access barriers,Monitor barriers and coordinate targeted interventions
borno__maiduguri,2013,Multiple moderate access barriers,Monitor barriers and coordinate targeted interventions
yobe__gujba,2013,Multiple moderate access barriers,Priority for mobile clinic outreach and infrastructure support
edo__esan_north-east,2013,Multiple moderate access barriers,Maintain services and improve care quality
bauchi__tafawa-balewa,2013,Multiple moderate access barriers,Monitor barriers and coordinate targeted interventions
yobe__nangere,2013,Multiple moderate access barriers,Maintain services and improve care quality
akwa_ibom__ika,2013,Multiple moderate access barriers,Monitor barriers and coordinate targeted interventions
bauchi__dambam,2013,Multiple moderate access barriers,Monitor barriers and coordinate targeted interventions
bauchi__ganjuwa,2013,Multiple moderate access barriers,Priority for mobile clinic outreach and infrastructure support
borno__nganzai,2013,Multiple moderate access barriers,Monitor barriers and coordinate targeted interventions
rivers__ahoada_west,2013,Multiple moderate access barriers,Priority for mobile clinic outreach and infrastructure support
adamawa__song,2013,Elevated under-5 mortality indicators,Monitor barriers and coordinate targeted interventions
delta__oshimili_north,2013,Multiple moderate access barriers,Monitor barriers and coordinate targeted interventions
rivers__gokana,2013,Multiple moderate access barriers,Monitor barriers and coordinate targeted interventions
zamfara__bukkuyum,2013,Elevated under-5 mortality indicators,Priority for mobile clinic outreach and infrastructure support
yobe__damaturu,2013,Multiple moderate access barriers,Monitor barriers and coordinate targeted interventions
yobe__geidam,2013,Multiple moderate access barriers,Priority for mobile clinic outreach and infrastructure support
yobe__tarmuwa,2013,Multiple moderate access barriers,Priority for mobile clinic outreach and infrastructure support
adamawa__madagali,2013,Multiple moderate access barriers,Priority for mobile clinic outreach and infrastructure support
adamawa__michika,2013,Multiple moderate access barriers,Maintain services and improve care quality
adamawa__mubi_north,2013,Multiple moderate access barriers,Monitor barriers and coordinate targeted interventions
edo__owan_east,2013,Multiple moderate access barriers,Maintain services and improve care quality
adamawa__hong,2013,Multiple moderate access barriers,Maintain services and improve care quality
kano__nassarawa,2013,Multiple moderate access barriers,Monitor barriers and coordinate targeted interventions
katsina__sabuwa,2013,Multiple moderate access barriers,Priority for mobile clinic outreach and infrastructure support
ebonyi__ohaozara,2013,Elevated under-5 mortality indicators,Monitor barriers and coordinate targeted interventions
zamfara__kaura_namoda,2013,Elevated under-5 mortality indicators,Priority for mobile clinic outreach and infrastructure support
katsina__dutsi,2013,Elevated under-5 mortality indicators,Monitor barriers and coordinate targeted interventions
kano__kabo,2013,Multiple moderate access barriers,Monitor barriers and coordinate targeted interventions
katsina__dandume,2013,Multiple moderate access barriers,Monitor barriers and coordinate targeted interventions
kano__dawakin_tofa,2013,Multiple moderate access barriers,Monitor barriers and coordinate targeted interventions
kano__gezawa,2013,Multiple moderate access barriers,Priority for mobile clinic outreach and infrastructure support
sokoto__bodinga,2013,Elevated under-5 mortality indicators,Priority for mobile clinic outreach and infrastructure support
zamfara__zurmi,2013,Elevated under-5 mortality indicators,Priority for mobile clinic outreach and infrastructure support
kano__warawa,2013,Multiple moderate access barriers,Priority for mobile clinic outreach and infrastructure support
sokoto__tangaza,2013,Elevated under-5 mortality indicators,Priority for mobile clinic outreach and infrastructure support
jigawa__maigatari,2013,Elevated under-5 mortality indicators,Priority for mobile clinic outreach and infrastructure support
katsina__danja,2013,Multiple moderate access barriers,Maintain services and improve care quality
kano__fagge,2013,Multiple moderate access barriers,Monitor barriers and coordinate targeted interventions
katsina__jibia,2013,Multiple moderate access barriers,Maintain services and improve care quality
rivers__eleme,2013,Multiple moderate access barriers,Monitor barriers and coordinate targeted interventions
kano__bebeji,2013,Multiple moderate access barriers,Priority for mobile clinic outreach and infrastructure support
kano__rano,2013,Elevated under-5 mortality indicators,Priority for mobile clinic outreach and infrastructure support
kano__tarauni,2013,Multiple moderate access barriers,Monitor barriers and coordinate targeted interventions
akwa_ibom__etinan,2013,Multiple moderate access barriers,Monitor barriers and coordinate targeted interventions
ogun__yewa_south,2013,Multiple moderate access barriers,Monitor barriers and coordinate targeted interventions
kebbi__argungu,2013,Multiple moderate access barriers,Maintain services and improve care quality
kano__kiru,2013,Elevated under-5 mortality indicators,Priority for mobile clinic outreach and infrastructure support
katsina__batagarawa,2013,Elevated under-5 mortality indicators,Monitor barriers and coordinate targeted interventions
delta__bomadi,2013,Elevated under-5 mortality indicators,Priority for mobile clinic outreach and infrastructure support
borno__kwaya_kusar,2013,Multiple moderate access barriers,Maintain services and improve care quality
enugu__igbo-etiti,2013,Multiple moderate access barriers,Monitor barriers and coordinate targeted interventions
kano__doguwa,2013,Multiple moderate access barriers,Priority for mobile clinic outreach and infrastructure support
yobe__bade,2013,Elevated under-5 mortality indicators,Priority for mobile clinic outreach and infrastructure support
akwa_ibom__itu,2013,Multiple moderate access barriers,Priority for mobile clinic outreach and infrastructure support
borno__bama,2013,Multiple moderate access barriers,Monitor barriers and coordinate targeted interventions
sokoto__gada,2013,Elevated under-5 mortality indicators,Priority for mobile clinic outreach and infrastructure support
zamfara__gusau,2013,Elevated under-5 mortality indicators,Priority for mobile clinic outreach and infrastructure support
lagos__lagos_mainland,2013,Multiple moderate access barriers,Maintain services and improve care quality
katsina__kaita,2013,Multiple moderate access barriers,Monitor barriers and coordinate targeted interventions
kano__minjibir,2013,Elevated under-5 mortality indicators,Priority for mobile clinic outreach and infrastructure support
akwa_ibom__ini,2013,Multiple moderate access barriers,Maintain services and improve care quality
zamfara__talata_mafara,2013,Multiple moderate access barriers,Monitor barriers and coordinate targeted interventions
kebbi__gwandu,2013,Multiple moderate access barriers,Monitor barriers and coordinate targeted interventions
zamfara__birnin_magaji-kiyaw,2013,Elevated under-5 mortality indicators,Priority for mobile clinic outreach and infrastructure support
kano__shanono,2013,Multiple moderate access barriers,Priority for mobile clinic outreach and infrastructure support
kano__rogo,2013,Multiple moderate access barriers,Priority for mobile clinic outreach and infrastructure support
katsina__batsari,2013,Multiple moderate access barriers,Monitor barriers and coordinate targeted interventions
akwa_ibom__eket,2013,Multiple moderate access barriers,Maintain services and improve care quality
akwa_ibom__okobo,2013,Multiple moderate access barriers,Monitor barriers and coordinate targeted interventions
kano__kano_municipal,2013,Multiple moderate access barriers,Maintain services and improve care quality
yobe__bursari,2013,Multiple moderate access barriers,Priority for mobile clinic outreach and infrastructure support
kebbi__maiyama,2013,Multiple moderate access barriers,Monitor barriers and coordinate targeted interventions
lagos__lagos_island,2013,Multiple moderate access barriers,Monitor barriers and coordinate targeted interventions
kano__madobi,2013,Elevated under-5 mortality indicators,Priority for mobile clinic outreach and infrastructure support
jigawa__miga,2013,Elevated under-5 mortality indicators,Priority for mobile clinic outreach and infrastructure support
katsina__rimi,2013,Multiple moderate access barriers,Maintain services and improve care quality
kano__gabasawa,2013,Multiple moderate access barriers,Priority for mobile clinic outreach and infrastructure support
kebbi__aleiro,2013,Elevated under-5 mortality indicators,Monitor barriers and coordinate targeted interventions
kano__ungogo,2013,Multiple moderate access barriers,Priority for mobile clinic outreach and infrastructure support
sokoto__tambuwal,2013,Multiple moderate access barriers,Monitor barriers and coordinate targeted interventions
kebbi__jega,2013,Multiple moderate access barriers,Monitor barriers and coordinate targeted interventions
katsina__katsina,2013,Multiple moderate access barriers,Monitor barriers and coordinate targeted interventions
kano__dawakin_kudu,2013,Multiple moderate access barriers,Priority for mobile clinic outreach and infrastructure support
kebbi__arewa_dandi,2013,Elevated under-5 mortality indicators,Priority for mobile clinic outreach and infrastructure support
akwa_ibom__etim_ekpo,2013,Multiple moderate access barriers,Monitor barriers and coordinate targeted interventions
kano__albasu,2013,Multiple moderate access barriers,Priority for mobile clinic outreach and infrastructure support
borno__marte,2013,Multiple moderate access barriers,Priority for mobile clinic outreach and infrastructure support
kano__kumbotso,2013,Multiple moderate access barriers,Monitor barriers and coordinate targeted interventions
jigawa__kazaure,2013,Elevated under-5 mortality indicators,Priority for mobile clinic outreach and infrastructure support
katsina__malumfashi,2013,Multiple moderate access barriers,Maintain services and improve care quality
enugu__udi,2013,Multiple moderate access barriers,Maintain services and improve care quality
jigawa__dutse,2013,Elevated under-5 mortality indicators,Priority for mobile clinic outreach and infrastructure support
jigawa__gwaram,2013,Multiple moderate access barriers,Priority for mobile clinic outreach and infrastructure support
kaduna__zangon_kataf,2013,Multiple moderate access barriers,Priority for mobile clinic outreach and infrastructure support
jigawa__kiyawa,2013,Elevated under-5 mortality indicators,Priority for mobile clinic outreach and infrastructure support
bauchi__zaki,2013,Multiple moderate access barriers,Monitor barriers and coordinate targeted interventions
rivers__opobo/nkoro,2013,Low facility density,Monitor barriers and coordinate targeted interventions
bauchi__shira,2013,Elevated under-5 mortality indicators,Priority for mobile clinic outreach and infrastructure support
bauchi__dass,2013,Multiple moderate access barriers,Monitor barriers and coordinate targeted interventions
enugu__enugu_north,2013,Multiple moderate access barriers,Maintain services and improve care quality
jigawa__buji,2013,Elevated under-5 mortality indicators,Priority for mobile clinic outreach and infrastructure support
akwa_ibom__ukanafun,2013,Multiple moderate access barriers,Monitor barriers and coordinate targeted interventions
niger__agaie,2013,Multiple moderate access barriers,Monitor barriers and coordinate targeted interventions
kano__bagwai,2013,Multiple moderate access barriers,Monitor barriers and coordinate targeted interventions
kaduna__kajuru,2013,Multiple moderate access barriers,Monitor barriers and coordinate targeted interventions
niger__katcha,2013,Multiple moderate access barriers,Maintain services and improve care quality
katsina__kafur,2013,Multiple moderate access barriers,Maintain services and improve care quality
kebbi__wasagu-danko,2013,Elevated under-5 mortality indicators,Priority for mobile clinic outreach and infrastructure support
niger__bida,2013,Multiple moderate access barriers,Maintain services and improve care quality
bauchi__kirfi,2013,Multiple moderate access barriers,Priority for mobile clinic outreach and infrastructure support
kebbi__dandi,2013,Elevated under-5 mortality indicators,Priority for mobile clinic outreach and infrastructure support
kebbi__bagudu,2013,Elevated under-5 mortality indicators,Priority for mobile clinic outreach and infrastructure support
katsina__kankara,2013,Elevated under-5 mortality indicators,Priority for mobile clinic outreach and infrastructure support
bauchi__itas/gadau,2013,Elevated under-5 mortality indicators,Priority for mobile clinic outreach and infrastructure support
lagos__apapa,2013,Multiple moderate access barriers,Maintain services and improve care quality
ondo__ondo_east,2013,Multiple moderate access barriers,Monitor barriers and coordinate targeted interventions
bauchi__warji,2013,Multiple moderate access barriers,Priority for mobile clinic outreach and infrastructure support
bauchi__katagum,2013,Elevated under-5 mortality indicators,Priority for mobile clinic outreach and infrastructure support
katsina__mani,2013,Multiple moderate access barriers,Maintain services and improve care quality
kaduna__sanga,2013,Multiple moderate access barriers,Maintain services and improve care quality
bauchi__bogoro,2013,Multiple moderate access barriers,Monitor barriers and coordinate targeted interventions
yobe__fika,2013,Multiple moderate access barriers,Monitor barriers and coordinate targeted interventions
fct__kuje,2013,Elevated under-5 mortality indicators,Priority for mobile clinic outreach and infrastructure support
jigawa__sule_tankarkar,2013,Elevated under-5 mortality indicators,Priority for mobile clinic outreach and infrastructure support
oyo__ibadan_north_east,2013,Multiple moderate access barriers,Maintain services and improve care quality
katsina__bindawa,2013,Multiple moderate access barriers,Maintain services and improve care quality
kwara__ilorin_south,2013,Multiple moderate access barriers,Maintain services and improve care quality
bauchi__gamawa,2013,Multiple moderate access barriers,Priority for mobile clinic outreach and infrastructure support
jigawa__kafin_hausa,2013,Elevated under-5 mortality indicators,Priority for mobile clinic outreach and infrastructure support
ogun__ado_odo/ota,2013,Multiple moderate access barriers,Maintain services and improve care quality
kano__garko,2013,Multiple moderate access barriers,Priority for mobile clinic outreach and infrastructure support
kaduna__kubau,2013,Multiple moderate access barriers,Monitor barriers and coordinate targeted interventions
taraba__wukari,2013,Multiple moderate access barriers,Monitor barriers and coordinate targeted interventions
kano__gwarzo,2013,Multiple moderate access barriers,Priority for mobile clinic outreach and infrastructure support
rivers__oyigbo,2013,Multiple moderate access barriers,Maintain services and improve care quality
delta__ughelli_south,2013,Multiple moderate access barriers,Priority for mobile clinic outreach and infrastructure support
kebbi__fakai,2013,Elevated under-5 mortality indicators,Priority for mobile clinic outreach and infrastructure support
jigawa__kaugama,2013,Elevated under-5 mortality indicators,Priority for mobile clinic outreach and infrastructure support
edo__esan_central,2013,Multiple moderate access barriers,Maintain services and improve care quality
sokoto__goronyo,2013,Elevated under-5 mortality indicators,Priority for mobile clinic outreach and infrastructure support
oyo__ibarapa_east,2013,Multiple moderate access barriers,Monitor barriers and coordinate targeted interventions
edo__ikpoba-okha,2013,Multiple moderate access barriers,Monitor barriers and coordinate targeted interventions
enugu__awgu,2013,Multiple moderate access barriers,Maintain services and improve care quality
oyo__olorunsogo,2013,Multiple moderate access barriers,Maintain services and improve care quality
kogi__kabba/bunu,2013,Multiple moderate access barriers,Maintain services and improve care quality
bauchi__ningi,2013,Elevated under-5 mortality indicators,Priority for mobile clinic outreach and infrastructure support
taraba__kurmi,2013,Multiple moderate access barriers,Maintain services and improve care quality
katsina__bakori,2013,Multiple moderate access barriers,Maintain services and improve care quality
akwa_ibom__nsit_atai,2013,Multiple moderate access barriers,Monitor barriers and coordinate targeted interventions
katsina__kankia,2013,Multiple moderate access barriers,Maintain services and improve care quality
jigawa__gagarawa,2013,Elevated under-5 mortality indicators,Priority for mobile clinic outreach and infrastructure support
bauchi__giade,2013,Multiple moderate access barriers,Priority for mobile clinic outreach and infrastructure support
edo__iguegben,2013,Multiple moderate access barriers,Maintain services and improve care quality
ondo__akure_north,2013,Multiple moderate access barriers,Maintain services and improve care quality
rivers__khana,2013,Multiple moderate access barriers,Maintain services and improve care quality
akwa_ibom__oruk_anam,2013,Multiple moderate access barriers,Monitor barriers and coordinate targeted interventions
bauchi__misau,2013,Multiple moderate access barriers,Priority for mobile clinic outreach and infrastructure support
bayelsa__kolokuma/opokuma,2013,Multiple moderate access barriers,Monitor barriers and coordinate targeted interventions
kano__karaye,2013,Multiple moderate access barriers,Monitor barriers and coordinate targeted interventions
bayelsa__sagbama,2013,Multiple moderate access barriers,Priority for mobile clinic outreach and infrastructure support
jigawa__garki,2013,Elevated under-5 mortality indicators,Priority for mobile clinic outreach and infrastructure support
katsina__mai'adua,2013,Multiple moderate access barriers,Monitor barriers and coordinate targeted interventions
ebonyi__ezza_north,2013,Multiple moderate access barriers,Maintain services and improve care quality
taraba__ibi,2013,Elevated under-5 mortality indicators,Priority for mobile clinic outreach and infrastructure support
kogi__omala,2013,Multiple moderate access barriers,Maintain services and improve care quality
ondo__ile_oluji/okeigbo,2013,Multiple moderate access barriers,Maintain services and improve care quality
katsina__baure,2013,Multiple moderate access barriers,Monitor barriers and coordinate targeted interventions
katsina__dutsin_ma,2013,Multiple moderate access barriers,Maintain services and improve care quality
edo__uhunmwonde,2013,Multiple moderate access barriers,Maintain services and improve care quality
jigawa__taura,2013,Elevated under-5 mortality indicators,Priority for mobile clinic outreach and infrastructure support
delta__ughelli_north,2013,Multiple moderate access barriers,Monitor barriers and coordinate targeted interventions
edo__orhionmwon,2013,Multiple moderate access barriers,Maintain services and improve care quality
kaduna__soba,2013,Multiple moderate access barriers,Monitor barriers and coordinate targeted interventions
yobe__karasuwa,2013,Multiple moderate access barriers,Priority for mobile clinic outreach and infrastructure support
ondo__ondo_west,2013,Multiple moderate access barriers,Priority for mobile clinic outreach and infrastructure support
delta__ika_south,2013,Elevated under-5 mortality indicators,Monitor barriers and coordinate targeted interventions
ekiti__oye,2013,Multiple moderate access barriers,Monitor barriers and coordinate targeted interventions
kano__bichi,2013,Multiple moderate access barriers,Priority for mobile clinic outreach and infrastructure support
fct__kwali,2013,Multiple moderate access barriers,Monitor barriers and coordinate targeted interventions
oyo__oyo_west,2013,Multiple moderate access barriers,Maintain services and improve care quality
katsina__kusada,2013,Multiple moderate access barriers,Maintain services and improve care quality
jigawa__roni,2013,Elevated under-5 mortality indicators,Priority for mobile clinic outreach and infrastructure support
bauchi__toro,2013,Elevated under-5 mortality indicators,Monitor barriers and coordinate targeted interventions
ondo__akure_south,2013,Multiple moderate access barriers,Maintain services and improve care quality
kaduna__igabi,2013,Low facility density,Priority for mobile clinic outreach and infrastructure support
kogi__okene,2013,Multiple moderate access barriers,Maintain services and improve care quality
anambra__onitsha_south,2013,Multiple moderate access barriers,Maintain services and improve care quality
benue__agatu,2013,Elevated under-5 mortality indicators,Monitor barriers and coordinate targeted interventions
kano__dala,2013,Multiple moderate access barriers,Monitor barriers and coordinate targeted interventions
zamfara__anka,2013,Elevated under-5 mortality indicators,Priority for mobile clinic outreach and infrastructure support
kano__tofa,2013,Multiple moderate access barriers,Maintain services and improve care quality
katsina__ingawa,2013,Elevated under-5 mortality indicators,Priority for mobile clinic outreach and infrastructure support
delta__uvwie,2013,Multiple moderate access barriers,Maintain services and improve care quality
ondo__idanre,2013,Multiple moderate access barriers,Maintain services and improve care quality
delta__okpe,2013,Multiple moderate access barriers,Monitor barriers and coordinate targeted interventions
anambra__anambra_west,2013,Multiple moderate access barriers,Priority for mobile clinic outreach and infrastructure support
lagos__mushin,2013,Elevated under-5 mortality indicators,Priority for mobile clinic outreach and infrastructure support
ogun__shagamu,2013,Multiple moderate access barriers,Maintain services and improve care quality
cross_river__biase,2013,Multiple moderate access barriers,Monitor barriers and coordinate targeted interventions
kano__gaya,2013,Elevated under-5 mortality indicators,Priority for mobile clinic outreach and infrastructure support
katsina__charanchi,2013,Multiple moderate access barriers,Maintain services and improve care quality
edo__etsako_central,2013,Multiple moderate access barriers,Maintain services and improve care quality
bauchi__darazo,2013,Multiple moderate access barriers,Priority for mobile clinic outreach and infrastructure support
kogi__ijumu,2013,Multiple moderate access barriers,Maintain services and improve care quality
kwara__irepodun,2013,Multiple moderate access barriers,Maintain services and improve care quality
oyo__egbeda,2013,Multiple moderate access barriers,Maintain services and improve care quality
ondo__akoko_south_east,2013,Multiple moderate access barriers,Maintain services and improve care quality
katsina__faskari,2013,Multiple moderate access barriers,Monitor barriers and coordinate targeted interventions
kaduna__makarfi,2013,Multiple moderate access barriers,Maintain services and improve care quality
delta__udu,2013,Multiple moderate access barriers,Maintain services and improve care quality
kano__bunkure,2013,Elevated under-5 mortality indicators,Priority for mobile clinic outreach and infrastructure support
katsina__funtua,2013,Multiple moderate access barriers,Maintain services and improve care quality
kano__dambatta,2013,Multiple moderate access barriers,Priority for mobile clinic outreach and infrastructure support
yobe__jakusko,2013,Multiple moderate access barriers,Priority for mobile clinic outreach and infrastructure support
kano__gwale,2013,Multiple moderate access barriers,Monitor barriers and coordinate targeted interventions
jigawa__babura,2013,Multiple moderate access barriers,Priority for mobile clinic outreach and infrastructure support
delta__sapele,2013,Multiple moderate access barriers,Monitor barriers and coordinate targeted interventions
delta__ika_north_east,2013,Multiple moderate access barriers,Monitor barriers and coordinate targeted interventions
lagos__surulere,2013,Multiple moderate access barriers,Maintain services and improve care quality
kano__garun_malam,2013,Elevated under-5 mortality indicators,Priority for mobile clinic outreach and infrastructure support
kwara__offa,2013,Multiple moderate access barriers,Maintain services and improve care quality
lagos__shomolu,2013,Multiple moderate access barriers,Maintain services and improve care quality
kano__makoda,2013,Multiple moderate access barriers,Priority for mobile clinic outreach and infrastructure support
kano__rimin_gado,2013,Elevated under-5 mortality indicators,Priority for mobile clinic outreach and infrastructure support
yobe__yusufari,2013,Multiple moderate access barriers,Priority for mobile clinic outreach and infrastructure support
kogi__bassa,2013,Multiple moderate access barriers,Maintain services and improve care quality
jigawa__jahun,2013,Multiple moderate access barriers,Priority for mobile clinic outreach and infrastructure support
katsina__kurfi,2013,Multiple moderate access barriers,Maintain services and improve care quality
edo__esan_west,2013,Elevated under-5 mortality indicators,Monitor barriers and coordinate targeted interventions
kaduna__kaduna_north,2013,Multiple moderate access barriers,Maintain services and improve care quality
katsina__daura,2013,Multiple moderate access barriers,Priority for mobile clinic outreach and infrastructure support
taraba__gassol,2013,Multiple moderate access barriers,Monitor barriers and coordinate targeted interventions
jigawa__auyo,2013,Elevated under-5 mortality indicators,Priority for mobile clinic outreach and infrastructure support
kano__wudil,2013,Multiple moderate access barriers,Priority for mobile clinic outreach and infrastructure support
kaduna__ikara,2013,Multiple moderate access barriers,Priority for mobile clinic outreach and infrastructure support
ondo__ifedore,2013,Multiple moderate access barriers,Maintain services and improve care quality
niger__lavun,2013,Multiple moderate access barriers,Priority for mobile clinic outreach and infrastructure support
sokoto__dange_shuni,2013,Elevated under-5 mortality indicators,Priority for mobile clinic outreach and infrastructure support
ogun__yewa_north,2013,Multiple moderate access barriers,Maintain services and improve care quality
zamfara__tsafe,2013,Elevated under-5 mortality indicators,Priority for mobile clinic outreach and infrastructure support
kwara__ekiti,2013,Multiple moderate access barriers,Monitor barriers and coordinate targeted interventions
kebbi__zuru,2013,Multiple moderate access barriers,Priority for mobile clinic outreach and infrastructure support
kogi__yagba_west,2013,Multiple moderate access barriers,Monitor barriers and coordinate targeted interventions
kogi__kogi,2013,Multiple moderate access barriers,Maintain services and improve care quality
kogi__olamaboro,2013,Multiple moderate access barriers,Maintain services and improve care quality
ondo__odigbo,2013,Elevated under-5 mortality indicators,Priority for mobile clinic outreach and infrastructure support
lagos__agege,2013,Multiple moderate access barriers,Maintain services and improve care quality
kano__kibiya,2013,Multiple moderate access barriers,Priority for mobile clinic outreach and infrastructure support
kwara__isin,2013,Multiple moderate access barriers,Maintain services and improve care quality
kaduna__sabon_gari,2013,Multiple moderate access barriers,Monitor barriers and coordinate targeted interventions
jigawa__malam_madori,2013,Elevated under-5 mortality indicators,Monitor barriers and coordinate targeted interventions
kogi__lokoja,2013,Multiple moderate access barriers,Monitor barriers and coordinate targeted interventions
osun__ede_south,2013,Multiple moderate access barriers,Maintain services and improve care quality
kaduna__giwa,2013,Multiple moderate access barriers,Monitor barriers and coordinate targeted interventions
ekiti__ikole,2013,Multiple moderate access barriers,Monitor barriers and coordinate targeted interventions
kano__kunchi,2013,Multiple moderate access barriers,Priority for mobile clinic outreach and infrastructure support
jigawa__guri,2013,Elevated under-5 mortality indicators,Priority for mobile clinic outreach and infrastructure support
zamfara__maru,2013,Elevated under-5 mortality indicators,Priority for mobile clinic outreach and infrastructure support
gombe__dukku,2013,Multiple moderate access barriers,Priority for mobile clinic outreach and infrastructure support
sokoto__wamakko,2013,Elevated under-5 mortality indicators,Monitor barriers and coordinate targeted interventions
kwara__oke_ero,2013,Multiple moderate access barriers,Maintain services and improve care quality
lagos__oshodi/isolo,2013,Multiple moderate access barriers,Maintain services and improve care quality
borno__abadam,2013,Limited facility proximity coverage,Priority for mobile clinic outreach and infrastructure support
ekiti__moba,2013,Elevated under-5 mortality indicators,Priority for mobile clinic outreach and infrastructure support
fct__gwagwalada,2013,Multiple moderate access barriers,Monitor barriers and coordinate targeted interventions
kaduna__kagarko,2013,Elevated under-5 mortality indicators,Priority for mobile clinic outreach and infrastructure support
fct__abaji,2013,Multiple moderate access barriers,Monitor barriers and coordinate targeted interventions
taraba__sardauna,2013,Multiple moderate access barriers,Maintain services and improve care quality
kebbi__shanga,2013,Elevated under-5 mortality indicators,Priority for mobile clinic outreach and infrastructure support
kaduna__birnin_gwari,2013,Multiple moderate access barriers,Monitor barriers and coordinate targeted interventions
kebbi__ngaski,2013,Elevated under-5 mortality indicators,Priority for mobile clinic outreach and infrastructure support
kaduna__chikun,2013,Multiple moderate access barriers,Monitor barriers and coordinate targeted interventions
kebbi__yauri,2013,Elevated under-5 mortality indicators,Monitor barriers and coordinate targeted interventions
kaduna__kauru,2013,Multiple moderate access barriers,Monitor barriers and coordinate targeted interventions
adamawa__demsa,2013,Multiple moderate access barriers,Maintain services and improve care quality
abia__umuahia_south,2013,Multiple moderate access barriers,Maintain services and improve care quality
osun__obokun,2013,Elevated under-5 mortality indicators,Monitor barriers and coordinate targeted interventions
imo__owerri_west,2013,Multiple moderate access barriers,Maintain services and improve care quality
nasarawa__nasarawa,2013,Multiple moderate access barriers,Maintain services and improve care quality
anambra__idemili_south,2013,Multiple moderate access barriers,Maintain services and improve care quality
abia__aba_north,2013,Multiple moderate access barriers,Maintain services and improve care quality
ogun__odeda,2013,Multiple moderate access barriers,Maintain services and improve care quality
ogun__ijebu_east,2013,Multiple moderate access barriers,Maintain services and improve care quality
benue__okpokwu,2013,Multiple moderate access barriers,Maintain services and improve care quality
gombe__shomgom,2013,Multiple moderate access barriers,Maintain services and improve care quality
ekiti__ado-ekiti,2013,Multiple moderate access barriers,Maintain services and improve care quality
imo__ahiazu-mbaise,2013,Multiple moderate access barriers,Maintain services and improve care quality
kogi__ankpa,2013,Multiple moderate access barriers,Monitor barriers and coordinate targeted interventions
imo__nkwerre,2013,Multiple moderate access barriers,Maintain services and improve care quality
benue__apa,2013,Multiple moderate access barriers,Maintain services and improve care quality
benue__kwande,2013,Multiple moderate access barriers,Maintain services and improve care quality
cross_river__ikom,2013,Multiple moderate access barriers,Maintain services and improve care quality
ekiti__ido-osi,2013,Multiple moderate access barriers,Monitor barriers and coordinate targeted interventions
abia__ukwa_east,2013,Elevated under-5 mortality indicators,Maintain services and improve care quality
abia__ukwa_west,2013,Multiple moderate access barriers,Maintain services and improve care quality
anambra__nnewi_south,2013,Multiple moderate access barriers,Monitor barriers and coordinate targeted interventions
abia__bende,2013,Multiple moderate access barriers,Monitor barriers and coordinate targeted interventions
imo__okigwe,2013,Multiple moderate access barriers,Maintain services and improve care quality
bauchi__jama'are,2013,Elevated under-5 mortality indicators,Monitor barriers and coordinate targeted interventions
nasarawa__kokona,2013,Elevated under-5 mortality indicators,Monitor barriers and coordinate targeted interventions
borno__mafa,2013,Multiple moderate access barriers,Priority for mobile clinic outreach and infrastructure support
gombe__akko,2013,Multiple moderate access barriers,Monitor barriers and coordinate targeted interventions
benue__ushongo,2013,Multiple moderate access barriers,Maintain services and improve care quality
imo__ehime-mbano,2013,Multiple moderate access barriers,Maintain services and improve care quality
imo__ideato_south,2013,Multiple moderate access barriers,Priority for mobile clinic outreach and infrastructure support
osun__ife_south,2013,Multiple moderate access barriers,Maintain services and improve care quality
anambra__oyi,2013,Multiple moderate access barriers,Maintain services and improve care quality
ekiti__ekiti_south-west,2013,Multiple moderate access barriers,Maintain services and improve care quality
anambra__ayamelum,2013,Multiple moderate access barriers,Priority for mobile clinic outreach and infrastructure support
imo__aboh-mbaise,2013,Multiple moderate access barriers,Maintain services and improve care quality
ekiti__ilejemeje,2013,Multiple moderate access barriers,Monitor barriers and coordinate targeted interventions
imo__mbatoli,2013,Multiple moderate access barriers,Maintain services and improve care quality
cross_river__akamkpa,2013,Multiple moderate access barriers,Priority for mobile clinic outreach and infrastructure support
abia__obi_nwga,2013,Elevated under-5 mortality indicators,Maintain services and improve care quality
benue__logo,2013,Multiple moderate access barriers,Monitor barriers and coordinate targeted interventions
benue__guma,2013,Multiple moderate access barriers,Monitor barriers and coordinate targeted interventions
cross_river__ogoja,2013,Multiple moderate access barriers,Maintain services and improve care quality
abia__ohafia,2013,Multiple moderate access barriers,Maintain services and improve care quality
anambra__orumba_north,2013,Multiple moderate access barriers,Maintain services and improve care quality
benue__ado,2013,Multiple moderate access barriers,Priority for mobile clinic outreach and infrastructure support
nasarawa__toto,2013,Multiple moderate access barriers,Monitor barriers and coordinate targeted interventions
osun__egbedore,2013,Multiple moderate access barriers,Maintain services and improve care quality
imo__owerri_north,2013,Multiple moderate access barriers,Maintain services and improve care quality
anambra__idemili_north,2013,Multiple moderate access barriers,Maintain services and improve care quality
abia__isiala-ngwa_south,2013,Multiple moderate access barriers,Maintain services and improve care quality
gombe__funakaye,2013,Elevated under-5 mortality indicators,Priority for mobile clinic outreach and infrastructure support
benue__katsina-ala,2013,Multiple moderate access barriers,Monitor barriers and coordinate targeted interventions
niger__mokwa,2013,Multiple moderate access barriers,Monitor barriers and coordinate targeted interventions
abia__aba_south,2013,Multiple moderate access barriers,Monitor barriers and coordinate targeted interventions
niger__edati,2013,Multiple moderate access barriers,Maintain services and improve care quality
ogun__odogbolu,2013,Multiple moderate access barriers,Maintain services and improve care quality
gombe__balanga,2013,Multiple moderate access barriers,Priority for mobile clinic outreach and infrastructure support
ogun__ijebu_north_east,2013,Multiple moderate access barriers,Maintain services and improve care quality
benue__oturkpo,2013,Multiple moderate access barriers,Maintain services and improve care quality
cross_river__abi,2013,Multiple moderate access barriers,Maintain services and improve care quality
imo__ideato_north,2013,Multiple moderate access barriers,Monitor barriers and coordinate targeted interventions
osun__oriade,2013,Multiple moderate access barriers,Maintain services and improve care quality
sokoto__illela,2013,Elevated under-5 mortality indicators,Priority for mobile clinic outreach and infrastructure support
imo__nwangele,2013,Multiple moderate access barriers,Monitor barriers and coordinate targeted interventions
osun__ife_east,2013,Multiple moderate access barriers,Maintain services and improve care quality
cross_river__obanliku,2013,Multiple moderate access barriers,Maintain services and improve care quality
imo__onuimo,2013,Multiple moderate access barriers,Monitor barriers and coordinate targeted interventions
plateau__qua'an_pan,2013,Multiple moderate access barriers,Monitor barriers and coordinate targeted interventions
imo__ngor-okpala,2013,Multiple moderate access barriers,Maintain services and improve care quality
oyo__ona_ara,2013,Multiple moderate access barriers,Monitor barriers and coordinate targeted interventions
enugu__igbo-eze_north,2013,Multiple moderate access barriers,Maintain services and improve care quality
benue__oju,2013,Multiple moderate access barriers,Monitor barriers and coordinate targeted interventions
osun__boluwaduro,2013,Multiple moderate access barriers,Maintain services and improve care quality
zamfara__shinkafi,2013,Elevated under-5 mortality indicators,Priority for mobile clinic outreach and infrastructure support
imo__orsu,2013,Multiple moderate access barriers,Monitor barriers and coordinate targeted interventions
anambra__anaocha,2013,Multiple moderate access barriers,Maintain services and improve care quality
cross_river__bekwarra,2013,Multiple moderate access barriers,Maintain services and improve care quality
abia__umu-nneochi,2013,Multiple moderate access barriers,Maintain services and improve care quality
ondo__ose,2013,Multiple moderate access barriers,Priority for mobile clinic outreach and infrastructure support
anambra__nnewi_north,2013,Multiple moderate access barriers,Maintain services and improve care quality
ondo__akoko_north_west,2013,Multiple moderate access barriers,Priority for mobile clinic outreach and infrastructure support
osun__ilesha_east,2013,Multiple moderate access barriers,Maintain services and improve care quality
anambra__njikoka,2013,Multiple moderate access barriers,Maintain services and improve care quality
imo__ohaji/egbema,2013,Elevated under-5 mortality indicators,Priority for mobile clinic outreach and infrastructure support
gombe__gombe,2013,Multiple moderate access barriers,Monitor barriers and coordinate targeted interventions
imo__owerri_municipal,2013,Elevated under-5 mortality indicators,Maintain services and improve care quality
nasarawa__keana,2013,Multiple moderate access barriers,Monitor barriers and coordinate targeted interventions
ebonyi__ohaukwu,2013,Elevated under-5 mortality indicators,Maintain services and improve care quality
ekiti__gbonyin,2013,Multiple moderate access barriers,Maintain services and improve care quality
imo__isiala_mbano,2013,Multiple moderate access barriers,Monitor barriers and coordinate targeted interventions
ekiti__irepodun/ifelodun,2013,Multiple moderate access barriers,Maintain services and improve care quality
imo__obowo,2013,Multiple moderate access barriers,Maintain services and improve care quality
abia__isuikwuato,2013,Multiple moderate access barriers,Maintain services and improve care quality
benue__makurdi,2013,Multiple moderate access barriers,Maintain services and improve care quality
benue__gboko,2013,Elevated under-5 mortality indicators,Monitor barriers and coordinate targeted interventions
osun__ife_central,2013,Multiple moderate access barriers,Maintain services and improve care quality
abia__isiala-ngwa_north,2013,Multiple moderate access barriers,Maintain services and improve care quality
cross_river__yakurr,2013,Multiple moderate access barriers,Priority for mobile clinic outreach and infrastructure support
gombe__billiri,2013,Elevated under-5 mortality indicators,Monitor barriers and coordinate targeted interventions
anambra__dunukofia,2013,Multiple moderate access barriers,Maintain services and improve care quality
abia__osisioma_ngwa,2013,Multiple moderate access barriers,Maintain services and improve care quality
osun__ola_oluwa,2013,Multiple moderate access barriers,Maintain services and improve care quality
nasarawa__wamba,2013,Elevated under-5 mortality indicators,Maintain services and improve care quality
osun__boripe,2013,Multiple moderate access barriers,Maintain services and improve care quality
cross_river__yala,2013,Multiple moderate access barriers,Maintain services and improve care quality
anambra__aguata,2013,Multiple moderate access barriers,Maintain services and improve care quality
cross_river__calabar_municipal,2013,Multiple moderate access barriers,Maintain services and improve care quality
anambra__onitsha_north,2013,Multiple moderate access barriers,Maintain services and improve care quality
benue__ukum,2013,Multiple moderate access barriers,Monitor barriers and coordinate targeted interventions
sokoto__isa,2013,Multiple moderate access barriers,Priority for mobile clinic outreach and infrastructure support
ogun__ogun_waterside,2013,Multiple moderate access barriers,Maintain services and improve care quality
osun__ifelodun,2013,Multiple moderate access barriers,Maintain services and improve care quality
abia__arochukwu,2013,Multiple moderate access barriers,Monitor barriers and coordinate targeted interventions
ogun__ijebu_ode,2013,Multiple moderate access barriers,Maintain services and improve care quality
borno__magumeri,2013,Multiple moderate access barriers,Priority for mobile clinic outreach and infrastructure support
cross_river__boki,2013,Multiple moderate access barriers,Maintain services and improve care quality
gombe__kwami,2013,Multiple moderate access barriers,Priority for mobile clinic outreach and infrastructure support
ekiti__ekiti_east,2013,Multiple moderate access barriers,Priority for mobile clinic outreach and infrastructure support
kwara__moro,2013,Multiple moderate access barriers,Maintain services and improve care quality
imo__ezinihitte,2013,Multiple moderate access barriers,Monitor barriers and coordinate targeted interventions
borno__kala_balge,2013,Multiple moderate access barriers,Monitor barriers and coordinate targeted interventions
nasarawa__awe,2013,Multiple moderate access barriers,Priority for mobile clinic outreach and infrastructure support
osun__orolu,2013,Multiple moderate access barriers,Monitor barriers and coordinate targeted interventions
cross_river__obubra,2013,Multiple moderate access barriers,Maintain services and improve care quality
edo__akoko-edo,2013,Multiple moderate access barriers,Maintain services and improve care quality
osun__osogbo,2013,Multiple moderate access barriers,Maintain services and improve care quality
ekiti__ise/orun,2013,Multiple moderate access barriers,Monitor barriers and coordinate targeted interventions
imo__njaba,2013,Multiple moderate access barriers,Monitor barriers and coordinate targeted interventions
benue__obi,2013,Multiple moderate access barriers,Maintain services and improve care quality
benue__buruku,2013,Multiple moderate access barriers,Maintain services and improve care quality
cross_river__obudu,2013,Multiple moderate access barriers,Maintain services and improve care quality
imo__orlu,2013,Multiple moderate access barriers,Maintain services and improve care quality
osun__iwo,2013,Multiple moderate access barriers,Maintain services and improve care quality
anambra__awka_north,2013,Multiple moderate access barriers,Monitor barriers and coordinate targeted interventions
benue__tarka,2013,Multiple moderate access barriers,Maintain services and improve care quality
abia__umuahia_north,2013,Multiple moderate access barriers,Maintain services and improve care quality
osun__odo_otin,2013,Multiple moderate access barriers,Maintain services and improve care quality
anambra__ihiala,2013,Elevated under-5 mortality indicators,Monitor barriers and coordinate targeted interventions
osun__ilesha_west,2013,Multiple moderate access barriers,Maintain services and improve care quality
gombe__kaltungo,2013,Multiple moderate access barriers,Monitor barriers and coordinate targeted interventions
osun__irepodun,2013,Multiple moderate access barriers,Monitor barriers and coordinate targeted interventions
ebonyi__ebonyi,2013,Multiple moderate access barriers,Maintain services and improve care quality
nasarawa__lafia,2013,Multiple moderate access barriers,Maintain services and improve care quality
ogun__ijebu_north,2013,Multiple moderate access barriers,Monitor barriers and coordinate targeted interventions
delta__ndokwa_west,2013,Multiple moderate access barriers,Monitor barriers and coordinate targeted interventions
imo__ikeduru,2013,Multiple moderate access barriers,Maintain services and improve care quality
kogi__okehi,2013,Multiple moderate access barriers,Priority for mobile clinic outreach and infrastructure support
gombe__yamaltu/deba,2013,Elevated under-5 mortality indicators,Monitor barriers and coordinate targeted interventions
ekiti__emure,2013,Multiple moderate access barriers,Monitor barriers and coordinate targeted interventions
ekiti__ikere,2013,Multiple moderate access barriers,Maintain services and improve care quality
imo__oguta,2013,Elevated under-5 mortality indicators,Priority for mobile clinic outreach and infrastructure support
benue__konshisha,2013,Multiple moderate access barriers,Monitor barriers and coordinate targeted interventions
osun__ejigbo,2013,Multiple moderate access barriers,Maintain services and improve care quality
benue__gwer_west,2013,Multiple moderate access barriers,Monitor barriers and coordinate targeted interventions
cross_river__etung,2013,Multiple moderate access barriers,Monitor barriers and coordinate targeted interventions
anambra__ekwusigo,2013,Multiple moderate access barriers,Maintain services and improve care quality
ekiti__ijero,2013,Elevated under-5 mortality indicators,Priority for mobile clinic outreach and infrastructure support
abia__ugwunagbo,2013,Multiple moderate access barriers,Maintain services and improve care quality
osun__olorunda,2013,Multiple moderate access barriers,Monitor barriers and coordinate targeted interventions
nasarawa__nasarawa_egon,2013,Elevated under-5 mortality indicators,Monitor barriers and coordinate targeted interventions
osun__ede_north,2013,Multiple moderate access barriers,Maintain services and improve care quality
ebonyi__afikpo_south,2013,Multiple moderate access barriers,Priority for mobile clinic outreach and infrastructure support
imo__oru_west,2013,Multiple moderate access barriers,Maintain services and improve care quality
anambra__anambra_east,2013,Elevated under-5 mortality indicators,Priority for mobile clinic outreach and infrastructure support
benue__vandeikya,2013,Multiple moderate access barriers,Monitor barriers and coordinate targeted interventions
osun__atakunmosa_west,2013,Multiple moderate access barriers,Maintain services and improve care quality
anambra__ogbaru,2013,Multiple moderate access barriers,Maintain services and improve care quality
abia__ikwuano,2013,Multiple moderate access barriers,Maintain services and improve care quality
nasarawa__keffi,2013,Multiple moderate access barriers,Maintain services and improve care quality
kogi__adavi,2013,Multiple moderate access barriers,Monitor barriers and coordinate targeted interventions
imo__oru_east,2013,Multiple moderate access barriers,Maintain services and improve care quality
ogun__remo_north,2013,Multiple moderate access barriers,Maintain services and improve care quality
nasarawa__karu,2013,Multiple moderate access barriers,Maintain services and improve care quality
ogun__ikenne,2013,Elevated under-5 mortality indicators,Monitor barriers and coordinate targeted interventions
osun__ila,2013,Multiple moderate access barriers,Maintain services and improve care quality
nasarawa__doma,2013,Multiple moderate access barriers,Maintain services and improve care quality
gombe__nafada,2013,Multiple moderate access barriers,Priority for mobile clinic outreach and infrastructure support
benue__gwer_east,2013,Multiple moderate access barriers,Maintain services and improve care quality
ekiti__efon,2013,Multiple moderate access barriers,Maintain services and improve care quality
imo__ihitte/uboma,2013,Multiple moderate access barriers,Monitor barriers and coordinate targeted interventions
ekiti__ekiti_west,2013,Multiple moderate access barriers,Monitor barriers and coordinate targeted interventions
oyo__atisbo,2013,Multiple moderate access barriers,Monitor barriers and coordinate targeted interventions
imo__isu,2013,Multiple moderate access barriers,Monitor barriers and coordinate targeted interventions
benue__ogbadibo,2013,Multiple moderate access barriers,Maintain services and improve care quality
osun__atakunmosa_east,2013,Multiple moderate access barriers,Maintain services and improve care quality
nasarawa__akwanga,2013,Multiple moderate access barriers,Maintain services and improve care quality
niger__rafi,2013,Multiple moderate access barriers,Maintain services and improve care quality
cross_river__odukpani,2013,Multiple moderate access barriers,Maintain services and improve care quality
niger__gbako,2013,Multiple moderate access barriers,Maintain services and improve care quality
delta__ukwuani,2013,Multiple moderate access barriers,Priority for mobile clinic outreach and infrastructure support
anambra__awka_south,2013,Multiple moderate access barriers,Maintain services and improve care quality
niger__gurara,2013,Multiple moderate access barriers,Maintain services and improve care quality
niger__kontagora,2013,Multiple moderate access barriers,Maintain services and improve care quality
niger__mashegu,2013,Multiple moderate access barriers,Monitor barriers and coordinate targeted interventions
niger__wushishi,2013,Multiple moderate access barriers,Monitor barriers and coordinate targeted interventions
niger__shiroro,2013,Multiple moderate access barriers,Maintain services and improve care quality
niger__borgu,2013,Multiple moderate access barriers,Monitor barriers and coordinate targeted interventions
niger__lapai,2013,Multiple moderate access barriers,Maintain services and improve care quality
ondo__akoko_south_west,2013,Multiple moderate access barriers,Monitor barriers and coordinate targeted interventions
niger__rijau,2013,Multiple moderate access barriers,Maintain services and improve care quality
niger__chanchaga,2013,Multiple moderate access barriers,Maintain services and improve care quality
niger__mariga,2013,Multiple moderate access barriers,Monitor barriers and coordinate targeted interventions
niger__munya,2013,Multiple moderate access barriers,Maintain services and improve care quality
niger__bosso,2013,Multiple moderate access barriers,Maintain services and improve care quality
niger__suleja,2013,Multiple moderate access barriers,Maintain services and improve care quality
niger__paikoro,2013,Multiple moderate access barriers,Maintain services and improve care quality
plateau__kanke,2013,Multiple moderate access barriers,Maintain services and improve care quality
plateau__jos_north,2013,Multiple moderate access barriers,Maintain services and improve care quality
plateau__jos_east,2013,Elevated under-5 mortality indicators,Monitor barriers and coordinate targeted interventions
edo__oredo,2013,Multiple moderate access barriers,Maintain services and improve care quality
delta__patani,2013,Multiple moderate access barriers,Monitor barriers and coordinate targeted interventions
plateau__shendam,2013,Multiple moderate access barriers,Monitor barriers and coordinate targeted interventions
edo__egor,2013,Multiple moderate access barriers,Maintain services and improve care quality
plateau__langtang_north,2013,Multiple moderate access barriers,Maintain services and improve care quality
plateau__jos_south,2013,Multiple moderate access barriers,Maintain services and improve care quality
plateau__mikang,2013,Multiple moderate access barriers,Maintain services and improve care quality
plateau__barkin_ladi,2013,Multiple moderate access barriers,Maintain services and improve care quality
plateau__pankshin,2013,Multiple moderate access barriers,Maintain services and improve care quality
plateau__bokkos,2013,Multiple moderate access barriers,Maintain services and improve care quality
plateau__wase,2013,Multiple moderate access barriers,Monitor barriers and coordinate targeted interventions
plateau__bassa,2013,Multiple moderate access barriers,Maintain services and improve care quality
anambra__orumba_south,2013,Multiple moderate access barriers,Monitor barriers and coordinate targeted interventions
plateau__kanam,2013,Elevated under-5 mortality indicators,Monitor barriers and coordinate targeted interventions
plateau__langtang_south,2013,Multiple moderate access barriers,Maintain services and improve care quality
plateau__mangu,2013,Multiple moderate access barriers,Maintain services and improve care quality
niger__tafa,2013,Multiple moderate access barriers,Maintain services and improve care quality
niger__magama,2013,Multiple moderate access barriers,Maintain services and improve care quality
niger__agwara,2013,Multiple moderate access barriers,Maintain services and improve care quality
plateau__riyom,2013,Multiple moderate access barriers,Maintain services and improve care quality
sokoto__rabah,2013,Elevated under-5 mortality indicators,Priority for mobile clinic outreach and infrastructure support
ebonyi__ikwo,2013,Elevated under-5 mortality indicators,Monitor barriers and coordinate targeted interventions
katsina__safana,2013,Multiple moderate access barriers,Priority for mobile clinic outreach and infrastructure support
lagos__ajeromi/ifelodun,2013,Multiple moderate access barriers,Monitor barriers and coordinate targeted interventions
kebbi__koko-besse,2013,Multiple moderate access barriers,Maintain services and improve care quality
lagos__epe,2013,Multiple moderate access barriers,Maintain services and improve care quality
kano__sumaila,2013,Elevated under-5 mortality indicators,Priority for mobile clinic outreach and infrastructure support
kogi__ogori/magongo,2013,Multiple moderate access barriers,Maintain services and improve care quality
lagos__amuwo_odofin,2013,Multiple moderate access barriers,Maintain services and improve care quality
kano__tsanyawa,2013,Multiple moderate access barriers,Priority for mobile clinic outreach and infrastructure support
lagos__ibeju_lekki,2013,Multiple moderate access barriers,Maintain services and improve care quality
kogi__ajaokuta,2013,Multiple moderate access barriers,Maintain services and improve care quality
oyo__irepo,2013,Multiple moderate access barriers,Priority for mobile clinic outreach and infrastructure support
delta__isoko_north,2013,Multiple moderate access barriers,Maintain services and improve care quality
enugu__ezeagu,2013,Elevated under-5 mortality indicators,Monitor barriers and coordinate targeted interventions
ondo__irele,2013,Multiple moderate access barriers,Monitor barriers and coordinate targeted interventions
ondo__owo,2013,Multiple moderate access barriers,Monitor barriers and coordinate targeted interventions
kogi__dekina,2013,Multiple moderate access barriers,Maintain services and improve care quality
ondo__akoko_north_east,2013,Multiple moderate access barriers,Monitor barriers and coordinate targeted interventions
oyo__oluyole,2013,Multiple moderate access barriers,Maintain services and improve care quality
rivers__ogba/egbema/ndoni,2013,Multiple moderate access barriers,Priority for mobile clinic outreach and infrastructure support
edo__ovia_south-west,2013,Multiple moderate access barriers,Maintain services and improve care quality
delta__ndokwa_east,2013,Multiple moderate access barriers,Monitor barriers and coordinate targeted interventions
oyo__saki_east,2013,Multiple moderate access barriers,Priority for mobile clinic outreach and infrastructure support
ebonyi__onicha,2013,Elevated under-5 mortality indicators,Monitor barriers and coordinate targeted interventions
delta__ethiope_east,2013,Multiple moderate access barriers,Monitor barriers and coordinate targeted interventions
nasarawa__obi,2013,Multiple moderate access barriers,Maintain services and improve care quality
oyo__oyo_east,2013,Multiple moderate access barriers,Maintain services and improve care quality
ebonyi__ivo,2013,Elevated under-5 mortality indicators,Monitor barriers and coordinate targeted interventions
edo__etsako_east,2013,Multiple moderate access barriers,Priority for mobile clinic outreach and infrastructure support
delta__oshimili_south,2013,Elevated under-5 mortality indicators,Priority for mobile clinic outreach and infrastructure support
ebonyi__izzi,2013,Multiple moderate access barriers,Maintain services and improve care quality
delta__isoko_south,2013,Multiple moderate access barriers,Priority for mobile clinic outreach and infrastructure support
ebonyi__ezza_south,2013,Multiple moderate access barriers,Maintain services and improve care quality
kogi__ofu,2013,Multiple moderate access barriers,Maintain services and improve care quality
delta__aniocha_north,2013,Multiple moderate access barriers,Monitor barriers and coordinate targeted interventions
delta__aniocha_south,2013,Multiple moderate access barriers,Monitor barriers and coordinate targeted interventions
kogi__igalamela-odolu,2013,Multiple moderate access barriers,Maintain services and improve care quality
akwa_ibom__ibiono_ibom,2013,Multiple moderate access barriers,Maintain services and improve care quality
akwa_ibom__obot_akara,2013,Multiple moderate access barriers,Monitor barriers and coordinate targeted interventions
oyo__ogo_oluwa,2013,Multiple moderate access barriers,Maintain services and improve care quality
oyo__atiba,2013,Multiple moderate access barriers,Priority for mobile clinic outreach and infrastructure support
oyo__ogbomosho_south,2013,Multiple moderate access barriers,Maintain services and improve care quality
edo__ovia_north-east,2013,Multiple moderate access barriers,Priority for mobile clinic outreach and infrastructure support
oyo__afijio,2013,Multiple moderate access barriers,Maintain services and improve care quality
oyo__ogbomosho_north,2013,Multiple moderate access barriers,Maintain services and improve care quality
rivers__ikwerre,2013,Multiple moderate access barriers,Monitor barriers and coordinate targeted interventions
akwa_ibom__esit_eket,2013,Multiple moderate access barriers,Priority for mobile clinic outreach and infrastructure support
rivers__obio/akpor,2013,Multiple moderate access barriers,Maintain services and improve care quality
rivers__etche,2013,Elevated under-5 mortality indicators,Priority for mobile clinic outreach and infrastructure support
borno__askira_uba,2013,Multiple moderate access barriers,Monitor barriers and coordinate targeted interventions
sokoto__gwadabawa,2013,Elevated under-5 mortality indicators,Priority for mobile clinic outreach and infrastructure support
jigawa__hadejia,2013,Elevated under-5 mortality indicators,Priority for mobile clinic outreach and infrastructure support
jigawa__kiri_kasama,2013,Elevated under-5 mortality indicators,Priority for mobile clinic outreach and infrastructure support
borno__konduga,2013,Multiple moderate access barriers,Priority for mobile clinic outreach and infrastructure support
borno__jere,2013,Multiple moderate access barriers,Priority for mobile clinic outreach and infrastructure support
lagos__eti_osa,2013,Multiple moderate access barriers,Maintain services and improve care quality
lagos__kosofe,2013,Multiple moderate access barriers,Maintain services and improve care quality
oyo__ibadan_north,2013,Multiple moderate access barriers,Maintain services and improve care quality
oyo__akinyele,2013,Multiple moderate access barriers,Maintain services and improve care quality
oyo__ido,2013,Multiple moderate access barriers,Maintain services and improve care quality
oyo__ibadan_north_west,2013,Multiple moderate access barriers,Monitor barriers and coordinate targeted interventions
oyo__ibadan_south_west,2013,Multiple moderate access barriers,Maintain services and improve care quality
oyo__ibadan_south_east,2013,Multiple moderate access barriers,Monitor barriers and coordinate targeted interventions
ogun__abeokuta_south,2013,Multiple moderate access barriers,Maintain services and improve care quality
lagos__alimosho,2013,Multiple moderate access barriers,Maintain services and improve care quality
lagos__ifako/ijaye,2013,Multiple moderate access barriers,Monitor barriers and coordinate targeted interventions
lagos__ikorodu,2013,Elevated under-5 mortality indicators,Maintain services and improve care quality
ogun__ifo,2013,Multiple moderate access barriers,Maintain services and improve care quality
lagos__ikeja,2013,Multiple moderate access barriers,Maintain services and improve care quality
ogun__ewekoro,2013,Elevated under-5 mortality indicators,Maintain services and improve care quality
lagos__ojo,2013,Multiple moderate access barriers,Maintain services and improve care quality
lagos__badagry,2013,Elevated under-5 mortality indicators,Monitor barriers and coordinate targeted interventions
ogun__obafemi_owode,2013,Multiple moderate access barriers,Maintain services and improve care quality
ogun__ipokia,2013,Multiple moderate access barriers,Maintain services and improve care quality
benue__ohimini,2013,Multiple moderate access barriers,Maintain services and improve care quality
kwara__ilorin_west,2013,Multiple moderate access barriers,Maintain services and improve care quality
kwara__asa,2013,Elevated under-5 mortality indicators,Monitor barriers and coordinate targeted interventions
akwa_ibom__eastern_obolo,2018,Elevated under-5 mortality indicators,Priority for mobile clinic outreach and infrastructure support
bayelsa__ekeremor,2018,Multiple moderate access barriers,Priority for mobile clinic outreach and infrastructure support
rivers__degema,2018,Low facility density,Priority for mobile clinic outreach and infrastructure support
rivers__andoni,2018,Multiple moderate access barriers,Priority for mobile clinic outreach and infrastructure support
cross_river__akpabuyo,2018,Multiple moderate access barriers,Monitor barriers and coordinate targeted interventions
akwa_ibom__oron,2018,Elevated under-5 mortality indicators,Priority for mobile clinic outreach and infrastructure support
cross_river__bakassi,2018,Multiple moderate access barriers,Maintain services and improve care quality
cross_river__calabar_south,2018,Multiple moderate access barriers,Maintain services and improve care quality
akwa_ibom__udung_uko,2018,Multiple moderate access barriers,Priority for mobile clinic outreach and infrastructure support
bayelsa__southern_ijaw,2018,Multiple moderate access barriers,Monitor barriers and coordinate targeted interventions
oyo__iwajowa,2018,Multiple moderate access barriers,Monitor barriers and coordinate targeted interventions
oyo__ibarapa_north,2018,Multiple moderate access barriers,Monitor barriers and coordinate targeted interventions
rivers__okrika,2018,Multiple moderate access barriers,Priority for mobile clinic outreach and infrastructure support
ogun__imeko_afon,2018,Multiple moderate access barriers,Maintain services and improve care quality
akwa_ibom__ibeno,2018,Multiple moderate access barriers,Priority for mobile clinic outreach and infrastructure support
bayelsa__nembe,2018,Multiple moderate access barriers,Priority for mobile clinic outreach and infrastructure support
ondo__ilaje,2018,Elevated under-5 mortality indicators,Priority for mobile clinic outreach and infrastructure support
bayelsa__brass,2018,Multiple moderate access barriers,Priority for mobile clinic outreach and infrastructure support
delta__warri_north,2018,Multiple moderate access barriers,Monitor barriers and coordinate targeted interventions
ondo__ese_odo,2018,Multiple moderate access barriers,Monitor barriers and coordinate targeted interventions
taraba__jalingo,2018,Multiple moderate access barriers,Maintain services and improve care quality
delta__burutu,2018,Elevated under-5 mortality indicators,Priority for mobile clinic outreach and infrastructure support
adamawa__girei,2018,Multiple moderate access barriers,Priority for mobile clinic outreach and infrastructure support
taraba__yorro,2018,Multiple moderate access barriers,Maintain services and improve care quality
taraba__ardo-kola,2018,Multiple moderate access barriers,Maintain services and improve care quality
adamawa__yola_north,2018,Multiple moderate access barriers,Maintain services and improve care quality
adamawa__yola_south,2018,Multiple moderate access barriers,Monitor barriers and coordinate targeted interventions
akwa_ibom__mbo,2018,Elevated under-5 mortality indicators,Priority for mobile clinic outreach and infrastructure support
taraba__lau,2018,Elevated under-5 mortality indicators,Monitor barriers and coordinate targeted interventions
oyo__ibarapa_central,2018,Multiple moderate access barriers,Monitor barriers and coordinate targeted interventions
ogun__abeokuta_north,2018,Multiple moderate access barriers,Monitor barriers and coordinate targeted interventions
rivers__bonny,2018,Multiple moderate access barriers,Monitor barriers and coordinate targeted interventions
delta__warri_south-west,2018,Multiple moderate access barriers,Priority for mobile clinic outreach and infrastructure support
delta__warri_south,2018,Multiple moderate access barriers,Monitor barriers and coordinate targeted interventions
rivers__akuku_toru,2018,Multiple moderate access barriers,Priority for mobile clinic outreach and infrastructure support
osun__isokan,2018,Multiple moderate access barriers,Monitor barriers and coordinate targeted interventions
osun__irewole,2018,Multiple moderate access barriers,Maintain services and improve care quality
akwa_ibom__essien_udim,2018,Multiple moderate access barriers,Priority for mobile clinic outreach and infrastructure support
akwa_ibom__onna,2018,Multiple moderate access barriers,Maintain services and improve care quality
enugu__udenu,2018,Multiple moderate access barriers,Maintain services and improve care quality
rivers__ogu_bolo,2018,Multiple moderate access barriers,Priority for mobile clinic outreach and infrastructure support
enugu__enugu_south,2018,Multiple moderate access barriers,Maintain services and improve care quality
akwa_ibom__ikot_ekpene,2018,Multiple moderate access barriers,Maintain services and improve care quality
akwa_ibom__nsit_ubium,2018,Multiple moderate access barriers,Monitor barriers and coordinate targeted interventions
akwa_ibom__urue_offong/oruko,2018,Elevated under-5 mortality indicators,Priority for mobile clinic outreach and infrastructure support
akwa_ibom__abak,2018,Multiple moderate access barriers,Monitor barriers and coordinate targeted interventions
enugu__nkanu_east,2018,Multiple moderate access barriers,Maintain services and improve care quality
enugu__igbo-eze-south,2018,Multiple moderate access barriers,Maintain services and improve care quality
enugu__nsukka,2018,Elevated under-5 mortality indicators,Monitor barriers and coordinate targeted interventions
rivers__tai,2018,Multiple moderate access barriers,Monitor barriers and coordinate targeted interventions
osun__ife_north,2018,Multiple moderate access barriers,Maintain services and improve care quality
osun__ayedade,2018,Multiple moderate access barriers,Maintain services and improve care quality
osun__ayedire,2018,Multiple moderate access barriers,Maintain services and improve care quality
rivers__ahoada_east,2018,Multiple moderate access barriers,Maintain services and improve care quality
oyo__iseyin,2018,Multiple moderate access barriers,Maintain services and improve care quality
oyo__itesiwaju,2018,Multiple moderate access barriers,Priority for mobile clinic outreach and infrastructure support
oyo__kajola,2018,Multiple moderate access barriers,Monitor barriers and coordinate targeted interventions
enugu__nkanu_west,2018,Elevated under-5 mortality indicators,Monitor barriers and coordinate targeted interventions
ebonyi__afikpo_north,2018,Multiple moderate access barriers,Monitor barriers and coordinate targeted interventions
taraba__donga,2018,Multiple moderate access barriers,Monitor barriers and coordinate targeted interventions
enugu__oji-river,2018,Multiple moderate access barriers,Maintain services and improve care quality
kwara__oyun,2018,Multiple moderate access barriers,Maintain services and improve care quality
bayelsa__ogbia,2018,Multiple moderate access barriers,Monitor barriers and coordinate targeted interventions
rivers__asari-toru,2018,Multiple moderate access barriers,Priority for mobile clinic outreach and infrastructure support
akwa_ibom__uyo,2018,Multiple moderate access barriers,Maintain services and improve care quality
akwa_ibom__ikono,2018,Multiple moderate access barriers,Monitor barriers and coordinate targeted interventions
kwara__baruten,2018,Multiple moderate access barriers,Maintain services and improve care quality
oyo__lagelu,2018,Multiple moderate access barriers,Maintain services and improve care quality
kogi__idah,2018,Multiple moderate access barriers,Maintain services and improve care quality
yobe__machina,2018,Elevated under-5 mortality indicators,Priority for mobile clinic outreach and infrastructure support
kogi__ibaji,2018,Elevated under-5 mortality indicators,Maintain services and improve care quality
fct__municipal_area_council,2018,Multiple moderate access barriers,Priority for mobile clinic outreach and infrastructure support
kwara__kaiama,2018,Multiple moderate access barriers,Monitor barriers and coordinate targeted interventions
zamfara__bakura,2018,Multiple moderate access barriers,Priority for mobile clinic outreach and infrastructure support
yobe__nguru,2018,Elevated under-5 mortality indicators,Priority for mobile clinic outreach and infrastructure support
zamfara__gummi,2018,Multiple moderate access barriers,Priority for mobile clinic outreach and infrastructure support
kano__ajingi,2018,Multiple moderate access barriers,Maintain services and improve care quality
rivers__port-harcourt,2018,Multiple moderate access barriers,Monitor barriers and coordinate targeted interventions
kebbi__augie,2018,Multiple moderate access barriers,Monitor barriers and coordinate targeted interventions
sokoto__kebbe,2018,Elevated under-5 mortality indicators,Priority for mobile clinic outreach and infrastructure support
oyo__surulere,2018,Multiple moderate access barriers,Maintain services and improve care quality
jigawa__ringim,2018,Elevated under-5 mortality indicators,Priority for mobile clinic outreach and infrastructure support
rivers__emuoha,2018,Multiple moderate access barriers,Priority for mobile clinic outreach and infrastructure support
enugu__isi-uzo,2018,Elevated under-5 mortality indicators,Monitor barriers and coordinate targeted interventions
bayelsa__yenegoa,2018,Multiple moderate access barriers,Maintain services and improve care quality
kwara__ilorin_east,2018,Multiple moderate access barriers,Maintain services and improve care quality
bauchi__alkaleri,2018,Multiple moderate access barriers,Priority for mobile clinic outreach and infrastructure support
rivers__omumma,2018,Elevated under-5 mortality indicators,Monitor barriers and coordinate targeted interventions
jigawa__birnin_kudu,2018,Elevated under-5 mortality indicators,Priority for mobile clinic outreach and infrastructure support
taraba__takum,2018,Multiple moderate access barriers,Monitor barriers and coordinate targeted interventions
edo__esan_south-east,2018,Multiple moderate access barriers,Monitor barriers and coordinate targeted interventions
osun__ifedayo,2018,Multiple moderate access barriers,Maintain services and improve care quality
oyo__ori_ire,2018,Multiple moderate access barriers,Maintain services and improve care quality
kwara__ifelodun,2018,Multiple moderate access barriers,Monitor barriers and coordinate targeted interventions
zamfara__maradun,2018,Elevated under-5 mortality indicators,Priority for mobile clinic outreach and infrastructure support
enugu__aninri,2018,Multiple moderate access barriers,Priority for mobile clinic outreach and infrastructure support
ebonyi__abakaliki,2018,Elevated under-5 mortality indicators,Maintain services and improve care quality
kwara__pategi,2018,Multiple moderate access barriers,Maintain services and improve care quality
jigawa__biriniwa,2018,Elevated under-5 mortality indicators,Priority for mobile clinic outreach and infrastructure support
taraba__ussa,2018,Multiple moderate access barriers,Maintain services and improve care quality
sokoto__silame,2018,Elevated under-5 mortality indicators,Priority for mobile clinic outreach and infrastructure support
kano__takai,2018,Multiple moderate access barriers,Maintain services and improve care quality
fct__bwari,2018,Multiple moderate access barriers,Monitor barriers and coordinate targeted interventions
kwara__edu,2018,Multiple moderate access barriers,Maintain services and improve care quality
kaduna__jema'a,2018,Elevated under-5 mortality indicators,Priority for mobile clinic outreach and infrastructure support
jigawa__gumel,2018,Elevated under-5 mortality indicators,Monitor barriers and coordinate targeted interventions
sokoto__binji,2018,Multiple moderate access barriers,Priority for mobile clinic outreach and infrastructure support
sokoto__kware,2018,Multiple moderate access barriers,Monitor barriers and coordinate targeted interventions
kebbi__bunza,2018,Elevated under-5 mortality indicators,Monitor barriers and coordinate targeted interventions
kogi__mopa-muro,2018,Multiple moderate access barriers,Monitor barriers and coordinate targeted interventions
sokoto__sokoto_north,2018,Multiple moderate access barriers,Maintain services and improve care quality
katsina__musawa,2018,Elevated under-5 mortality indicators,Monitor barriers and coordinate targeted interventions
delta__ethiope_west,2018,Multiple moderate access barriers,Maintain services and improve care quality
ebonyi__ishielu,2018,Multiple moderate access barriers,Maintain services and improve care quality
kebbi__sakaba,2018,Multiple moderate access barriers,Maintain services and improve care quality
kaduna__kudan,2018,Elevated under-5 mortality indicators,Monitor barriers and coordinate targeted interventions
kaduna__kachia,2018,Multiple moderate access barriers,Monitor barriers and coordinate targeted interventions
sokoto__sabon_birni,2018,Elevated under-5 mortality indicators,Priority for mobile clinic outreach and infrastructure support
enugu__uzo-uwani,2018,Elevated under-5 mortality indicators,Priority for mobile clinic outreach and infrastructure support
kaduna__jaba,2018,Elevated under-5 mortality indicators,Monitor barriers and coordinate targeted interventions
akwa_ibom__ibesikpo_asutan,2018,Multiple moderate access barriers,Maintain services and improve care quality
sokoto__sokoto_south,2018,Multiple moderate access barriers,Maintain services and improve care quality
sokoto__yabo,2018,Multiple moderate access barriers,Priority for mobile clinic outreach and infrastructure support
borno__damboa,2018,Multiple moderate access barriers,Priority for mobile clinic outreach and infrastructure support
katsina__matazu,2018,Elevated under-5 mortality indicators,Monitor barriers and coordinate targeted interventions
katsina__sandamu,2018,Multiple moderate access barriers,Monitor barriers and coordinate targeted interventions
katsina__mashi,2018,Elevated under-5 mortality indicators,Priority for mobile clinic outreach and infrastructure support
katsina__dan_musa,2018,Multiple moderate access barriers,Monitor barriers and coordinate targeted interventions
kano__kura,2018,Multiple moderate access barriers,Monitor barriers and coordinate targeted interventions
kaduna__lere,2018,Multiple moderate access barriers,Maintain services and improve care quality
katsina__zango,2018,Multiple moderate access barriers,Maintain services and improve care quality
sokoto__wurno,2018,Elevated under-5 mortality indicators,Priority for mobile clinic outreach and infrastructure support
sokoto__gudu,2018,Multiple moderate access barriers,Priority for mobile clinic outreach and infrastructure support
jigawa__gwiwa,2018,Elevated under-5 mortality indicators,Priority for mobile clinic outreach and infrastructure support
kebbi__birnin_kebbi,2018,Multiple moderate access barriers,Monitor barriers and coordinate targeted interventions
kebbi__suru,2018,Elevated under-5 mortality indicators,Priority for mobile clinic outreach and infrastructure support
adamawa__numan,2018,Multiple moderate access barriers,Maintain services and improve care quality
borno__biu,2018,Multiple moderate access barriers,Priority for mobile clinic outreach and infrastructure support
kaduna__kaduna_south,2018,Multiple moderate access barriers,Monitor barriers and coordinate targeted interventions
borno__dikwa,2018,Multiple moderate access barriers,Priority for mobile clinic outreach and infrastructure support
kaduna__zaria,2018,Multiple moderate access barriers,Priority for mobile clinic outreach and infrastructure support
kebbi__kalgo,2018,Elevated under-5 mortality indicators,Monitor barriers and coordinate targeted interventions
jigawa__yankwashi,2018,Multiple moderate access barriers,Monitor barriers and coordinate targeted interventions
kaduna__kaura,2018,Multiple moderate access barriers,Monitor barriers and coordinate targeted interventions
adamawa__lamurde,2018,Elevated under-5 mortality indicators,Monitor barriers and coordinate targeted interventions
borno__monguno,2018,Multiple moderate access barriers,Monitor barriers and coordinate targeted interventions
enugu__enugu_east,2018,Multiple moderate access barriers,Maintain services and improve care quality
borno__ngala,2018,Low facility density,Priority for mobile clinic outreach and infrastructure support
borno__gubio,2018,Low facility density | Limited facility proximity coverage,Priority for mobile clinic outreach and infrastructure support
kogi__yagba_east,2018,Multiple moderate access barriers,Priority for mobile clinic outreach and infrastructure support
borno__chibok,2018,Multiple moderate access barriers,Monitor barriers and coordinate targeted interventions
sokoto__tureta,2018,Elevated under-5 mortality indicators,Priority for mobile clinic outreach and infrastructure support
taraba__gashaka,2018,Multiple moderate access barriers,Monitor barriers and coordinate targeted interventions
bauchi__bauchi,2018,Multiple moderate access barriers,Monitor barriers and coordinate targeted interventions
borno__hawul,2018,Multiple moderate access barriers,Maintain services and improve care quality
akwa_ibom__uruan,2018,Multiple moderate access barriers,Priority for mobile clinic outreach and infrastructure support
adamawa__mayo-belwa,2018,Elevated under-5 mortality indicators,Maintain services and improve care quality
adamawa__mubi_south,2018,Elevated under-5 mortality indicators,Monitor barriers and coordinate targeted interventions
edo__etsako_west,2018,Multiple moderate access barriers,Monitor barriers and coordinate targeted interventions
yobe__fune,2018,Multiple moderate access barriers,Priority for mobile clinic outreach and infrastructure support
borno__mobbar,2018,Low facility density | Limited facility proximity coverage,Priority for mobile clinic outreach and infrastructure support
yobe__potiskum,2018,Multiple moderate access barriers,Monitor barriers and coordinate targeted interventions
borno__gwoza,2018,Multiple moderate access barriers,Priority for mobile clinic outreach and infrastructure support
borno__guzamala,2018,Multiple moderate access barriers,Priority for mobile clinic outreach and infrastructure support
adamawa__maiha,2018,Elevated under-5 mortality indicators,Priority for mobile clinic outreach and infrastructure support
yobe__gulani,2018,Multiple moderate access barriers,Priority for mobile clinic outreach and infrastructure support
taraba__zing,2018,Elevated under-5 mortality indicators,Monitor barriers and coordinate targeted interventions
oyo__orelope,2018,Multiple moderate access barriers,Monitor barriers and coordinate targeted interventions
akwa_ibom__nsit_ibom,2018,Multiple moderate access barriers,Maintain services and improve care quality
adamawa__fufore,2018,Multiple moderate access barriers,Monitor barriers and coordinate targeted interventions
akwa_ibom__mkpat_enin,2018,Multiple moderate access barriers,Maintain services and improve care quality
edo__owan_west,2018,Multiple moderate access barriers,Maintain services and improve care quality
borno__kaga,2018,Multiple moderate access barriers,Monitor barriers and coordinate targeted interventions
taraba__karim_lamido,2018,Multiple moderate access barriers,Monitor barriers and coordinate targeted interventions
borno__kukawa,2018,Limited facility proximity coverage,Priority for mobile clinic outreach and infrastructure support
adamawa__gombi,2018,Multiple moderate access barriers,Monitor barriers and coordinate targeted interventions
adamawa__guyuk,2018,Multiple moderate access barriers,Monitor barriers and coordinate targeted interventions
kano__tudun_wada,2018,Multiple moderate access barriers,Priority for mobile clinic outreach and infrastructure support
oyo__saki_west,2018,Multiple moderate access barriers,Maintain services and improve care quality
adamawa__toungo,2018,Multiple moderate access barriers,Monitor barriers and coordinate targeted interventions
rivers__abua/odual,2018,Multiple moderate access barriers,Priority for mobile clinic outreach and infrastructure support
zamfara__bungudu,2018,Multiple moderate access barriers,Monitor barriers and coordinate targeted interventions
borno__shani,2018,Multiple moderate access barriers,Monitor barriers and coordinate targeted interventions
sokoto__shagari,2018,Multiple moderate access barriers,Priority for mobile clinic outreach and infrastructure support
yobe__yunusari,2018,Multiple moderate access barriers,Priority for mobile clinic outreach and infrastructure support
adamawa__ganye,2018,Multiple moderate access barriers,Monitor barriers and coordinate targeted interventions
adamawa__jada,2018,Multiple moderate access barriers,Maintain services and improve care quality
taraba__bali,2018,Multiple moderate access barriers,Monitor barriers and coordinate targeted interventions
adamawa__shelleng,2018,Multiple moderate access barriers,Monitor barriers and coordinate targeted interventions
ondo__okitipupa,2018,Multiple moderate access barriers,Monitor barriers and coordinate targeted interventions
borno__bayo,2018,Multiple moderate access barriers,Monitor barriers and coordinate targeted interventions
akwa_ibom__ikot_abasi,2018,Multiple moderate access barriers,Monitor barriers and coordinate targeted interventions
borno__maiduguri,2018,Multiple moderate access barriers,Maintain services and improve care quality
yobe__gujba,2018,Multiple moderate access barriers,Priority for mobile clinic outreach and infrastructure support
edo__esan_north-east,2018,Multiple moderate access barriers,Maintain services and improve care quality
bauchi__tafawa-balewa,2018,Elevated under-5 mortality indicators,Priority for mobile clinic outreach and infrastructure support
yobe__nangere,2018,Multiple moderate access barriers,Maintain services and improve care quality
akwa_ibom__ika,2018,Multiple moderate access barriers,Monitor barriers and coordinate targeted interventions
bauchi__dambam,2018,Multiple moderate access barriers,Maintain services and improve care quality
bauchi__ganjuwa,2018,Multiple moderate access barriers,Priority for mobile clinic outreach and infrastructure support
borno__nganzai,2018,Multiple moderate access barriers,Priority for mobile clinic outreach and infrastructure support
rivers__ahoada_west,2018,Multiple moderate access barriers,Priority for mobile clinic outreach and infrastructure support
adamawa__song,2018,Multiple moderate access barriers,Maintain services and improve care quality
delta__oshimili_north,2018,Multiple moderate access barriers,Maintain services and improve care quality
rivers__gokana,2018,Elevated under-5 mortality indicators,Priority for mobile clinic outreach and infrastructure support
zamfara__bukkuyum,2018,Elevated under-5 mortality indicators,Priority for mobile clinic outreach and infrastructure support
yobe__damaturu,2018,Multiple moderate access barriers,Monitor barriers and coordinate targeted interventions
yobe__geidam,2018,Multiple moderate access barriers,Priority for mobile clinic outreach and infrastructure support
yobe__tarmuwa,2018,Multiple moderate access barriers,Priority for mobile clinic outreach and infrastructure support
adamawa__madagali,2018,Multiple moderate access barriers,Priority for mobile clinic outreach and infrastructure support
adamawa__michika,2018,Multiple moderate access barriers,Maintain services and improve care quality
adamawa__mubi_north,2018,Multiple moderate access barriers,Maintain services and improve care quality
edo__owan_east,2018,Multiple moderate access barriers,Monitor barriers and coordinate targeted interventions
adamawa__hong,2018,Multiple moderate access barriers,Maintain services and improve care quality
kano__nassarawa,2018,Elevated under-5 mortality indicators,Priority for mobile clinic outreach and infrastructure support
katsina__sabuwa,2018,Elevated under-5 mortality indicators,Priority for mobile clinic outreach and infrastructure support
ebonyi__ohaozara,2018,Multiple moderate access barriers,Maintain services and improve care quality
zamfara__kaura_namoda,2018,Multiple moderate access barriers,Monitor barriers and coordinate targeted interventions
katsina__dutsi,2018,Elevated under-5 mortality indicators,Monitor barriers and coordinate targeted interventions
kano__kabo,2018,Multiple moderate access barriers,Monitor barriers and coordinate targeted interventions
katsina__dandume,2018,Elevated under-5 mortality indicators,Priority for mobile clinic outreach and infrastructure support
kano__dawakin_tofa,2018,Multiple moderate access barriers,Maintain services and improve care quality
kano__gezawa,2018,Multiple moderate access barriers,Monitor barriers and coordinate targeted interventions
sokoto__bodinga,2018,Elevated under-5 mortality indicators,Priority for mobile clinic outreach and infrastructure support
zamfara__zurmi,2018,Elevated under-5 mortality indicators,Priority for mobile clinic outreach and infrastructure support
kano__warawa,2018,Multiple moderate access barriers,Monitor barriers and coordinate targeted interventions
sokoto__tangaza,2018,Multiple moderate access barriers,Priority for mobile clinic outreach and infrastructure support
jigawa__maigatari,2018,Multiple moderate access barriers,Priority for mobile clinic outreach and infrastructure support
katsina__danja,2018,Elevated under-5 mortality indicators,Monitor barriers and coordinate targeted interventions
kano__fagge,2018,Multiple moderate access barriers,Monitor barriers and coordinate targeted interventions
katsina__jibia,2018,Multiple moderate access barriers,Monitor barriers and coordinate targeted interventions
rivers__eleme,2018,Multiple moderate access barriers,Maintain services and improve care quality
kano__bebeji,2018,Elevated under-5 mortality indicators,Priority for mobile clinic outreach and infrastructure support
kano__rano,2018,Elevated under-5 mortality indicators,Priority for mobile clinic outreach and infrastructure support
kano__tarauni,2018,Multiple moderate access barriers,Maintain services and improve care quality
akwa_ibom__etinan,2018,Elevated under-5 mortality indicators,Priority for mobile clinic outreach and infrastructure support
ogun__yewa_south,2018,Multiple moderate access barriers,Maintain services and improve care quality
kebbi__argungu,2018,Elevated under-5 mortality indicators,Priority for mobile clinic outreach and infrastructure support
kano__kiru,2018,Elevated under-5 mortality indicators,Priority for mobile clinic outreach and infrastructure support
katsina__batagarawa,2018,Multiple moderate access barriers,Monitor barriers and coordinate targeted interventions
delta__bomadi,2018,Multiple moderate access barriers,Maintain services and improve care quality
borno__kwaya_kusar,2018,Multiple moderate access barriers,Monitor barriers and coordinate targeted interventions
enugu__igbo-etiti,2018,Multiple moderate access barriers,Monitor barriers and coordinate targeted interventions
kano__doguwa,2018,Elevated under-5 mortality indicators,Priority for mobile clinic outreach and infrastructure support
yobe__bade,2018,Multiple moderate access barriers,Priority for mobile clinic outreach and infrastructure support
akwa_ibom__itu,2018,Elevated under-5 mortality indicators,Priority for mobile clinic outreach and infrastructure support
borno__bama,2018,Multiple moderate access barriers,Priority for mobile clinic outreach and infrastructure support
sokoto__gada,2018,Multiple moderate access barriers,Priority for mobile clinic outreach and infrastructure support
zamfara__gusau,2018,Multiple moderate access barriers,Priority for mobile clinic outreach and infrastructure support
lagos__lagos_mainland,2018,Multiple moderate access barriers,Maintain services and improve care quality
katsina__kaita,2018,Multiple moderate access barriers,Monitor barriers and coordinate targeted interventions
kano__minjibir,2018,Multiple moderate access barriers,Priority for mobile clinic outreach and infrastructure support
akwa_ibom__ini,2018,Multiple moderate access barriers,Monitor barriers and coordinate targeted interventions
zamfara__talata_mafara,2018,Multiple moderate access barriers,Priority for mobile clinic outreach and infrastructure support
kebbi__gwandu,2018,Elevated under-5 mortality indicators,Priority for mobile clinic outreach and infrastructure support
zamfara__birnin_magaji-kiyaw,2018,Multiple moderate access barriers,Priority for mobile clinic outreach and infrastructure support
kano__shanono,2018,Multiple moderate access barriers,Priority for mobile clinic outreach and infrastructure support
kano__rogo,2018,Multiple moderate access barriers,Priority for mobile clinic outreach and infrastructure support
katsina__batsari,2018,Multiple moderate access barriers,Monitor barriers and coordinate targeted interventions
akwa_ibom__eket,2018,Multiple moderate access barriers,Maintain services and improve care quality
akwa_ibom__okobo,2018,Multiple moderate access barriers,Monitor barriers and coordinate targeted interventions
kano__kano_municipal,2018,Multiple moderate access barriers,Monitor barriers and coordinate targeted interventions
yobe__bursari,2018,Elevated under-5 mortality indicators,Priority for mobile clinic outreach and infrastructure support
kebbi__maiyama,2018,Elevated under-5 mortality indicators,Priority for mobile clinic outreach and infrastructure support
lagos__lagos_island,2018,Multiple moderate access barriers,Maintain services and improve care quality
kano__madobi,2018,Multiple moderate access barriers,Monitor barriers and coordinate targeted interventions
jigawa__miga,2018,Multiple moderate access barriers,Priority for mobile clinic outreach and infrastructure support
katsina__rimi,2018,Multiple moderate access barriers,Monitor barriers and coordinate targeted interventions
kano__gabasawa,2018,Multiple moderate access barriers,Monitor barriers and coordinate targeted interventions
kebbi__aleiro,2018,Elevated under-5 mortality indicators,Monitor barriers and coordinate targeted interventions
kano__ungogo,2018,Elevated under-5 mortality indicators,Priority for mobile clinic outreach and infrastructure support
sokoto__tambuwal,2018,Elevated under-5 mortality indicators,Priority for mobile clinic outreach and infrastructure support
kebbi__jega,2018,Elevated under-5 mortality indicators,Priority for mobile clinic outreach and infrastructure support
katsina__katsina,2018,Multiple moderate access barriers,Maintain services and improve care quality
kano__dawakin_kudu,2018,Multiple moderate access barriers,Priority for mobile clinic outreach and infrastructure support
kebbi__arewa_dandi,2018,Elevated under-5 mortality indicators,Priority for mobile clinic outreach and infrastructure support
akwa_ibom__etim_ekpo,2018,Multiple moderate access barriers,Monitor barriers and coordinate targeted interventions
kano__albasu,2018,Elevated under-5 mortality indicators,Priority for mobile clinic outreach and infrastructure support
borno__marte,2018,Multiple moderate access barriers,Priority for mobile clinic outreach and infrastructure support
kano__kumbotso,2018,Multiple moderate access barriers,Monitor barriers and coordinate targeted interventions
jigawa__kazaure,2018,Elevated under-5 mortality indicators,Priority for mobile clinic outreach and infrastructure support
katsina__malumfashi,2018,Multiple moderate access barriers,Maintain services and improve care quality
enugu__udi,2018,Elevated under-5 mortality indicators,Monitor barriers and coordinate targeted interventions
jigawa__dutse,2018,Multiple moderate access barriers,Priority for mobile clinic outreach and infrastructure support
jigawa__gwaram,2018,Multiple moderate access barriers,Priority for mobile clinic outreach and infrastructure support
kaduna__zangon_kataf,2018,Multiple moderate access barriers,Priority for mobile clinic outreach and infrastructure support
jigawa__kiyawa,2018,Elevated under-5 mortality indicators,Priority for mobile clinic outreach and infrastructure support
bauchi__zaki,2018,Elevated under-5 mortality indicators,Priority for mobile clinic outreach and infrastructure support
rivers__opobo/nkoro,2018,Low facility density,Monitor barriers and coordinate targeted interventions
bauchi__shira,2018,Multiple moderate access barriers,Priority for mobile clinic outreach and infrastructure support
bauchi__dass,2018,Multiple moderate access barriers,Maintain services and improve care quality
enugu__enugu_north,2018,Multiple moderate access barriers,Maintain services and improve care quality
jigawa__buji,2018,Multiple moderate access barriers,Monitor barriers and coordinate targeted interventions
akwa_ibom__ukanafun,2018,Multiple moderate access barriers,Priority for mobile clinic outreach and infrastructure support
niger__agaie,2018,Multiple moderate access barriers,Monitor barriers and coordinate targeted interventions
kano__bagwai,2018,Multiple moderate access barriers,Monitor barriers and coordinate targeted interventions
kaduna__kajuru,2018,Multiple moderate access barriers,Monitor barriers and coordinate targeted interventions
niger__katcha,2018,Elevated under-5 mortality indicators,Monitor barriers and coordinate targeted interventions
katsina__kafur,2018,Multiple moderate access barriers,Maintain services and improve care quality
kebbi__wasagu-danko,2018,Elevated under-5 mortality indicators,Monitor barriers and coordinate targeted interventions
niger__bida,2018,Multiple moderate access barriers,Maintain services and improve care quality
bauchi__kirfi,2018,Elevated under-5 mortality indicators,Priority for mobile clinic outreach and infrastructure support
kebbi__dandi,2018,Elevated under-5 mortality indicators,Priority for mobile clinic outreach and infrastructure support
kebbi__bagudu,2018,Elevated under-5 mortality indicators,Priority for mobile clinic outreach and infrastructure support
katsina__kankara,2018,Elevated under-5 mortality indicators,Priority for mobile clinic outreach and infrastructure support
bauchi__itas/gadau,2018,Elevated under-5 mortality indicators,Priority for mobile clinic outreach and infrastructure support
lagos__apapa,2018,Multiple moderate access barriers,Monitor barriers and coordinate targeted interventions
ondo__ondo_east,2018,Multiple moderate access barriers,Priority for mobile clinic outreach and infrastructure support
bauchi__warji,2018,Multiple moderate access barriers,Monitor barriers and coordinate targeted interventions
bauchi__katagum,2018,Elevated under-5 mortality indicators,Priority for mobile clinic outreach and infrastructure support
katsina__mani,2018,Multiple moderate access barriers,Maintain services and improve care quality
kaduna__sanga,2018,Multiple moderate access barriers,Monitor barriers and coordinate targeted interventions
bauchi__bogoro,2018,Multiple moderate access barriers,Monitor barriers and coordinate targeted interventions
yobe__fika,2018,Multiple moderate access barriers,Maintain services and improve care quality
fct__kuje,2018,Multiple moderate access barriers,Monitor barriers and coordinate targeted interventions
jigawa__sule_tankarkar,2018,Elevated under-5 mortality indicators,Priority for mobile clinic outreach and infrastructure support
oyo__ibadan_north_east,2018,Elevated under-5 mortality indicators,Monitor barriers and coordinate targeted interventions
katsina__bindawa,2018,Elevated under-5 mortality indicators,Monitor barriers and coordinate targeted interventions
kwara__ilorin_south,2018,Multiple moderate access barriers,Maintain services and improve care quality
bauchi__gamawa,2018,Multiple moderate access barriers,Priority for mobile clinic outreach and infrastructure support
jigawa__kafin_hausa,2018,Elevated under-5 mortality indicators,Priority for mobile clinic outreach and infrastructure support
ogun__ado_odo/ota,2018,Multiple moderate access barriers,Maintain services and improve care quality
kano__garko,2018,Multiple moderate access barriers,Priority for mobile clinic outreach and infrastructure support
kaduna__kubau,2018,Multiple moderate access barriers,Priority for mobile clinic outreach and infrastructure support
taraba__wukari,2018,Multiple moderate access barriers,Maintain services and improve care quality
kano__gwarzo,2018,Multiple moderate access barriers,Priority for mobile clinic outreach and infrastructure support
rivers__oyigbo,2018,Multiple moderate access barriers,Maintain services and improve care quality
delta__ughelli_south,2018,Multiple moderate access barriers,Monitor barriers and coordinate targeted interventions
kebbi__fakai,2018,Multiple moderate access barriers,Monitor barriers and coordinate targeted interventions
jigawa__kaugama,2018,Elevated under-5 mortality indicators,Priority for mobile clinic outreach and infrastructure support
edo__esan_central,2018,Multiple moderate access barriers,Maintain services and improve care quality
sokoto__goronyo,2018,Multiple moderate access barriers,Priority for mobile clinic outreach and infrastructure support
oyo__ibarapa_east,2018,Multiple moderate access barriers,Monitor barriers and coordinate targeted interventions
edo__ikpoba-okha,2018,Multiple moderate access barriers,Monitor barriers and coordinate targeted interventions
enugu__awgu,2018,Multiple moderate access barriers,Maintain services and improve care quality
oyo__olorunsogo,2018,Multiple moderate access barriers,Maintain services and improve care quality
kogi__kabba/bunu,2018,Multiple moderate access barriers,Maintain services and improve care quality
bauchi__ningi,2018,Multiple moderate access barriers,Priority for mobile clinic outreach and infrastructure support
taraba__kurmi,2018,Multiple moderate access barriers,Maintain services and improve care quality
katsina__bakori,2018,Elevated under-5 mortality indicators,Maintain services and improve care quality
akwa_ibom__nsit_atai,2018,Multiple moderate access barriers,Monitor barriers and coordinate targeted interventions
katsina__kankia,2018,Multiple moderate access barriers,Monitor barriers and coordinate targeted interventions
jigawa__gagarawa,2018,Elevated under-5 mortality indicators,Priority for mobile clinic outreach and infrastructure support
bauchi__giade,2018,Multiple moderate access barriers,Monitor barriers and coordinate targeted interventions
edo__iguegben,2018,Multiple moderate access barriers,Monitor barriers and coordinate targeted interventions
ondo__akure_north,2018,Elevated under-5 mortality indicators,Monitor barriers and coordinate targeted interventions
rivers__khana,2018,Multiple moderate access barriers,Maintain services and improve care quality
akwa_ibom__oruk_anam,2018,Multiple moderate access barriers,Monitor barriers and coordinate targeted interventions
bauchi__misau,2018,Multiple moderate access barriers,Monitor barriers and coordinate targeted interventions
bayelsa__kolokuma/opokuma,2018,Multiple moderate access barriers,Maintain services and improve care quality
kano__karaye,2018,Elevated under-5 mortality indicators,Priority for mobile clinic outreach and infrastructure support
bayelsa__sagbama,2018,Multiple moderate access barriers,Priority for mobile clinic outreach and infrastructure support
jigawa__garki,2018,Multiple moderate access barriers,Priority for mobile clinic outreach and infrastructure support
katsina__mai'adua,2018,Elevated under-5 mortality indicators,Priority for mobile clinic outreach and infrastructure support
ebonyi__ezza_north,2018,Multiple moderate access barriers,Maintain services and improve care quality
taraba__ibi,2018,Multiple moderate access barriers,Priority for mobile clinic outreach and infrastructure support
kogi__omala,2018,Elevated under-5 mortality indicators,Priority for mobile clinic outreach and infrastructure support
ondo__ile_oluji/okeigbo,2018,Multiple moderate access barriers,Maintain services and improve care quality
katsina__baure,2018,Elevated under-5 mortality indicators,Monitor barriers and coordinate targeted interventions
katsina__dutsin_ma,2018,Multiple moderate access barriers,Monitor barriers and coordinate targeted interventions
edo__uhunmwonde,2018,Multiple moderate access barriers,Maintain services and improve care quality
jigawa__taura,2018,Multiple moderate access barriers,Priority for mobile clinic outreach and infrastructure support
delta__ughelli_north,2018,Multiple moderate access barriers,Maintain services and improve care quality
edo__orhionmwon,2018,Multiple moderate access barriers,Monitor barriers and coordinate targeted interventions
kaduna__soba,2018,Elevated under-5 mortality indicators,Priority for mobile clinic outreach and infrastructure support
yobe__karasuwa,2018,Multiple moderate access barriers,Priority for mobile clinic outreach and infrastructure support
ondo__ondo_west,2018,Multiple moderate access barriers,Monitor barriers and coordinate targeted interventions
delta__ika_south,2018,Multiple moderate access barriers,Maintain services and improve care quality
ekiti__oye,2018,Elevated under-5 mortality indicators,Priority for mobile clinic outreach and infrastructure support
kano__bichi,2018,Elevated under-5 mortality indicators,Priority for mobile clinic outreach and infrastructure support
fct__kwali,2018,Multiple moderate access barriers,Monitor barriers and coordinate targeted interventions
oyo__oyo_west,2018,Multiple moderate access barriers,Maintain services and improve care quality
katsina__kusada,2018,Elevated under-5 mortality indicators,Monitor barriers and coordinate targeted interventions
jigawa__roni,2018,Elevated under-5 mortality indicators,Priority for mobile clinic outreach and infrastructure support
bauchi__toro,2018,Elevated under-5 mortality indicators,Priority for mobile clinic outreach and infrastructure support
ondo__akure_south,2018,Multiple moderate access barriers,Monitor barriers and coordinate targeted interventions
kaduna__igabi,2018,Low facility density,Priority for mobile clinic outreach and infrastructure support
kogi__okene,2018,Elevated under-5 mortality indicators,Priority for mobile clinic outreach and infrastructure support
anambra__onitsha_south,2018,Multiple moderate access barriers,Maintain services and improve care quality
benue__agatu,2018,Multiple moderate access barriers,Maintain services and improve care quality
kano__dala,2018,Multiple moderate access barriers,Monitor barriers and coordinate targeted interventions
zamfara__anka,2018,Elevated under-5 mortality indicators,Priority for mobile clinic outreach and infrastructure support
kano__tofa,2018,Elevated under-5 mortality indicators,Monitor barriers and coordinate targeted interventions
katsina__ingawa,2018,Elevated under-5 mortality indicators,Priority for mobile clinic outreach and infrastructure support
delta__uvwie,2018,Multiple moderate access barriers,Maintain services and improve care quality
ondo__idanre,2018,Multiple moderate access barriers,Maintain services and improve care quality
delta__okpe,2018,Multiple moderate access barriers,Priority for mobile clinic outreach and infrastructure support
anambra__anambra_west,2018,Elevated under-5 mortality indicators,Priority for mobile clinic outreach and infrastructure support
lagos__mushin,2018,Multiple moderate access barriers,Monitor barriers and coordinate targeted interventions
ogun__shagamu,2018,Multiple moderate access barriers,Maintain services and improve care quality
cross_river__biase,2018,Elevated under-5 mortality indicators,Priority for mobile clinic outreach and infrastructure support
kano__gaya,2018,Elevated under-5 mortality indicators,Priority for mobile clinic outreach and infrastructure support
katsina__charanchi,2018,Elevated under-5 mortality indicators,Monitor barriers and coordinate targeted interventions
edo__etsako_central,2018,Multiple moderate access barriers,Monitor barriers and coordinate targeted interventions
bauchi__darazo,2018,Multiple moderate access barriers,Priority for mobile clinic outreach and infrastructure support
kogi__ijumu,2018,Multiple moderate access barriers,Maintain services and improve care quality
kwara__irepodun,2018,Multiple moderate access barriers,Maintain services and improve care quality
oyo__egbeda,2018,Multiple moderate access barriers,Monitor barriers and coordinate targeted interventions
ondo__akoko_south_east,2018,Multiple moderate access barriers,Maintain services and improve care quality
katsina__faskari,2018,Multiple moderate access barriers,Priority for mobile clinic outreach and infrastructure support
kaduna__makarfi,2018,Multiple moderate access barriers,Monitor barriers and coordinate targeted interventions
delta__udu,2018,Multiple moderate access barriers,Maintain services and improve care quality
kano__bunkure,2018,Elevated under-5 mortality indicators,Priority for mobile clinic outreach and infrastructure support
katsina__funtua,2018,Multiple moderate access barriers,Maintain services and improve care quality
kano__dambatta,2018,Multiple moderate access barriers,Monitor barriers and coordinate targeted interventions
yobe__jakusko,2018,Multiple moderate access barriers,Priority for mobile clinic outreach and infrastructure support
kano__gwale,2018,Multiple moderate access barriers,Maintain services and improve care quality
jigawa__babura,2018,Elevated under-5 mortality indicators,Priority for mobile clinic outreach and infrastructure support
delta__sapele,2018,Multiple moderate access barriers,Monitor barriers and coordinate targeted interventions
delta__ika_north_east,2018,Multiple moderate access barriers,Monitor barriers and coordinate targeted interventions
lagos__surulere,2018,Multiple moderate access barriers,Maintain services and improve care quality
kano__garun_malam,2018,Elevated under-5 mortality indicators,Priority for mobile clinic outreach and infrastructure support
kwara__offa,2018,Multiple moderate access barriers,Maintain services and improve care quality
lagos__shomolu,2018,Multiple moderate access barriers,Maintain services and improve care quality
kano__makoda,2018,Elevated under-5 mortality indicators,Priority for mobile clinic outreach and infrastructure support
kano__rimin_gado,2018,Multiple moderate access barriers,Priority for mobile clinic outreach and infrastructure support
yobe__yusufari,2018,Multiple moderate access barriers,Priority for mobile clinic outreach and infrastructure support
kogi__bassa,2018,Elevated under-5 mortality indicators,Monitor barriers and coordinate targeted interventions
jigawa__jahun,2018,Elevated under-5 mortality indicators,Priority for mobile clinic outreach and infrastructure support
katsina__kurfi,2018,Multiple moderate access barriers,Maintain services and improve care quality
edo__esan_west,2018,Multiple moderate access barriers,Maintain services and improve care quality
kaduna__kaduna_north,2018,Multiple moderate access barriers,Maintain services and improve care quality
katsina__daura,2018,Multiple moderate access barriers,Monitor barriers and coordinate targeted interventions
taraba__gassol,2018,Elevated under-5 mortality indicators,Priority for mobile clinic outreach and infrastructure support
jigawa__auyo,2018,Elevated under-5 mortality indicators,Priority for mobile clinic outreach and infrastructure support
kano__wudil,2018,Elevated under-5 mortality indicators,Priority for mobile clinic outreach and infrastructure support
kaduna__ikara,2018,Elevated under-5 mortality indicators,Priority for mobile clinic outreach and infrastructure support
ondo__ifedore,2018,Multiple moderate access barriers,Maintain services and improve care quality
niger__lavun,2018,Multiple moderate access barriers,Priority for mobile clinic outreach and infrastructure support
sokoto__dange_shuni,2018,Elevated under-5 mortality indicators,Priority for mobile clinic outreach and infrastructure support
ogun__yewa_north,2018,Multiple moderate access barriers,Monitor barriers and coordinate targeted interventions
zamfara__tsafe,2018,Multiple moderate access barriers,Priority for mobile clinic outreach and infrastructure support
kwara__ekiti,2018,Elevated under-5 mortality indicators,Priority for mobile clinic outreach and infrastructure support
kebbi__zuru,2018,Multiple moderate access barriers,Priority for mobile clinic outreach and infrastructure support
kogi__yagba_west,2018,Multiple moderate access barriers,Monitor barriers and coordinate targeted interventions
kogi__kogi,2018,Elevated under-5 mortality indicators,Monitor barriers and coordinate targeted interventions
kogi__olamaboro,2018,Multiple moderate access barriers,Maintain services and improve care quality
ondo__odigbo,2018,Multiple moderate access barriers,Priority for mobile clinic outreach and infrastructure support
lagos__agege,2018,Multiple moderate access barriers,Maintain services and improve care quality
kano__kibiya,2018,Multiple moderate access barriers,Priority for mobile clinic outreach and infrastructure support
kwara__isin,2018,Multiple moderate access barriers,Maintain services and improve care quality
kaduna__sabon_gari,2018,Multiple moderate access barriers,Monitor barriers and coordinate targeted interventions
jigawa__malam_madori,2018,Elevated under-5 mortality indicators,Priority for mobile clinic outreach and infrastructure support
kogi__lokoja,2018,Multiple moderate access barriers,Monitor barriers and coordinate targeted interventions
osun__ede_south,2018,Multiple moderate access barriers,Maintain services and improve care quality
kaduna__giwa,2018,Multiple moderate access barriers,Priority for mobile clinic outreach and infrastructure support
ekiti__ikole,2018,Multiple moderate access barriers,Priority for mobile clinic outreach and infrastructure support
kano__kunchi,2018,Multiple moderate access barriers,Priority for mobile clinic outreach and infrastructure support
jigawa__guri,2018,Elevated under-5 mortality indicators,Priority for mobile clinic outreach and infrastructure support
zamfara__maru,2018,Multiple moderate access barriers,Priority for mobile clinic outreach and infrastructure support
gombe__dukku,2018,Multiple moderate access barriers,Priority for mobile clinic outreach and infrastructure support
sokoto__wamakko,2018,Multiple moderate access barriers,Maintain services and improve care quality
kwara__oke_ero,2018,Multiple moderate access barriers,Maintain services and improve care quality
lagos__oshodi/isolo,2018,Multiple moderate access barriers,Maintain services and improve care quality
borno__abadam,2018,Limited facility proximity coverage,Priority for mobile clinic outreach and infrastructure support
ekiti__moba,2018,Multiple moderate access barriers,Priority for mobile clinic outreach and infrastructure support
fct__gwagwalada,2018,Multiple moderate access barriers,Monitor barriers and coordinate targeted interventions
kaduna__kagarko,2018,Multiple moderate access barriers,Monitor barriers and coordinate targeted interventions
fct__abaji,2018,Multiple moderate access barriers,Monitor barriers and coordinate targeted interventions
taraba__sardauna,2018,Multiple moderate access barriers,Maintain services and improve care quality
kebbi__shanga,2018,Multiple moderate access barriers,Monitor barriers and coordinate targeted interventions
kaduna__birnin_gwari,2018,Multiple moderate access barriers,Priority for mobile clinic outreach and infrastructure support
kebbi__ngaski,2018,Elevated under-5 mortality indicators,Priority for mobile clinic outreach and infrastructure support
kaduna__chikun,2018,Multiple moderate access barriers,Priority for mobile clinic outreach and infrastructure support
kebbi__yauri,2018,Elevated under-5 mortality indicators,Priority for mobile clinic outreach and infrastructure support
kaduna__kauru,2018,Elevated under-5 mortality indicators,Priority for mobile clinic outreach and infrastructure support
adamawa__demsa,2018,Multiple moderate access barriers,Maintain services and improve care quality
abia__umuahia_south,2018,Multiple moderate access barriers,Maintain services and improve care quality
osun__obokun,2018,Multiple moderate access barriers,Maintain services and improve care quality
imo__owerri_west,2018,Multiple moderate access barriers,Maintain services and improve care quality
nasarawa__nasarawa,2018,Elevated under-5 mortality indicators,Priority for mobile clinic outreach and infrastructure support
anambra__idemili_south,2018,Multiple moderate access barriers,Maintain services and improve care quality
abia__aba_north,2018,Multiple moderate access barriers,Maintain services and improve care quality
ogun__odeda,2018,Multiple moderate access barriers,Maintain services and improve care quality
ogun__ijebu_east,2018,Multiple moderate access barriers,Maintain services and improve care quality
benue__okpokwu,2018,Multiple moderate access barriers,Monitor barriers and coordinate targeted interventions
gombe__shomgom,2018,Multiple moderate access barriers,Monitor barriers and coordinate targeted interventions
ekiti__ado-ekiti,2018,Multiple moderate access barriers,Maintain services and improve care quality
imo__ahiazu-mbaise,2018,Multiple moderate access barriers,Maintain services and improve care quality
kogi__ankpa,2018,Elevated under-5 mortality indicators,Priority for mobile clinic outreach and infrastructure support
imo__nkwerre,2018,Multiple moderate access barriers,Maintain services and improve care quality
benue__apa,2018,Multiple moderate access barriers,Maintain services and improve care quality
benue__kwande,2018,Multiple moderate access barriers,Maintain services and improve care quality
cross_river__ikom,2018,Multiple moderate access barriers,Maintain services and improve care quality
ekiti__ido-osi,2018,Elevated under-5 mortality indicators,Priority for mobile clinic outreach and infrastructure support
abia__ukwa_east,2018,Multiple moderate access barriers,Maintain services and improve care quality
abia__ukwa_west,2018,Multiple moderate access barriers,Maintain services and improve care quality
anambra__nnewi_south,2018,Multiple moderate access barriers,Maintain services and improve care quality
abia__bende,2018,Multiple moderate access barriers,Maintain services and improve care quality
imo__okigwe,2018,Elevated under-5 mortality indicators,Monitor barriers and coordinate targeted interventions
bauchi__jama'are,2018,Multiple moderate access barriers,Maintain services and improve care quality
nasarawa__kokona,2018,Multiple moderate access barriers,Maintain services and improve care quality
borno__mafa,2018,Multiple moderate access barriers,Monitor barriers and coordinate targeted interventions
gombe__akko,2018,Multiple moderate access barriers,Monitor barriers and coordinate targeted interventions
benue__ushongo,2018,Multiple moderate access barriers,Maintain services and improve care quality
imo__ehime-mbano,2018,Elevated under-5 mortality indicators,Monitor barriers and coordinate targeted interventions
imo__ideato_south,2018,Multiple moderate access barriers,Maintain services and improve care quality
osun__ife_south,2018,Multiple moderate access barriers,Maintain services and improve care quality
anambra__oyi,2018,Elevated under-5 mortality indicators,Monitor barriers and coordinate targeted interventions
ekiti__ekiti_south-west,2018,Multiple moderate access barriers,Monitor barriers and coordinate targeted interventions
anambra__ayamelum,2018,Multiple moderate access barriers,Priority for mobile clinic outreach and infrastructure support
imo__aboh-mbaise,2018,Multiple moderate access barriers,Maintain services and improve care quality
ekiti__ilejemeje,2018,Elevated under-5 mortality indicators,Monitor barriers and coordinate targeted interventions
imo__mbatoli,2018,Elevated under-5 mortality indicators,Monitor barriers and coordinate targeted interventions
cross_river__akamkpa,2018,Multiple moderate access barriers,Priority for mobile clinic outreach and infrastructure support
abia__obi_nwga,2018,Multiple moderate access barriers,Maintain services and improve care quality
benue__logo,2018,Multiple moderate access barriers,Maintain services and improve care quality
benue__guma,2018,Multiple moderate access barriers,Maintain services and improve care quality
cross_river__ogoja,2018,Multiple moderate access barriers,Maintain services and improve care quality
abia__ohafia,2018,Multiple moderate access barriers,Maintain services and improve care quality
anambra__orumba_north,2018,Multiple moderate access barriers,Maintain services and improve care quality
benue__ado,2018,Multiple moderate access barriers,Monitor barriers and coordinate targeted interventions
nasarawa__toto,2018,Multiple moderate access barriers,Monitor barriers and coordinate targeted interventions
osun__egbedore,2018,Multiple moderate access barriers,Maintain services and improve care quality
imo__owerri_north,2018,Multiple moderate access barriers,Maintain services and improve care quality
anambra__idemili_north,2018,Multiple moderate access barriers,Maintain services and improve care quality
abia__isiala-ngwa_south,2018,Multiple moderate access barriers,Maintain services and improve care quality
gombe__funakaye,2018,Elevated under-5 mortality indicators,Priority for mobile clinic outreach and infrastructure support
benue__katsina-ala,2018,Multiple moderate access barriers,Maintain services and improve care quality
niger__mokwa,2018,Multiple moderate access barriers,Monitor barriers and coordinate targeted interventions
abia__aba_south,2018,Multiple moderate access barriers,Maintain services and improve care quality
niger__edati,2018,Multiple moderate access barriers,Maintain services and improve care quality
ogun__odogbolu,2018,Multiple moderate access barriers,Maintain services and improve care quality
gombe__balanga,2018,Elevated under-5 mortality indicators,Priority for mobile clinic outreach and infrastructure support
ogun__ijebu_north_east,2018,Multiple moderate access barriers,Maintain services and improve care quality
benue__oturkpo,2018,Multiple moderate access barriers,Maintain services and improve care quality
cross_river__abi,2018,Multiple moderate access barriers,Maintain services and improve care quality
imo__ideato_north,2018,Multiple moderate access barriers,Maintain services and improve care quality
osun__oriade,2018,Multiple moderate access barriers,Maintain services and improve care quality
sokoto__illela,2018,Multiple moderate access barriers,Priority for mobile clinic outreach and infrastructure support
imo__nwangele,2018,Multiple moderate access barriers,Monitor barriers and coordinate targeted interventions
osun__ife_east,2018,Multiple moderate access barriers,Maintain services and improve care quality
cross_river__obanliku,2018,Multiple moderate access barriers,Maintain services and improve care quality
imo__onuimo,2018,Multiple moderate access barriers,Priority for mobile clinic outreach and infrastructure support
plateau__qua'an_pan,2018,Multiple moderate access barriers,Maintain services and improve care quality
imo__ngor-okpala,2018,Multiple moderate access barriers,Maintain services and improve care quality
oyo__ona_ara,2018,Multiple moderate access barriers,Priority for mobile clinic outreach and infrastructure support
enugu__igbo-eze_north,2018,Multiple moderate access barriers,Maintain services and improve care quality
benue__oju,2018,Multiple moderate access barriers,Maintain services and improve care quality
osun__boluwaduro,2018,Multiple moderate access barriers,Maintain services and improve care quality
zamfara__shinkafi,2018,Multiple moderate access barriers,Monitor barriers and coordinate targeted interventions
imo__orsu,2018,Multiple moderate access barriers,Maintain services and improve care quality
anambra__anaocha,2018,Multiple moderate access barriers,Maintain services and improve care quality
cross_river__bekwarra,2018,Multiple moderate access barriers,Maintain services and improve care quality
abia__umu-nneochi,2018,Multiple moderate access barriers,Maintain services and improve care quality
ondo__ose,2018,Multiple moderate access barriers,Priority for mobile clinic outreach and infrastructure support
anambra__nnewi_north,2018,Multiple moderate access barriers,Maintain services and improve care quality
ondo__akoko_north_west,2018,Multiple moderate access barriers,Priority for mobile clinic outreach and infrastructure support
osun__ilesha_east,2018,Multiple moderate access barriers,Maintain services and improve care quality
anambra__njikoka,2018,Multiple moderate access barriers,Maintain services and improve care quality
imo__ohaji/egbema,2018,Multiple moderate access barriers,Monitor barriers and coordinate targeted interventions
gombe__gombe,2018,Multiple moderate access barriers,Monitor barriers and coordinate targeted interventions
imo__owerri_municipal,2018,Multiple moderate access barriers,Maintain services and improve care quality
nasarawa__keana,2018,Elevated under-5 mortality indicators,Priority for mobile clinic outreach and infrastructure support
ebonyi__ohaukwu,2018,Multiple moderate access barriers,Maintain services and improve care quality
ekiti__gbonyin,2018,Multiple moderate access barriers,Maintain services and improve care quality
imo__isiala_mbano,2018,Elevated under-5 mortality indicators,Priority for mobile clinic outreach and infrastructure support
ekiti__irepodun/ifelodun,2018,Multiple moderate access barriers,Monitor barriers and coordinate targeted interventions
imo__obowo,2018,Multiple moderate access barriers,Maintain services and improve care quality
abia__isuikwuato,2018,Multiple moderate access barriers,Maintain services and improve care quality
benue__makurdi,2018,Multiple moderate access barriers,Maintain services and improve care quality
benue__gboko,2018,Multiple moderate access barriers,Maintain services and improve care quality
osun__ife_central,2018,Multiple moderate access barriers,Monitor barriers and coordinate targeted interventions
abia__isiala-ngwa_north,2018,Multiple moderate access barriers,Maintain services and improve care quality
cross_river__yakurr,2018,Multiple moderate access barriers,Monitor barriers and coordinate targeted interventions
gombe__billiri,2018,Multiple moderate access barriers,Maintain services and improve care quality
anambra__dunukofia,2018,Multiple moderate access barriers,Maintain services and improve care quality
abia__osisioma_ngwa,2018,Elevated under-5 mortality indicators,Maintain services and improve care quality
osun__ola_oluwa,2018,Multiple moderate access barriers,Maintain services and improve care quality
nasarawa__wamba,2018,Multiple moderate access barriers,Maintain services and improve care quality
osun__boripe,2018,Multiple moderate access barriers,Maintain services and improve care quality
cross_river__yala,2018,Multiple moderate access barriers,Maintain services and improve care quality
anambra__aguata,2018,Multiple moderate access barriers,Maintain services and improve care quality
cross_river__calabar_municipal,2018,Multiple moderate access barriers,Maintain services and improve care quality
anambra__onitsha_north,2018,Multiple moderate access barriers,Maintain services and improve care quality
benue__ukum,2018,Multiple moderate access barriers,Maintain services and improve care quality
sokoto__isa,2018,Elevated under-5 mortality indicators,Priority for mobile clinic outreach and infrastructure support
ogun__ogun_waterside,2018,Multiple moderate access barriers,Maintain services and improve care quality
osun__ifelodun,2018,Elevated under-5 mortality indicators,Monitor barriers and coordinate targeted interventions
abia__arochukwu,2018,Elevated under-5 mortality indicators,Monitor barriers and coordinate targeted interventions
ogun__ijebu_ode,2018,Multiple moderate access barriers,Maintain services and improve care quality
borno__magumeri,2018,Multiple moderate access barriers,Priority for mobile clinic outreach and infrastructure support
cross_river__boki,2018,Multiple moderate access barriers,Maintain services and improve care quality
gombe__kwami,2018,Elevated under-5 mortality indicators,Priority for mobile clinic outreach and infrastructure support
ekiti__ekiti_east,2018,Elevated under-5 mortality indicators,Priority for mobile clinic outreach and infrastructure support
kwara__moro,2018,Multiple moderate access barriers,Maintain services and improve care quality
imo__ezinihitte,2018,Multiple moderate access barriers,Monitor barriers and coordinate targeted interventions
borno__kala_balge,2018,Multiple moderate access barriers,Priority for mobile clinic outreach and infrastructure support
nasarawa__awe,2018,Multiple moderate access barriers,Monitor barriers and coordinate targeted interventions
osun__orolu,2018,Multiple moderate access barriers,Monitor barriers and coordinate targeted interventions
cross_river__obubra,2018,Elevated under-5 mortality indicators,Monitor barriers and coordinate targeted interventions
edo__akoko-edo,2018,Multiple moderate access barriers,Monitor barriers and coordinate targeted interventions
osun__osogbo,2018,Multiple moderate access barriers,Maintain services and improve care quality
ekiti__ise/orun,2018,Multiple moderate access barriers,Monitor barriers and coordinate targeted interventions
imo__njaba,2018,Elevated under-5 mortality indicators,Priority for mobile clinic outreach and infrastructure support
benue__obi,2018,Multiple moderate access barriers,Maintain services and improve care quality
benue__buruku,2018,Multiple moderate access barriers,Maintain services and improve care quality
cross_river__obudu,2018,Multiple moderate access barriers,Maintain services and improve care quality
imo__orlu,2018,Multiple moderate access barriers,Maintain services and improve care quality
osun__iwo,2018,Multiple moderate access barriers,Maintain services and improve care quality
anambra__awka_north,2018,Multiple moderate access barriers,Maintain services and improve care quality
benue__tarka,2018,Multiple moderate access barriers,Maintain services and improve care quality
abia__umuahia_north,2018,Multiple moderate access barriers,Maintain services and improve care quality
osun__odo_otin,2018,Multiple moderate access barriers,Maintain services and improve care quality
anambra__ihiala,2018,Multiple moderate access barriers,Maintain services and improve care quality
osun__ilesha_west,2018,Multiple moderate access barriers,Maintain services and improve care quality
gombe__kaltungo,2018,Elevated under-5 mortality indicators,Monitor barriers and coordinate targeted interventions
osun__irepodun,2018,Multiple moderate access barriers,Monitor barriers and coordinate targeted interventions
ebonyi__ebonyi,2018,Multiple moderate access barriers,Maintain services and improve care quality
nasarawa__lafia,2018,Multiple moderate access barriers,Maintain services and improve care quality
ogun__ijebu_north,2018,Multiple moderate access barriers,Maintain services and improve care quality
delta__ndokwa_west,2018,Multiple moderate access barriers,Priority for mobile clinic outreach and infrastructure support
imo__ikeduru,2018,Elevated under-5 mortality indicators,Monitor barriers and coordinate targeted interventions
kogi__okehi,2018,Elevated under-5 mortality indicators,Priority for mobile clinic outreach and infrastructure support
gombe__yamaltu/deba,2018,Elevated under-5 mortality indicators,Monitor barriers and coordinate targeted interventions
ekiti__emure,2018,Multiple moderate access barriers,Monitor barriers and coordinate targeted interventions
ekiti__ikere,2018,Elevated under-5 mortality indicators,Monitor barriers and coordinate targeted interventions
imo__oguta,2018,Multiple moderate access barriers,Monitor barriers and coordinate targeted interventions
benue__konshisha,2018,Multiple moderate access barriers,Monitor barriers and coordinate targeted interventions
osun__ejigbo,2018,Multiple moderate access barriers,Maintain services and improve care quality
benue__gwer_west,2018,Multiple moderate access barriers,Maintain services and improve care quality
cross_river__etung,2018,Multiple moderate access barriers,Maintain services and improve care quality
anambra__ekwusigo,2018,Multiple moderate access barriers,Maintain services and improve care quality
ekiti__ijero,2018,Multiple moderate access barriers,Maintain services and improve care quality
abia__ugwunagbo,2018,Multiple moderate access barriers,Maintain services and improve care quality
osun__olorunda,2018,Multiple moderate access barriers,Maintain services and improve care quality
nasarawa__nasarawa_egon,2018,Multiple moderate access barriers,Maintain services and improve care quality
osun__ede_north,2018,Multiple moderate access barriers,Maintain services and improve care quality
ebonyi__afikpo_south,2018,Multiple moderate access barriers,Monitor barriers and coordinate targeted interventions
imo__oru_west,2018,Multiple moderate access barriers,Maintain services and improve care quality
anambra__anambra_east,2018,Multiple moderate access barriers,Monitor barriers and coordinate targeted interventions
benue__vandeikya,2018,Multiple moderate access barriers,Maintain services and improve care quality
osun__atakunmosa_west,2018,Multiple moderate access barriers,Maintain services and improve care quality
anambra__ogbaru,2018,Multiple moderate access barriers,Maintain services and improve care quality
abia__ikwuano,2018,Elevated under-5 mortality indicators,Monitor barriers and coordinate targeted interventions
nasarawa__keffi,2018,Multiple moderate access barriers,Maintain services and improve care quality
kogi__adavi,2018,Multiple moderate access barriers,Priority for mobile clinic outreach and infrastructure support
imo__oru_east,2018,Multiple moderate access barriers,Monitor barriers and coordinate targeted interventions
ogun__remo_north,2018,Multiple moderate access barriers,Maintain services and improve care quality
nasarawa__karu,2018,Elevated under-5 mortality indicators,Monitor barriers and coordinate targeted interventions
ogun__ikenne,2018,Multiple moderate access barriers,Maintain services and improve care quality
osun__ila,2018,Elevated under-5 mortality indicators,Maintain services and improve care quality
nasarawa__doma,2018,Multiple moderate access barriers,Maintain services and improve care quality
gombe__nafada,2018,Elevated under-5 mortality indicators,Priority for mobile clinic outreach and infrastructure support
benue__gwer_east,2018,Multiple moderate access barriers,Maintain services and improve care quality
ekiti__efon,2018,Multiple moderate access barriers,Maintain services and improve care quality
imo__ihitte/uboma,2018,Multiple moderate access barriers,Monitor barriers and coordinate targeted interventions
ekiti__ekiti_west,2018,Elevated under-5 mortality indicators,Priority for mobile clinic outreach and infrastructure support
oyo__atisbo,2018,Multiple moderate access barriers,Monitor barriers and coordinate targeted interventions
imo__isu,2018,Elevated under-5 mortality indicators,Monitor barriers and coordinate targeted interventions
benue__ogbadibo,2018,Multiple moderate access barriers,Maintain services and improve care quality
osun__atakunmosa_east,2018,Multiple moderate access barriers,Maintain services and improve care quality
nasarawa__akwanga,2018,Multiple moderate access barriers,Maintain services and improve care quality
niger__rafi,2018,Multiple moderate access barriers,Maintain services and improve care quality
cross_river__odukpani,2018,Multiple moderate access barriers,Maintain services and improve care quality
niger__gbako,2018,Multiple moderate access barriers,Maintain services and improve care quality
delta__ukwuani,2018,Multiple moderate access barriers,Monitor barriers and coordinate targeted interventions
anambra__awka_south,2018,Multiple moderate access barriers,Maintain services and improve care quality
niger__gurara,2018,Multiple moderate access barriers,Maintain services and improve care quality
niger__kontagora,2018,Multiple moderate access barriers,Maintain services and improve care quality
niger__mashegu,2018,Multiple moderate access barriers,Monitor barriers and coordinate targeted interventions
niger__wushishi,2018,Multiple moderate access barriers,Maintain services and improve care quality
niger__shiroro,2018,Elevated under-5 mortality indicators,Monitor barriers and coordinate targeted interventions
niger__borgu,2018,Multiple moderate access barriers,Maintain services and improve care quality
niger__lapai,2018,Multiple moderate access barriers,Maintain services and improve care quality
ondo__akoko_south_west,2018,Multiple moderate access barriers,Monitor barriers and coordinate targeted interventions
niger__rijau,2018,Multiple moderate access barriers,Maintain services and improve care quality
niger__chanchaga,2018,Elevated under-5 mortality indicators,Monitor barriers and coordinate targeted interventions
niger__mariga,2018,Multiple moderate access barriers,Monitor barriers and coordinate targeted interventions
niger__munya,2018,Multiple moderate access barriers,Maintain services and improve care quality
niger__bosso,2018,Multiple moderate access barriers,Maintain services and improve care quality
niger__suleja,2018,Multiple moderate access barriers,Monitor barriers and coordinate targeted interventions
niger__paikoro,2018,Multiple moderate access barriers,Maintain services and improve care quality
plateau__kanke,2018,Multiple moderate access barriers,Maintain services and improve care quality
plateau__jos_north,2018,Multiple moderate access barriers,Monitor barriers and coordinate targeted interventions
plateau__jos_east,2018,Multiple moderate access barriers,Monitor barriers and coordinate targeted interventions
edo__oredo,2018,Multiple moderate access barriers,Maintain services and improve care quality
delta__patani,2018,Multiple moderate access barriers,Monitor barriers and coordinate targeted interventions
plateau__shendam,2018,Elevated under-5 mortality indicators,Priority for mobile clinic outreach and infrastructure support
edo__egor,2018,Multiple moderate access barriers,Maintain services and improve care quality
plateau__langtang_north,2018,Elevated under-5 mortality indicators,Monitor barriers and coordinate targeted interventions
plateau__jos_south,2018,Multiple moderate access barriers,Maintain services and improve care quality
plateau__mikang,2018,Multiple moderate access barriers,Maintain services and improve care quality
plateau__barkin_ladi,2018,Multiple moderate access barriers,Maintain services and improve care quality
plateau__pankshin,2018,Multiple moderate access barriers,Maintain services and improve care quality
plateau__bokkos,2018,Multiple moderate access barriers,Maintain services and improve care quality
plateau__wase,2018,Multiple moderate access barriers,Priority for mobile clinic outreach and infrastructure support
plateau__bassa,2018,Multiple moderate access barriers,Monitor barriers and coordinate targeted interventions
anambra__orumba_south,2018,Multiple moderate access barriers,Maintain services and improve care quality
plateau__kanam,2018,Elevated under-5 mortality indicators,Monitor barriers and coordinate targeted interventions
plateau__langtang_south,2018,Multiple moderate access barriers,Monitor barriers and coordinate targeted interventions
plateau__mangu,2018,Multiple moderate access barriers,Monitor barriers and coordinate targeted interventions
niger__tafa,2018,Multiple moderate access barriers,Maintain services and improve care quality
niger__magama,2018,Elevated under-5 mortality indicators,Monitor barriers and coordinate targeted interventions
niger__agwara,2018,Multiple moderate access barriers,Maintain services and improve care quality
plateau__riyom,2018,Multiple moderate access barriers,Maintain services and improve care quality
sokoto__rabah,2018,Multiple moderate access barriers,Priority for mobile clinic outreach and infrastructure support
ebonyi__ikwo,2018,Multiple moderate access barriers,Maintain services and improve care quality
katsina__safana,2018,Multiple moderate access barriers,Priority for mobile clinic outreach and infrastructure support
lagos__ajeromi/ifelodun,2018,Multiple moderate access barriers,Maintain services and improve care quality
kebbi__koko-besse,2018,Elevated under-5 mortality indicators,Monitor barriers and coordinate targeted interventions
lagos__epe,2018,Multiple moderate access barriers,Maintain services and improve care quality
kano__sumaila,2018,Elevated under-5 mortality indicators,Priority for mobile clinic outreach and infrastructure support
kogi__ogori/magongo,2018,Multiple moderate access barriers,Maintain services and improve care quality
lagos__amuwo_odofin,2018,Elevated under-5 mortality indicators,Monitor barriers and coordinate targeted interventions
kano__tsanyawa,2018,Elevated under-5 mortality indicators,Priority for mobile clinic outreach and infrastructure support
lagos__ibeju_lekki,2018,Multiple moderate access barriers,Maintain services and improve care quality
kogi__ajaokuta,2018,Elevated under-5 mortality indicators,Monitor barriers and coordinate targeted interventions
oyo__irepo,2018,Multiple moderate access barriers,Priority for mobile clinic outreach and infrastructure support
delta__isoko_north,2018,Multiple moderate access barriers,Monitor barriers and coordinate targeted interventions
enugu__ezeagu,2018,Multiple moderate access barriers,Maintain services and improve care quality
ondo__irele,2018,Multiple moderate access barriers,Monitor barriers and coordinate targeted interventions
ondo__owo,2018,Multiple moderate access barriers,Maintain services and improve care quality
kogi__dekina,2018,Multiple moderate access barriers,Maintain services and improve care quality
ondo__akoko_north_east,2018,Multiple moderate access barriers,Maintain services and improve care quality
oyo__oluyole,2018,Multiple moderate access barriers,Maintain services and improve care quality
rivers__ogba/egbema/ndoni,2018,Multiple moderate access barriers,Priority for mobile clinic outreach and infrastructure support
edo__ovia_south-west,2018,Multiple moderate access barriers,Maintain services and improve care quality
delta__ndokwa_east,2018,Multiple moderate access barriers,Monitor barriers and coordinate targeted interventions
oyo__saki_east,2018,Multiple moderate access barriers,Priority for mobile clinic outreach and infrastructure support
ebonyi__onicha,2018,Multiple moderate access barriers,Maintain services and improve care quality
delta__ethiope_east,2018,Multiple moderate access barriers,Monitor barriers and coordinate targeted interventions
nasarawa__obi,2018,Multiple moderate access barriers,Maintain services and improve care quality
oyo__oyo_east,2018,Multiple moderate access barriers,Monitor barriers and coordinate targeted interventions
ebonyi__ivo,2018,Multiple moderate access barriers,Maintain services and improve care quality
edo__etsako_east,2018,Elevated under-5 mortality indicators,Priority for mobile clinic outreach and infrastructure support
delta__oshimili_south,2018,Multiple moderate access barriers,Monitor barriers and coordinate targeted interventions
ebonyi__izzi,2018,Multiple moderate access barriers,Maintain services and improve care quality
delta__isoko_south,2018,Multiple moderate access barriers,Priority for mobile clinic outreach and infrastructure support
ebonyi__ezza_south,2018,Multiple moderate access barriers,Maintain services and improve care quality
kogi__ofu,2018,Elevated under-5 mortality indicators,Monitor barriers and coordinate targeted interventions
delta__aniocha_north,2018,Multiple moderate access barriers,Maintain services and improve care quality
delta__aniocha_south,2018,Multiple moderate access barriers,Maintain services and improve care quality
kogi__igalamela-odolu,2018,Multiple moderate access barriers,Monitor barriers and coordinate targeted interventions
akwa_ibom__ibiono_ibom,2018,Multiple moderate access barriers,Monitor barriers and coordinate targeted interventions
akwa_ibom__obot_akara,2018,Multiple moderate access barriers,Monitor barriers and coordinate targeted interventions
oyo__ogo_oluwa,2018,Multiple moderate access barriers,Maintain services and improve care quality
oyo__atiba,2018,Multiple moderate access barriers,Monitor barriers and coordinate targeted interventions
oyo__ogbomosho_south,2018,Multiple moderate access barriers,Maintain services and improve care quality
edo__ovia_north-east,2018,Multiple moderate access barriers,Monitor barriers and coordinate targeted interventions
oyo__afijio,2018,Multiple moderate access barriers,Maintain services and improve care quality
oyo__ogbomosho_north,2018,Multiple moderate access barriers,Maintain services and improve care quality
rivers__ikwerre,2018,Multiple moderate access barriers,Monitor barriers and coordinate targeted interventions
akwa_ibom__esit_eket,2018,Multiple moderate access barriers,Priority for mobile clinic outreach and infrastructure support
rivers__obio/akpor,2018,Multiple moderate access barriers,Maintain services and improve care quality
rivers__etche,2018,Multiple moderate access barriers,Monitor barriers and coordinate targeted interventions
borno__askira_uba,2018,Multiple moderate access barriers,Priority for mobile clinic outreach and infrastructure support
sokoto__gwadabawa,2018,Multiple moderate access barriers,Priority for mobile clinic outreach and infrastructure support
jigawa__hadejia,2018,Multiple moderate access barriers,Maintain services and improve care quality
jigawa__kiri_kasama,2018,Elevated under-5 mortality indicators,Priority for mobile clinic outreach and infrastructure support
borno__konduga,2018,Multiple moderate access barriers,Priority for mobile clinic outreach and infrastructure support
borno__jere,2018,Multiple moderate access barriers,Priority for mobile clinic outreach and infrastructure support
lagos__eti_osa,2018,Multiple moderate access barriers,Maintain services and improve care quality
lagos__kosofe,2018,Multiple moderate access barriers,Maintain services and improve care quality
oyo__ibadan_north,2018,Multiple moderate access barriers,Maintain services and improve care quality
oyo__akinyele,2018,Multiple moderate access barriers,Maintain services and improve care quality
oyo__ido,2018,Multiple moderate access barriers,Maintain services and improve care quality
oyo__ibadan_north_west,2018,Multiple moderate access barriers,Maintain services and improve care quality
oyo__ibadan_south_west,2018,Multiple moderate access barriers,Maintain services and improve care quality
oyo__ibadan_south_east,2018,Multiple moderate access barriers,Maintain services and improve care quality
ogun__abeokuta_south,2018,Multiple moderate access barriers,Maintain services and improve care quality
lagos__alimosho,2018,Multiple moderate access barriers,Maintain services and improve care quality
lagos__ifako/ijaye,2018,Multiple moderate access barriers,Maintain services and improve care quality
lagos__ikorodu,2018,Multiple moderate access barriers,Maintain services and improve care quality
ogun__ifo,2018,Multiple moderate access barriers,Maintain services and improve care quality
lagos__ikeja,2018,Multiple moderate access barriers,Maintain services and improve care quality
ogun__ewekoro,2018,Multiple moderate access barriers,Maintain services and improve care quality
lagos__ojo,2018,Multiple moderate access barriers,Monitor barriers and coordinate targeted interventions
lagos__badagry,2018,Multiple moderate access barriers,Maintain services and improve care quality
ogun__obafemi_owode,2018,Multiple moderate access barriers,Maintain services and improve care quality
ogun__ipokia,2018,Multiple moderate access barriers,Maintain services and improve care quality
benue__ohimini,2018,Multiple moderate access barriers,Maintain services and improve care quality
kwara__ilorin_west,2018,Multiple moderate access barriers,Monitor barriers and coordinate targeted interventions
kwara__asa,2018,Elevated under-5 mortality indicators,Monitor barriers and coordinate targeted interventions
akwa_ibom__eastern_obolo,2024,Multiple moderate access barriers,Priority for mobile clinic outreach and infrastructure support
bayelsa__ekeremor,2024,Multiple moderate access barriers,Priority for mobile clinic outreach and infrastructure support
rivers__degema,2024,Low facility density,Priority for mobile clinic outreach and infrastructure support
rivers__andoni,2024,Multiple moderate access barriers,Priority for mobile clinic outreach and infrastructure support
cross_river__akpabuyo,2024,Multiple moderate access barriers,Maintain services and improve care quality
akwa_ibom__oron,2024,Elevated under-5 mortality indicators,Priority for mobile clinic outreach and infrastructure support
cross_river__bakassi,2024,Multiple moderate access barriers,Monitor barriers and coordinate targeted interventions
cross_river__calabar_south,2024,Multiple moderate access barriers,Maintain services and improve care quality
akwa_ibom__udung_uko,2024,Multiple moderate access barriers,Monitor barriers and coordinate targeted interventions
bayelsa__southern_ijaw,2024,Multiple moderate access barriers,Priority for mobile clinic outreach and infrastructure support
oyo__iwajowa,2024,Multiple moderate access barriers,Monitor barriers and coordinate targeted interventions
oyo__ibarapa_north,2024,Multiple moderate access barriers,Monitor barriers and coordinate targeted interventions
rivers__okrika,2024,Multiple moderate access barriers,Priority for mobile clinic outreach and infrastructure support
ogun__imeko_afon,2024,Elevated under-5 mortality indicators,Monitor barriers and coordinate targeted interventions
akwa_ibom__ibeno,2024,Multiple moderate access barriers,Monitor barriers and coordinate targeted interventions
bayelsa__nembe,2024,Multiple moderate access barriers,Priority for mobile clinic outreach and infrastructure support
ondo__ilaje,2024,Multiple moderate access barriers,Priority for mobile clinic outreach and infrastructure support
bayelsa__brass,2024,Multiple moderate access barriers,Priority for mobile clinic outreach and infrastructure support
delta__warri_north,2024,Multiple moderate access barriers,Priority for mobile clinic outreach and infrastructure support
ondo__ese_odo,2024,Multiple moderate access barriers,Priority for mobile clinic outreach and infrastructure support
taraba__jalingo,2024,Multiple moderate access barriers,Maintain services and improve care quality
delta__burutu,2024,Multiple moderate access barriers,Priority for mobile clinic outreach and infrastructure support
adamawa__girei,2024,Multiple moderate access barriers,Monitor barriers and coordinate targeted interventions
taraba__yorro,2024,Multiple moderate access barriers,Maintain services and improve care quality
taraba__ardo-kola,2024,Elevated under-5 mortality indicators,Priority for mobile clinic outreach and infrastructure support
adamawa__yola_north,2024,Multiple moderate access barriers,Maintain services and improve care quality
adamawa__yola_south,2024,Multiple moderate access barriers,Maintain services and improve care quality
akwa_ibom__mbo,2024,Multiple moderate access barriers,Monitor barriers and coordinate targeted interventions
taraba__lau,2024,Elevated under-5 mortality indicators,Monitor barriers and coordinate targeted interventions
oyo__ibarapa_central,2024,Multiple moderate access barriers,Monitor barriers and coordinate targeted interventions
ogun__abeokuta_north,2024,Multiple moderate access barriers,Maintain services and improve care quality
rivers__bonny,2024,Multiple moderate access barriers,Priority for mobile clinic outreach and infrastructure support
delta__warri_south-west,2024,Multiple moderate access barriers,Priority for mobile clinic outreach and infrastructure support
delta__warri_south,2024,Multiple moderate access barriers,Monitor barriers and coordinate targeted interventions
rivers__akuku_toru,2024,Elevated under-5 mortality indicators,Priority for mobile clinic outreach and infrastructure support
osun__isokan,2024,Multiple moderate access barriers,Maintain services and improve care quality
osun__irewole,2024,Multiple moderate access barriers,Maintain services and improve care quality
akwa_ibom__essien_udim,2024,Multiple moderate access barriers,Monitor barriers and coordinate targeted interventions
akwa_ibom__onna,2024,Elevated under-5 mortality indicators,Monitor barriers and coordinate targeted interventions
enugu__udenu,2024,Multiple moderate access barriers,Maintain services and improve care quality
rivers__ogu_bolo,2024,Multiple moderate access barriers,Priority for mobile clinic outreach and infrastructure support
enugu__enugu_south,2024,Multiple moderate access barriers,Maintain services and improve care quality
akwa_ibom__ikot_ekpene,2024,Multiple moderate access barriers,Maintain services and improve care quality
akwa_ibom__nsit_ubium,2024,Multiple moderate access barriers,Maintain services and improve care quality
akwa_ibom__urue_offong/oruko,2024,Elevated under-5 mortality indicators,Priority for mobile clinic outreach and infrastructure support
akwa_ibom__abak,2024,Multiple moderate access barriers,Monitor barriers and coordinate targeted interventions
enugu__nkanu_east,2024,Multiple moderate access barriers,Maintain services and improve care quality
enugu__igbo-eze-south,2024,Multiple moderate access barriers,Maintain services and improve care quality
enugu__nsukka,2024,Multiple moderate access barriers,Maintain services and improve care quality
rivers__tai,2024,Multiple moderate access barriers,Monitor barriers and coordinate targeted interventions
osun__ife_north,2024,Multiple moderate access barriers,Maintain services and improve care quality
osun__ayedade,2024,Multiple moderate access barriers,Maintain services and improve care quality
osun__ayedire,2024,Multiple moderate access barriers,Maintain services and improve care quality
rivers__ahoada_east,2024,Elevated under-5 mortality indicators,Monitor barriers and coordinate targeted interventions
oyo__iseyin,2024,Multiple moderate access barriers,Maintain services and improve care quality
oyo__itesiwaju,2024,Multiple moderate access barriers,Priority for mobile clinic outreach and infrastructure support
oyo__kajola,2024,Multiple moderate access barriers,Maintain services and improve care quality
enugu__nkanu_west,2024,Elevated under-5 mortality indicators,Monitor barriers and coordinate targeted interventions
ebonyi__afikpo_north,2024,Multiple moderate access barriers,Maintain services and improve care quality
taraba__donga,2024,Multiple moderate access barriers,Monitor barriers and coordinate targeted interventions
enugu__oji-river,2024,Multiple moderate access barriers,Maintain services and improve care quality
kwara__oyun,2024,Multiple moderate access barriers,Maintain services and improve care quality
bayelsa__ogbia,2024,Multiple moderate access barriers,Priority for mobile clinic outreach and infrastructure support
rivers__asari-toru,2024,Multiple moderate access barriers,Priority for mobile clinic outreach and infrastructure support
akwa_ibom__uyo,2024,Multiple moderate access barriers,Maintain services and improve care quality
akwa_ibom__ikono,2024,Multiple moderate access barriers,Monitor barriers and coordinate targeted interventions
kwara__baruten,2024,Multiple moderate access barriers,Monitor barriers and coordinate targeted interventions
oyo__lagelu,2024,Multiple moderate access barriers,Maintain services and improve care quality
kogi__idah,2024,Multiple moderate access barriers,Maintain services and improve care quality
yobe__machina,2024,Multiple moderate access barriers,Priority for mobile clinic outreach and infrastructure support
kogi__ibaji,2024,Multiple moderate access barriers,Monitor barriers and coordinate targeted interventions
fct__municipal_area_council,2024,Multiple moderate access barriers,Monitor barriers and coordinate targeted interventions
kwara__kaiama,2024,Multiple moderate access barriers,Monitor barriers and coordinate targeted interventions
zamfara__bakura,2024,Multiple moderate access barriers,Priority for mobile clinic outreach and infrastructure support
yobe__nguru,2024,Multiple moderate access barriers,Priority for mobile clinic outreach and infrastructure support
zamfara__gummi,2024,Multiple moderate access barriers,Priority for mobile clinic outreach and infrastructure support
kano__ajingi,2024,Multiple moderate access barriers,Monitor barriers and coordinate targeted interventions
rivers__port-harcourt,2024,Multiple moderate access barriers,Monitor barriers and coordinate targeted interventions
kebbi__augie,2024,Elevated under-5 mortality indicators,Priority for mobile clinic outreach and infrastructure support
sokoto__kebbe,2024,Multiple moderate access barriers,Priority for mobile clinic outreach and infrastructure support
oyo__surulere,2024,Elevated under-5 mortality indicators,Monitor barriers and coordinate targeted interventions
jigawa__ringim,2024,Elevated under-5 mortality indicators,Priority for mobile clinic outreach and infrastructure support
rivers__emuoha,2024,Multiple moderate access barriers,Monitor barriers and coordinate targeted interventions
enugu__isi-uzo,2024,Multiple moderate access barriers,Maintain services and improve care quality
bayelsa__yenegoa,2024,Multiple moderate access barriers,Monitor barriers and coordinate targeted interventions
kwara__ilorin_east,2024,Multiple moderate access barriers,Maintain services and improve care quality
bauchi__alkaleri,2024,Elevated under-5 mortality indicators,Priority for mobile clinic outreach and infrastructure support
rivers__omumma,2024,Multiple moderate access barriers,Maintain services and improve care quality
jigawa__birnin_kudu,2024,Elevated under-5 mortality indicators,Priority for mobile clinic outreach and infrastructure support
taraba__takum,2024,Multiple moderate access barriers,Monitor barriers and coordinate targeted interventions
edo__esan_south-east,2024,Multiple moderate access barriers,Monitor barriers and coordinate targeted interventions
osun__ifedayo,2024,Multiple moderate access barriers,Maintain services and improve care quality
oyo__ori_ire,2024,Multiple moderate access barriers,Maintain services and improve care quality
kwara__ifelodun,2024,Multiple moderate access barriers,Maintain services and improve care quality
zamfara__maradun,2024,Multiple moderate access barriers,Priority for mobile clinic outreach and infrastructure support
enugu__aninri,2024,Multiple moderate access barriers,Monitor barriers and coordinate targeted interventions
ebonyi__abakaliki,2024,Multiple moderate access barriers,Maintain services and improve care quality
kwara__pategi,2024,Multiple moderate access barriers,Maintain services and improve care quality
jigawa__biriniwa,2024,Multiple moderate access barriers,Priority for mobile clinic outreach and infrastructure support
taraba__ussa,2024,Multiple moderate access barriers,Maintain services and improve care quality
sokoto__silame,2024,Elevated under-5 mortality indicators,Priority for mobile clinic outreach and infrastructure support
kano__takai,2024,Multiple moderate access barriers,Maintain services and improve care quality
fct__bwari,2024,Multiple moderate access barriers,Maintain services and improve care quality
kwara__edu,2024,Multiple moderate access barriers,Maintain services and improve care quality
kaduna__jema'a,2024,Multiple moderate access barriers,Priority for mobile clinic outreach and infrastructure support
jigawa__gumel,2024,Elevated under-5 mortality indicators,Monitor barriers and coordinate targeted interventions
sokoto__binji,2024,Multiple moderate access barriers,Priority for mobile clinic outreach and infrastructure support
sokoto__kware,2024,Multiple moderate access barriers,Monitor barriers and coordinate targeted interventions
kebbi__bunza,2024,Elevated under-5 mortality indicators,Priority for mobile clinic outreach and infrastructure support
kogi__mopa-muro,2024,Multiple moderate access barriers,Monitor barriers and coordinate targeted interventions
sokoto__sokoto_north,2024,Multiple moderate access barriers,Maintain services and improve care quality
katsina__musawa,2024,Elevated under-5 mortality indicators,Monitor barriers and coordinate targeted interventions
delta__ethiope_west,2024,Multiple moderate access barriers,Maintain services and improve care quality
ebonyi__ishielu,2024,Multiple moderate access barriers,Maintain services and improve care quality
kebbi__sakaba,2024,Multiple moderate access barriers,Monitor barriers and coordinate targeted interventions
kaduna__kudan,2024,Elevated under-5 mortality indicators,Monitor barriers and coordinate targeted interventions
kaduna__kachia,2024,Elevated under-5 mortality indicators,Priority for mobile clinic outreach and infrastructure support
sokoto__sabon_birni,2024,Elevated under-5 mortality indicators,Priority for mobile clinic outreach and infrastructure support
enugu__uzo-uwani,2024,Multiple moderate access barriers,Monitor barriers and coordinate targeted interventions
kaduna__jaba,2024,Multiple moderate access barriers,Monitor barriers and coordinate targeted interventions
akwa_ibom__ibesikpo_asutan,2024,Multiple moderate access barriers,Maintain services and improve care quality
sokoto__sokoto_south,2024,Multiple moderate access barriers,Maintain services and improve care quality
sokoto__yabo,2024,Elevated under-5 mortality indicators,Priority for mobile clinic outreach and infrastructure support
borno__damboa,2024,Multiple moderate access barriers,Priority for mobile clinic outreach and infrastructure support
katsina__matazu,2024,Multiple moderate access barriers,Maintain services and improve care quality
katsina__sandamu,2024,Multiple moderate access barriers,Monitor barriers and coordinate targeted interventions
katsina__mashi,2024,Multiple moderate access barriers,Monitor barriers and coordinate targeted interventions
katsina__dan_musa,2024,Multiple moderate access barriers,Monitor barriers and coordinate targeted interventions
kano__kura,2024,Multiple moderate access barriers,Monitor barriers and coordinate targeted interventions
kaduna__lere,2024,Elevated under-5 mortality indicators,Priority for mobile clinic outreach and infrastructure support
katsina__zango,2024,Multiple moderate access barriers,Priority for mobile clinic outreach and infrastructure support
sokoto__wurno,2024,Multiple moderate access barriers,Priority for mobile clinic outreach and infrastructure support
sokoto__gudu,2024,Multiple moderate access barriers,Priority for mobile clinic outreach and infrastructure support
jigawa__gwiwa,2024,Elevated under-5 mortality indicators,Priority for mobile clinic outreach and infrastructure support
kebbi__birnin_kebbi,2024,Multiple moderate access barriers,Maintain services and improve care quality
kebbi__suru,2024,Elevated under-5 mortality indicators,Priority for mobile clinic outreach and infrastructure support
adamawa__numan,2024,Elevated under-5 mortality indicators,Monitor barriers and coordinate targeted interventions
borno__biu,2024,Multiple moderate access barriers,Priority for mobile clinic outreach and infrastructure support
kaduna__kaduna_south,2024,Multiple moderate access barriers,Maintain services and improve care quality
borno__dikwa,2024,Elevated under-5 mortality indicators,Priority for mobile clinic outreach and infrastructure support
kaduna__zaria,2024,Multiple moderate access barriers,Priority for mobile clinic outreach and infrastructure support
kebbi__kalgo,2024,Elevated under-5 mortality indicators,Monitor barriers and coordinate targeted interventions
jigawa__yankwashi,2024,Elevated under-5 mortality indicators,Priority for mobile clinic outreach and infrastructure support
kaduna__kaura,2024,Multiple moderate access barriers,Monitor barriers and coordinate targeted interventions
adamawa__lamurde,2024,Elevated under-5 mortality indicators,Monitor barriers and coordinate targeted interventions
borno__monguno,2024,Multiple moderate access barriers,Monitor barriers and coordinate targeted interventions
enugu__enugu_east,2024,Multiple moderate access barriers,Maintain services and improve care quality
borno__ngala,2024,Low facility density,Priority for mobile clinic outreach and infrastructure support
borno__gubio,2024,Low facility density | Limited facility proximity coverage,Priority for mobile clinic outreach and infrastructure support
kogi__yagba_east,2024,Multiple moderate access barriers,Monitor barriers and coordinate targeted interventions
borno__chibok,2024,Multiple moderate access barriers,Monitor barriers and coordinate targeted interventions
sokoto__tureta,2024,Elevated under-5 mortality indicators,Priority for mobile clinic outreach and infrastructure support
taraba__gashaka,2024,Elevated under-5 mortality indicators,Priority for mobile clinic outreach and infrastructure support
bauchi__bauchi,2024,Elevated under-5 mortality indicators,Priority for mobile clinic outreach and infrastructure support
borno__hawul,2024,Elevated under-5 mortality indicators,Priority for mobile clinic outreach and infrastructure support
akwa_ibom__uruan,2024,Elevated under-5 mortality indicators,Priority for mobile clinic outreach and infrastructure support
adamawa__mayo-belwa,2024,Multiple moderate access barriers,Monitor barriers and coordinate targeted interventions
adamawa__mubi_south,2024,Elevated under-5 mortality indicators,Monitor barriers and coordinate targeted interventions
edo__etsako_west,2024,Multiple moderate access barriers,Maintain services and improve care quality
yobe__fune,2024,Multiple moderate access barriers,Priority for mobile clinic outreach and infrastructure support
borno__mobbar,2024,Low facility density | Limited facility proximity coverage,Priority for mobile clinic outreach and infrastructure support
yobe__potiskum,2024,Multiple moderate access barriers,Monitor barriers and coordinate targeted interventions
borno__gwoza,2024,Multiple moderate access barriers,Priority for mobile clinic outreach and infrastructure support
borno__guzamala,2024,Multiple moderate access barriers,Priority for mobile clinic outreach and infrastructure support
adamawa__maiha,2024,Elevated under-5 mortality indicators,Priority for mobile clinic outreach and infrastructure support
yobe__gulani,2024,Elevated under-5 mortality indicators,Priority for mobile clinic outreach and infrastructure support
taraba__zing,2024,Multiple moderate access barriers,Monitor barriers and coordinate targeted interventions
oyo__orelope,2024,Multiple moderate access barriers,Monitor barriers and coordinate targeted interventions
akwa_ibom__nsit_ibom,2024,Multiple moderate access barriers,Monitor barriers and coordinate targeted interventions
adamawa__fufore,2024,Elevated under-5 mortality indicators,Priority for mobile clinic outreach and infrastructure support
akwa_ibom__mkpat_enin,2024,Multiple moderate access barriers,Maintain services and improve care quality
edo__owan_west,2024,Multiple moderate access barriers,Maintain services and improve care quality
borno__kaga,2024,Elevated under-5 mortality indicators,Priority for mobile clinic outreach and infrastructure support
taraba__karim_lamido,2024,Elevated under-5 mortality indicators,Monitor barriers and coordinate targeted interventions
borno__kukawa,2024,Limited facility proximity coverage,Priority for mobile clinic outreach and infrastructure support
adamawa__gombi,2024,Elevated under-5 mortality indicators,Priority for mobile clinic outreach and infrastructure support
adamawa__guyuk,2024,Elevated under-5 mortality indicators,Priority for mobile clinic outreach and infrastructure support
kano__tudun_wada,2024,Elevated under-5 mortality indicators,Priority for mobile clinic outreach and infrastructure support
oyo__saki_west,2024,Multiple moderate access barriers,Monitor barriers and coordinate targeted interventions
adamawa__toungo,2024,Elevated under-5 mortality indicators,Priority for mobile clinic outreach and infrastructure support
rivers__abua/odual,2024,Multiple moderate access barriers,Priority for mobile clinic outreach and infrastructure support
zamfara__bungudu,2024,Elevated under-5 mortality indicators,Priority for mobile clinic outreach and infrastructure support
borno__shani,2024,Elevated under-5 mortality indicators,Priority for mobile clinic outreach and infrastructure support
sokoto__shagari,2024,Multiple moderate access barriers,Priority for mobile clinic outreach and infrastructure support
yobe__yunusari,2024,Multiple moderate access barriers,Priority for mobile clinic outreach and infrastructure support
adamawa__ganye,2024,Multiple moderate access barriers,Monitor barriers and coordinate targeted interventions
adamawa__jada,2024,Multiple moderate access barriers,Monitor barriers and coordinate targeted interventions
taraba__bali,2024,Elevated under-5 mortality indicators,Priority for mobile clinic outreach and infrastructure support
adamawa__shelleng,2024,Elevated under-5 mortality indicators,Priority for mobile clinic outreach and infrastructure support
ondo__okitipupa,2024,Multiple moderate access barriers,Monitor barriers and coordinate targeted interventions
borno__bayo,2024,Multiple moderate access barriers,Monitor barriers and coordinate targeted interventions
akwa_ibom__ikot_abasi,2024,Elevated under-5 mortality indicators,Priority for mobile clinic outreach and infrastructure support
borno__maiduguri,2024,Multiple moderate access barriers,Monitor barriers and coordinate targeted interventions
yobe__gujba,2024,Multiple moderate access barriers,Priority for mobile clinic outreach and infrastructure support
edo__esan_north-east,2024,Multiple moderate access barriers,Maintain services and improve care quality
bauchi__tafawa-balewa,2024,Elevated under-5 mortality indicators,Priority for mobile clinic outreach and infrastructure support
yobe__nangere,2024,Elevated under-5 mortality indicators,Monitor barriers and coordinate targeted interventions
akwa_ibom__ika,2024,Multiple moderate access barriers,Maintain services and improve care quality
bauchi__dambam,2024,Elevated under-5 mortality indicators,Monitor barriers and coordinate targeted interventions
bauchi__ganjuwa,2024,Multiple moderate access barriers,Priority for mobile clinic outreach and infrastructure support
borno__nganzai,2024,Multiple moderate access barriers,Monitor barriers and coordinate targeted interventions
rivers__ahoada_west,2024,Multiple moderate access barriers,Priority for mobile clinic outreach and infrastructure support
adamawa__song,2024,Elevated under-5 mortality indicators,Priority for mobile clinic outreach and infrastructure support
delta__oshimili_north,2024,Multiple moderate access barriers,Monitor barriers and coordinate targeted interventions
rivers__gokana,2024,Elevated under-5 mortality indicators,Priority for mobile clinic outreach and infrastructure support
zamfara__bukkuyum,2024,Multiple moderate access barriers,Priority for mobile clinic outreach and infrastructure support
yobe__damaturu,2024,Multiple moderate access barriers,Monitor barriers and coordinate targeted interventions
yobe__geidam,2024,Multiple moderate access barriers,Priority for mobile clinic outreach and infrastructure support
yobe__tarmuwa,2024,Multiple moderate access barriers,Priority for mobile clinic outreach and infrastructure support
adamawa__madagali,2024,Multiple moderate access barriers,Monitor barriers and coordinate targeted interventions
adamawa__michika,2024,Elevated under-5 mortality indicators,Monitor barriers and coordinate targeted interventions
adamawa__mubi_north,2024,Elevated under-5 mortality indicators,Monitor barriers and coordinate targeted interventions
edo__owan_east,2024,Multiple moderate access barriers,Maintain services and improve care quality
adamawa__hong,2024,Multiple moderate access barriers,Maintain services and improve care quality
kano__nassarawa,2024,Multiple moderate access barriers,Monitor barriers and coordinate targeted interventions
katsina__sabuwa,2024,Multiple moderate access barriers,Maintain services and improve care quality
ebonyi__ohaozara,2024,Multiple moderate access barriers,Maintain services and improve care quality
zamfara__kaura_namoda,2024,Elevated under-5 mortality indicators,Priority for mobile clinic outreach and infrastructure support
katsina__dutsi,2024,Multiple moderate access barriers,Monitor barriers and coordinate targeted interventions
kano__kabo,2024,Elevated under-5 mortality indicators,Monitor barriers and coordinate targeted interventions
katsina__dandume,2024,Multiple moderate access barriers,Maintain services and improve care quality
kano__dawakin_tofa,2024,Elevated under-5 mortality indicators,Monitor barriers and coordinate targeted interventions
kano__gezawa,2024,Elevated under-5 mortality indicators,Priority for mobile clinic outreach and infrastructure support
sokoto__bodinga,2024,Multiple moderate access barriers,Maintain services and improve care quality
zamfara__zurmi,2024,Multiple moderate access barriers,Priority for mobile clinic outreach and infrastructure support
kano__warawa,2024,Elevated under-5 mortality indicators,Priority for mobile clinic outreach and infrastructure support
sokoto__tangaza,2024,Multiple moderate access barriers,Monitor barriers and coordinate targeted interventions
jigawa__maigatari,2024,Elevated under-5 mortality indicators,Priority for mobile clinic outreach and infrastructure support
katsina__danja,2024,Elevated under-5 mortality indicators,Monitor barriers and coordinate targeted interventions
kano__fagge,2024,Multiple moderate access barriers,Maintain services and improve care quality
katsina__jibia,2024,Multiple moderate access barriers,Maintain services and improve care quality
rivers__eleme,2024,Multiple moderate access barriers,Maintain services and improve care quality
kano__bebeji,2024,Elevated under-5 mortality indicators,Priority for mobile clinic outreach and infrastructure support
kano__rano,2024,Elevated under-5 mortality indicators,Priority for mobile clinic outreach and infrastructure support
kano__tarauni,2024,Elevated under-5 mortality indicators,Monitor barriers and coordinate targeted interventions
akwa_ibom__etinan,2024,Multiple moderate access barriers,Maintain services and improve care quality
ogun__yewa_south,2024,Multiple moderate access barriers,Monitor barriers and coordinate targeted interventions
kebbi__argungu,2024,Elevated under-5 mortality indicators,Priority for mobile clinic outreach and infrastructure support
kano__kiru,2024,Multiple moderate access barriers,Priority for mobile clinic outreach and infrastructure support
katsina__batagarawa,2024,Multiple moderate access barriers,Monitor barriers and coordinate targeted interventions
delta__bomadi,2024,Multiple moderate access barriers,Monitor barriers and coordinate targeted interventions
borno__kwaya_kusar,2024,Elevated under-5 mortality indicators,Priority for mobile clinic outreach and infrastructure support
enugu__igbo-etiti,2024,Multiple moderate access barriers,Maintain services and improve care quality
kano__doguwa,2024,Elevated under-5 mortality indicators,Priority for mobile clinic outreach and infrastructure support
yobe__bade,2024,Multiple moderate access barriers,Priority for mobile clinic outreach and infrastructure support
akwa_ibom__itu,2024,Multiple moderate access barriers,Maintain services and improve care quality
borno__bama,2024,Elevated under-5 mortality indicators,Priority for mobile clinic outreach and infrastructure support
sokoto__gada,2024,Multiple moderate access barriers,Priority for mobile clinic outreach and infrastructure support
zamfara__gusau,2024,Multiple moderate access barriers,Monitor barriers and coordinate targeted interventions
lagos__lagos_mainland,2024,Multiple moderate access barriers,Maintain services and improve care quality
katsina__kaita,2024,Multiple moderate access barriers,Priority for mobile clinic outreach and infrastructure support
kano__minjibir,2024,Multiple moderate access barriers,Priority for mobile clinic outreach and infrastructure support
akwa_ibom__ini,2024,Multiple moderate access barriers,Maintain services and improve care quality
zamfara__talata_mafara,2024,Multiple moderate access barriers,Monitor barriers and coordinate targeted interventions
kebbi__gwandu,2024,Elevated under-5 mortality indicators,Priority for mobile clinic outreach and infrastructure support
zamfara__birnin_magaji-kiyaw,2024,Multiple moderate access barriers,Priority for mobile clinic outreach and infrastructure support
kano__shanono,2024,Elevated under-5 mortality indicators,Priority for mobile clinic outreach and infrastructure support
kano__rogo,2024,Elevated under-5 mortality indicators,Priority for mobile clinic outreach and infrastructure support
katsina__batsari,2024,Multiple moderate access barriers,Maintain services and improve care quality
akwa_ibom__eket,2024,Multiple moderate access barriers,Maintain services and improve care quality
akwa_ibom__okobo,2024,Multiple moderate access barriers,Monitor barriers and coordinate targeted interventions
kano__kano_municipal,2024,Multiple moderate access barriers,Monitor barriers and coordinate targeted interventions
yobe__bursari,2024,Multiple moderate access barriers,Priority for mobile clinic outreach and infrastructure support
kebbi__maiyama,2024,Multiple moderate access barriers,Monitor barriers and coordinate targeted interventions
lagos__lagos_island,2024,Multiple moderate access barriers,Maintain services and improve care quality
kano__madobi,2024,Elevated under-5 mortality indicators,Priority for mobile clinic outreach and infrastructure support
jigawa__miga,2024,Elevated under-5 mortality indicators,Priority for mobile clinic outreach and infrastructure support
katsina__rimi,2024,Multiple moderate access barriers,Maintain services and improve care quality
kano__gabasawa,2024,Multiple moderate access barriers,Monitor barriers and coordinate targeted interventions
kebbi__aleiro,2024,Elevated under-5 mortality indicators,Monitor barriers and coordinate targeted interventions
kano__ungogo,2024,Multiple moderate access barriers,Monitor barriers and coordinate targeted interventions
sokoto__tambuwal,2024,Elevated under-5 mortality indicators,Priority for mobile clinic outreach and infrastructure support
kebbi__jega,2024,Multiple moderate access barriers,Monitor barriers and coordinate targeted interventions
katsina__katsina,2024,Elevated under-5 mortality indicators,Monitor barriers and coordinate targeted interventions
kano__dawakin_kudu,2024,Elevated under-5 mortality indicators,Priority for mobile clinic outreach and infrastructure support
kebbi__arewa_dandi,2024,Elevated under-5 mortality indicators,Priority for mobile clinic outreach and infrastructure support
akwa_ibom__etim_ekpo,2024,Multiple moderate access barriers,Monitor barriers and coordinate targeted interventions
kano__albasu,2024,Elevated under-5 mortality indicators,Priority for mobile clinic outreach and infrastructure support
borno__marte,2024,Multiple moderate access barriers,Priority for mobile clinic outreach and infrastructure support
kano__kumbotso,2024,Multiple moderate access barriers,Monitor barriers and coordinate targeted interventions
jigawa__kazaure,2024,Multiple moderate access barriers,Monitor barriers and coordinate targeted interventions
katsina__malumfashi,2024,Multiple moderate access barriers,Maintain services and improve care quality
enugu__udi,2024,Elevated under-5 mortality indicators,Monitor barriers and coordinate targeted interventions
jigawa__dutse,2024,Elevated under-5 mortality indicators,Priority for mobile clinic outreach and infrastructure support
jigawa__gwaram,2024,Elevated under-5 mortality indicators,Priority for mobile clinic outreach and infrastructure support
kaduna__zangon_kataf,2024,Multiple moderate access barriers,Priority for mobile clinic outreach and infrastructure support
jigawa__kiyawa,2024,Elevated under-5 mortality indicators,Priority for mobile clinic outreach and infrastructure support
bauchi__zaki,2024,Elevated under-5 mortality indicators,Priority for mobile clinic outreach and infrastructure support
rivers__opobo/nkoro,2024,Low facility density,Priority for mobile clinic outreach and infrastructure support
bauchi__shira,2024,Elevated under-5 mortality indicators,Priority for mobile clinic outreach and infrastructure support
bauchi__dass,2024,Elevated under-5 mortality indicators,Monitor barriers and coordinate targeted interventions
enugu__enugu_north,2024,Multiple moderate access barriers,Maintain services and improve care quality
jigawa__buji,2024,Elevated under-5 mortality indicators,Priority for mobile clinic outreach and infrastructure support
akwa_ibom__ukanafun,2024,Multiple moderate access barriers,Maintain services and improve care quality
niger__agaie,2024,Multiple moderate access barriers,Maintain services and improve care quality
kano__bagwai,2024,Multiple moderate access barriers,Monitor barriers and coordinate targeted interventions
kaduna__kajuru,2024,Multiple moderate access barriers,Priority for mobile clinic outreach and infrastructure support
niger__katcha,2024,Multiple moderate access barriers,Maintain services and improve care quality
katsina__kafur,2024,Elevated under-5 mortality indicators,Monitor barriers and coordinate targeted interventions
kebbi__wasagu-danko,2024,Elevated under-5 mortality indicators,Priority for mobile clinic outreach and infrastructure support
niger__bida,2024,Multiple moderate access barriers,Maintain services and improve care quality
bauchi__kirfi,2024,Multiple moderate access barriers,Priority for mobile clinic outreach and infrastructure support
kebbi__dandi,2024,Elevated under-5 mortality indicators,Priority for mobile clinic outreach and infrastructure support
kebbi__bagudu,2024,Elevated under-5 mortality indicators,Priority for mobile clinic outreach and infrastructure support
katsina__kankara,2024,Multiple moderate access barriers,Maintain services and improve care quality
bauchi__itas/gadau,2024,Multiple moderate access barriers,Maintain services and improve care quality
lagos__apapa,2024,Multiple moderate access barriers,Maintain services and improve care quality
ondo__ondo_east,2024,Multiple moderate access barriers,Monitor barriers and coordinate targeted interventions
bauchi__warji,2024,Multiple moderate access barriers,Monitor barriers and coordinate targeted interventions
bauchi__katagum,2024,Multiple moderate access barriers,Monitor barriers and coordinate targeted interventions
katsina__mani,2024,Multiple moderate access barriers,Maintain services and improve care quality
kaduna__sanga,2024,Elevated under-5 mortality indicators,Monitor barriers and coordinate targeted interventions
bauchi__bogoro,2024,Elevated under-5 mortality indicators,Priority for mobile clinic outreach and infrastructure support
yobe__fika,2024,Elevated under-5 mortality indicators,Priority for mobile clinic outreach and infrastructure support
fct__kuje,2024,Multiple moderate access barriers,Monitor barriers and coordinate targeted interventions
jigawa__sule_tankarkar,2024,Elevated under-5 mortality indicators,Priority for mobile clinic outreach and infrastructure support
oyo__ibadan_north_east,2024,Multiple moderate access barriers,Monitor barriers and coordinate targeted interventions
katsina__bindawa,2024,Elevated under-5 mortality indicators,Monitor barriers and coordinate targeted interventions
kwara__ilorin_south,2024,Multiple moderate access barriers,Maintain services and improve care quality
bauchi__gamawa,2024,Multiple moderate access barriers,Priority for mobile clinic outreach and infrastructure support
jigawa__kafin_hausa,2024,Multiple moderate access barriers,Priority for mobile clinic outreach and infrastructure support
ogun__ado_odo/ota,2024,Multiple moderate access barriers,Maintain services and improve care quality
kano__garko,2024,Multiple moderate access barriers,Priority for mobile clinic outreach and infrastructure support
kaduna__kubau,2024,Elevated under-5 mortality indicators,Priority for mobile clinic outreach and infrastructure support
taraba__wukari,2024,Multiple moderate access barriers,Monitor barriers and coordinate targeted interventions
kano__gwarzo,2024,Elevated under-5 mortality indicators,Priority for mobile clinic outreach and infrastructure support
rivers__oyigbo,2024,Multiple moderate access barriers,Maintain services and improve care quality
delta__ughelli_south,2024,Multiple moderate access barriers,Monitor barriers and coordinate targeted interventions
kebbi__fakai,2024,Multiple moderate access barriers,Priority for mobile clinic outreach and infrastructure support
jigawa__kaugama,2024,Multiple moderate access barriers,Priority for mobile clinic outreach and infrastructure support
edo__esan_central,2024,Multiple moderate access barriers,Maintain services and improve care quality
sokoto__goronyo,2024,Multiple moderate access barriers,Priority for mobile clinic outreach and infrastructure support
oyo__ibarapa_east,2024,Multiple moderate access barriers,Maintain services and improve care quality
edo__ikpoba-okha,2024,Multiple moderate access barriers,Monitor barriers and coordinate targeted interventions
enugu__awgu,2024,Multiple moderate access barriers,Monitor barriers and coordinate targeted interventions
oyo__olorunsogo,2024,Multiple moderate access barriers,Maintain services and improve care quality
kogi__kabba/bunu,2024,Multiple moderate access barriers,Maintain services and improve care quality
bauchi__ningi,2024,Elevated under-5 mortality indicators,Priority for mobile clinic outreach and infrastructure support
taraba__kurmi,2024,Multiple moderate access barriers,Maintain services and improve care quality
katsina__bakori,2024,Elevated under-5 mortality indicators,Maintain services and improve care quality
akwa_ibom__nsit_atai,2024,Elevated under-5 mortality indicators,Priority for mobile clinic outreach and infrastructure support
katsina__kankia,2024,Elevated under-5 mortality indicators,Monitor barriers and coordinate targeted interventions
jigawa__gagarawa,2024,Elevated under-5 mortality indicators,Priority for mobile clinic outreach and infrastructure support
bauchi__giade,2024,Elevated under-5 mortality indicators,Priority for mobile clinic outreach and infrastructure support
edo__iguegben,2024,Multiple moderate access barriers,Maintain services and improve care quality
ondo__akure_north,2024,Multiple moderate access barriers,Maintain services and improve care quality
rivers__khana,2024,Multiple moderate access barriers,Maintain services and improve care quality
akwa_ibom__oruk_anam,2024,Multiple moderate access barriers,Maintain services and improve care quality
bauchi__misau,2024,Multiple moderate access barriers,Priority for mobile clinic outreach and infrastructure support
bayelsa__kolokuma/opokuma,2024,Multiple moderate access barriers,Maintain services and improve care quality
kano__karaye,2024,Elevated under-5 mortality indicators,Priority for mobile clinic outreach and infrastructure support
bayelsa__sagbama,2024,Multiple moderate access barriers,Monitor barriers and coordinate targeted interventions
jigawa__garki,2024,Elevated under-5 mortality indicators,Priority for mobile clinic outreach and infrastructure support
katsina__mai'adua,2024,Multiple moderate access barriers,Monitor barriers and coordinate targeted interventions
ebonyi__ezza_north,2024,Multiple moderate access barriers,Maintain services and improve care quality
taraba__ibi,2024,Multiple moderate access barriers,Priority for mobile clinic outreach and infrastructure support
kogi__omala,2024,Multiple moderate access barriers,Maintain services and improve care quality
ondo__ile_oluji/okeigbo,2024,Elevated under-5 mortality indicators,Maintain services and improve care quality
katsina__baure,2024,Multiple moderate access barriers,Monitor barriers and coordinate targeted interventions
katsina__dutsin_ma,2024,Multiple moderate access barriers,Maintain services and improve care quality
edo__uhunmwonde,2024,Multiple moderate access barriers,Maintain services and improve care quality
jigawa__taura,2024,Elevated under-5 mortality indicators,Priority for mobile clinic outreach and infrastructure support
delta__ughelli_north,2024,Multiple moderate access barriers,Monitor barriers and coordinate targeted interventions
edo__orhionmwon,2024,Multiple moderate access barriers,Monitor barriers and coordinate targeted interventions
kaduna__soba,2024,Elevated under-5 mortality indicators,Priority for mobile clinic outreach and infrastructure support
yobe__karasuwa,2024,Multiple moderate access barriers,Priority for mobile clinic outreach and infrastructure support
ondo__ondo_west,2024,Multiple moderate access barriers,Monitor barriers and coordinate targeted interventions
delta__ika_south,2024,Multiple moderate access barriers,Maintain services and improve care quality
ekiti__oye,2024,Multiple moderate access barriers,Maintain services and improve care quality
kano__bichi,2024,Elevated under-5 mortality indicators,Priority for mobile clinic outreach and infrastructure support
fct__kwali,2024,Elevated under-5 mortality indicators,Monitor barriers and coordinate targeted interventions
oyo__oyo_west,2024,Multiple moderate access barriers,Maintain services and improve care quality
katsina__kusada,2024,Multiple moderate access barriers,Monitor barriers and coordinate targeted interventions
jigawa__roni,2024,Elevated under-5 mortality indicators,Priority for mobile clinic outreach and infrastructure support
bauchi__toro,2024,Multiple moderate access barriers,Priority for mobile clinic outreach and infrastructure support
ondo__akure_south,2024,Multiple moderate access barriers,Maintain services and improve care quality
kaduna__igabi,2024,Low facility density | Elevated under-5 mortality indicators,Priority for mobile clinic outreach and infrastructure support
kogi__okene,2024,Multiple moderate access barriers,Maintain services and improve care quality
anambra__onitsha_south,2024,Multiple moderate access barriers,Maintain services and improve care quality
benue__agatu,2024,Multiple moderate access barriers,Maintain services and improve care quality
kano__dala,2024,Multiple moderate access barriers,Monitor barriers and coordinate targeted interventions
zamfara__anka,2024,Multiple moderate access barriers,Monitor barriers and coordinate targeted interventions
kano__tofa,2024,Elevated under-5 mortality indicators,Monitor barriers and coordinate targeted interventions
katsina__ingawa,2024,Multiple moderate access barriers,Monitor barriers and coordinate targeted interventions
delta__uvwie,2024,Multiple moderate access barriers,Maintain services and improve care quality
ondo__idanre,2024,Multiple moderate access barriers,Maintain services and improve care quality
delta__okpe,2024,Multiple moderate access barriers,Monitor barriers and coordinate targeted interventions
anambra__anambra_west,2024,Multiple moderate access barriers,Priority for mobile clinic outreach and infrastructure support
lagos__mushin,2024,Multiple moderate access barriers,Maintain services and improve care quality
ogun__shagamu,2024,Elevated under-5 mortality indicators,Monitor barriers and coordinate targeted interventions
cross_river__biase,2024,Elevated under-5 mortality indicators,Priority for mobile clinic outreach and infrastructure support
kano__gaya,2024,Elevated under-5 mortality indicators,Priority for mobile clinic outreach and infrastructure support
katsina__charanchi,2024,Multiple moderate access barriers,Maintain services and improve care quality
edo__etsako_central,2024,Multiple moderate access barriers,Maintain services and improve care quality
bauchi__darazo,2024,Multiple moderate access barriers,Priority for mobile clinic outreach and infrastructure support
kogi__ijumu,2024,Multiple moderate access barriers,Maintain services and improve care quality
kwara__irepodun,2024,Multiple moderate access barriers,Maintain services and improve care quality
oyo__egbeda,2024,Multiple moderate access barriers,Maintain services and improve care quality
ondo__akoko_south_east,2024,Multiple moderate access barriers,Maintain services and improve care quality
katsina__faskari,2024,Multiple moderate access barriers,Priority for mobile clinic outreach and infrastructure support
kaduna__makarfi,2024,Elevated under-5 mortality indicators,Monitor barriers and coordinate targeted interventions
delta__udu,2024,Multiple moderate access barriers,Maintain services and improve care quality
kano__bunkure,2024,Elevated under-5 mortality indicators,Priority for mobile clinic outreach and infrastructure support
katsina__funtua,2024,Multiple moderate access barriers,Monitor barriers and coordinate targeted interventions
kano__dambatta,2024,Elevated under-5 mortality indicators,Priority for mobile clinic outreach and infrastructure support
yobe__jakusko,2024,Elevated under-5 mortality indicators,Priority for mobile clinic outreach and infrastructure support
kano__gwale,2024,Multiple moderate access barriers,Monitor barriers and coordinate targeted interventions
jigawa__babura,2024,Elevated under-5 mortality indicators,Priority for mobile clinic outreach and infrastructure support
delta__sapele,2024,Multiple moderate access barriers,Monitor barriers and coordinate targeted interventions
delta__ika_north_east,2024,Elevated under-5 mortality indicators,Priority for mobile clinic outreach and infrastructure support
lagos__surulere,2024,Multiple moderate access barriers,Maintain services and improve care quality
kano__garun_malam,2024,Elevated under-5 mortality indicators,Monitor barriers and coordinate targeted interventions
kwara__offa,2024,Multiple moderate access barriers,Maintain services and improve care quality
lagos__shomolu,2024,Multiple moderate access barriers,Maintain services and improve care quality
kano__makoda,2024,Elevated under-5 mortality indicators,Priority for mobile clinic outreach and infrastructure support
kano__rimin_gado,2024,Elevated under-5 mortality indicators,Priority for mobile clinic outreach and infrastructure support
yobe__yusufari,2024,Multiple moderate access barriers,Priority for mobile clinic outreach and infrastructure support
kogi__bassa,2024,Multiple moderate access barriers,Monitor barriers and coordinate targeted interventions
jigawa__jahun,2024,Multiple moderate access barriers,Priority for mobile clinic outreach and infrastructure support
katsina__kurfi,2024,Multiple moderate access barriers,Maintain services and improve care quality
edo__esan_west,2024,Multiple moderate access barriers,Maintain services and improve care quality
kaduna__kaduna_north,2024,Multiple moderate access barriers,Monitor barriers and coordinate targeted interventions
katsina__daura,2024,Elevated under-5 mortality indicators,Priority for mobile clinic outreach and infrastructure support
taraba__gassol,2024,Elevated under-5 mortality indicators,Priority for mobile clinic outreach and infrastructure support
jigawa__auyo,2024,Elevated under-5 mortality indicators,Priority for mobile clinic outreach and infrastructure support
kano__wudil,2024,Elevated under-5 mortality indicators,Priority for mobile clinic outreach and infrastructure support
kaduna__ikara,2024,Elevated under-5 mortality indicators,Priority for mobile clinic outreach and infrastructure support
ondo__ifedore,2024,Multiple moderate access barriers,Maintain services and improve care quality
niger__lavun,2024,Multiple moderate access barriers,Monitor barriers and coordinate targeted interventions
sokoto__dange_shuni,2024,Elevated under-5 mortality indicators,Priority for mobile clinic outreach and infrastructure support
ogun__yewa_north,2024,Multiple moderate access barriers,Monitor barriers and coordinate targeted interventions
zamfara__tsafe,2024,Elevated under-5 mortality indicators,Priority for mobile clinic outreach and infrastructure support
kwara__ekiti,2024,Multiple moderate access barriers,Maintain services and improve care quality
kebbi__zuru,2024,Multiple moderate access barriers,Priority for mobile clinic outreach and infrastructure support
kogi__yagba_west,2024,Multiple moderate access barriers,Priority for mobile clinic outreach and infrastructure support
kogi__kogi,2024,Multiple moderate access barriers,Monitor barriers and coordinate targeted interventions
kogi__olamaboro,2024,Multiple moderate access barriers,Maintain services and improve care quality
ondo__odigbo,2024,Elevated under-5 mortality indicators,Priority for mobile clinic outreach and infrastructure support
lagos__agege,2024,Multiple moderate access barriers,Monitor barriers and coordinate targeted interventions
kano__kibiya,2024,Elevated under-5 mortality indicators,Priority for mobile clinic outreach and infrastructure support
kwara__isin,2024,Multiple moderate access barriers,Maintain services and improve care quality
kaduna__sabon_gari,2024,Multiple moderate access barriers,Priority for mobile clinic outreach and infrastructure support
jigawa__malam_madori,2024,Multiple moderate access barriers,Monitor barriers and coordinate targeted interventions
kogi__lokoja,2024,Multiple moderate access barriers,Monitor barriers and coordinate targeted interventions
osun__ede_south,2024,Multiple moderate access barriers,Maintain services and improve care quality
kaduna__giwa,2024,Elevated under-5 mortality indicators,Priority for mobile clinic outreach and infrastructure support
ekiti__ikole,2024,Multiple moderate access barriers,Priority for mobile clinic outreach and infrastructure support
kano__kunchi,2024,Multiple moderate access barriers,Monitor barriers and coordinate targeted interventions
jigawa__guri,2024,Multiple moderate access barriers,Priority for mobile clinic outreach and infrastructure support
zamfara__maru,2024,Multiple moderate access barriers,Priority for mobile clinic outreach and infrastructure support
gombe__dukku,2024,Elevated under-5 mortality indicators,Priority for mobile clinic outreach and infrastructure support
sokoto__wamakko,2024,Multiple moderate access barriers,Maintain services and improve care quality
kwara__oke_ero,2024,Multiple moderate access barriers,Maintain services and improve care quality
lagos__oshodi/isolo,2024,Multiple moderate access barriers,Maintain services and improve care quality
borno__abadam,2024,Limited facility proximity coverage,Priority for mobile clinic outreach and infrastructure support
ekiti__moba,2024,Multiple moderate access barriers,Monitor barriers and coordinate targeted interventions
fct__gwagwalada,2024,Multiple moderate access barriers,Monitor barriers and coordinate targeted interventions
kaduna__kagarko,2024,Elevated under-5 mortality indicators,Priority for mobile clinic outreach and infrastructure support
fct__abaji,2024,Multiple moderate access barriers,Priority for mobile clinic outreach and infrastructure support
taraba__sardauna,2024,Multiple moderate access barriers,Monitor barriers and coordinate targeted interventions
kebbi__shanga,2024,Multiple moderate access barriers,Priority for mobile clinic outreach and infrastructure support
kaduna__birnin_gwari,2024,Multiple moderate access barriers,Priority for mobile clinic outreach and infrastructure support
kebbi__ngaski,2024,Multiple moderate access barriers,Maintain services and improve care quality
kaduna__chikun,2024,Multiple moderate access barriers,Monitor barriers and coordinate targeted interventions
kebbi__yauri,2024,Elevated under-5 mortality indicators,Monitor barriers and coordinate targeted interventions
kaduna__kauru,2024,Elevated under-5 mortality indicators,Priority for mobile clinic outreach and infrastructure support
adamawa__demsa,2024,Multiple moderate access barriers,Maintain services and improve care quality
abia__umuahia_south,2024,Multiple moderate access barriers,Maintain services and improve care quality
osun__obokun,2024,Multiple moderate access barriers,Maintain services and improve care quality
imo__owerri_west,2024,Multiple moderate access barriers,Maintain services and improve care quality
nasarawa__nasarawa,2024,Multiple moderate access barriers,Monitor barriers and coordinate targeted interventions
anambra__idemili_south,2024,Multiple moderate access barriers,Maintain services and improve care quality
abia__aba_north,2024,Multiple moderate access barriers,Maintain services and improve care quality
ogun__odeda,2024,Elevated under-5 mortality indicators,Monitor barriers and coordinate targeted interventions
ogun__ijebu_east,2024,Multiple moderate access barriers,Maintain services and improve care quality
benue__okpokwu,2024,Multiple moderate access barriers,Maintain services and improve care quality
gombe__shomgom,2024,Multiple moderate access barriers,Monitor barriers and coordinate targeted interventions
ekiti__ado-ekiti,2024,Multiple moderate access barriers,Maintain services and improve care quality
imo__ahiazu-mbaise,2024,Multiple moderate access barriers,Maintain services and improve care quality
kogi__ankpa,2024,Elevated under-5 mortality indicators,Priority for mobile clinic outreach and infrastructure support
imo__nkwerre,2024,Multiple moderate access barriers,Maintain services and improve care quality
benue__apa,2024,Multiple moderate access barriers,Maintain services and improve care quality
benue__kwande,2024,Multiple moderate access barriers,Maintain services and improve care quality
cross_river__ikom,2024,Multiple moderate access barriers,Maintain services and improve care quality
ekiti__ido-osi,2024,Multiple moderate access barriers,Monitor barriers and coordinate targeted interventions
abia__ukwa_east,2024,Multiple moderate access barriers,Maintain services and improve care quality
abia__ukwa_west,2024,Multiple moderate access barriers,Maintain services and improve care quality
anambra__nnewi_south,2024,Multiple moderate access barriers,Maintain services and improve care quality
abia__bende,2024,Multiple moderate access barriers,Maintain services and improve care quality
imo__okigwe,2024,Elevated under-5 mortality indicators,Maintain services and improve care quality
bauchi__jama'are,2024,Elevated under-5 mortality indicators,Monitor barriers and coordinate targeted interventions
nasarawa__kokona,2024,Elevated under-5 mortality indicators,Monitor barriers and coordinate targeted interventions
borno__mafa,2024,Multiple moderate access barriers,Priority for mobile clinic outreach and infrastructure support
gombe__akko,2024,Multiple moderate access barriers,Monitor barriers and coordinate targeted interventions
benue__ushongo,2024,Multiple moderate access barriers,Maintain services and improve care quality
imo__ehime-mbano,2024,Multiple moderate access barriers,Maintain services and improve care quality
imo__ideato_south,2024,Multiple moderate access barriers,Monitor barriers and coordinate targeted interventions
osun__ife_south,2024,Multiple moderate access barriers,Maintain services and improve care quality
anambra__oyi,2024,Multiple moderate access barriers,Maintain services and improve care quality
ekiti__ekiti_south-west,2024,Multiple moderate access barriers,Maintain services and improve care quality
anambra__ayamelum,2024,Multiple moderate access barriers,Monitor barriers and coordinate targeted interventions
imo__aboh-mbaise,2024,Elevated under-5 mortality indicators,Maintain services and improve care quality
ekiti__ilejemeje,2024,Multiple moderate access barriers,Maintain services and improve care quality
imo__mbatoli,2024,Multiple moderate access barriers,Maintain services and improve care quality
cross_river__akamkpa,2024,Multiple moderate access barriers,Priority for mobile clinic outreach and infrastructure support
abia__obi_nwga,2024,Elevated under-5 mortality indicators,Maintain services and improve care quality
benue__logo,2024,Multiple moderate access barriers,Monitor barriers and coordinate targeted interventions
benue__guma,2024,Elevated under-5 mortality indicators,Priority for mobile clinic outreach and infrastructure support
cross_river__ogoja,2024,Multiple moderate access barriers,Monitor barriers and coordinate targeted interventions
abia__ohafia,2024,Multiple moderate access barriers,Maintain services and improve care quality
anambra__orumba_north,2024,Elevated under-5 mortality indicators,Monitor barriers and coordinate targeted interventions
benue__ado,2024,Multiple moderate access barriers,Priority for mobile clinic outreach and infrastructure support
nasarawa__toto,2024,Multiple moderate access barriers,Monitor barriers and coordinate targeted interventions
osun__egbedore,2024,Multiple moderate access barriers,Maintain services and improve care quality
imo__owerri_north,2024,Elevated under-5 mortality indicators,Monitor barriers and coordinate targeted interventions
anambra__idemili_north,2024,Elevated under-5 mortality indicators,Monitor barriers and coordinate targeted interventions
abia__isiala-ngwa_south,2024,Elevated under-5 mortality indicators,Maintain services and improve care quality
gombe__funakaye,2024,Elevated under-5 mortality indicators,Priority for mobile clinic outreach and infrastructure support
benue__katsina-ala,2024,Multiple moderate access barriers,Maintain services and improve care quality
niger__mokwa,2024,Multiple moderate access barriers,Monitor barriers and coordinate targeted interventions
abia__aba_south,2024,Multiple moderate access barriers,Maintain services and improve care quality
niger__edati,2024,Multiple moderate access barriers,Maintain services and improve care quality
ogun__odogbolu,2024,Multiple moderate access barriers,Maintain services and improve care quality
gombe__balanga,2024,Multiple moderate access barriers,Priority for mobile clinic outreach and infrastructure support
ogun__ijebu_north_east,2024,Multiple moderate access barriers,Maintain services and improve care quality
benue__oturkpo,2024,Elevated under-5 mortality indicators,Monitor barriers and coordinate targeted interventions
cross_river__abi,2024,Multiple moderate access barriers,Maintain services and improve care quality
imo__ideato_north,2024,Multiple moderate access barriers,Maintain services and improve care quality
osun__oriade,2024,Multiple moderate access barriers,Maintain services and improve care quality
sokoto__illela,2024,Multiple moderate access barriers,Monitor barriers and coordinate targeted interventions
imo__nwangele,2024,Multiple moderate access barriers,Maintain services and improve care quality
osun__ife_east,2024,Multiple moderate access barriers,Maintain services and improve care quality
cross_river__obanliku,2024,Multiple moderate access barriers,Monitor barriers and coordinate targeted interventions
imo__onuimo,2024,Multiple moderate access barriers,Monitor barriers and coordinate targeted interventions
plateau__qua'an_pan,2024,Multiple moderate access barriers,Priority for mobile clinic outreach and infrastructure support
imo__ngor-okpala,2024,Multiple moderate access barriers,Monitor barriers and coordinate targeted interventions
oyo__ona_ara,2024,Multiple moderate access barriers,Monitor barriers and coordinate targeted interventions
enugu__igbo-eze_north,2024,Multiple moderate access barriers,Maintain services and improve care quality
benue__oju,2024,Multiple moderate access barriers,Maintain services and improve care quality
osun__boluwaduro,2024,Multiple moderate access barriers,Maintain services and improve care quality
zamfara__shinkafi,2024,Multiple moderate access barriers,Monitor barriers and coordinate targeted interventions
imo__orsu,2024,Multiple moderate access barriers,Monitor barriers and coordinate targeted interventions
anambra__anaocha,2024,Multiple moderate access barriers,Monitor barriers and coordinate targeted interventions
cross_river__bekwarra,2024,Multiple moderate access barriers,Maintain services and improve care quality
abia__umu-nneochi,2024,Multiple moderate access barriers,Maintain services and improve care quality
ondo__ose,2024,Multiple moderate access barriers,Monitor barriers and coordinate targeted interventions
anambra__nnewi_north,2024,Multiple moderate access barriers,Maintain services and improve care quality
ondo__akoko_north_west,2024,Multiple moderate access barriers,Monitor barriers and coordinate targeted interventions
osun__ilesha_east,2024,Multiple moderate access barriers,Monitor barriers and coordinate targeted interventions
anambra__njikoka,2024,Multiple moderate access barriers,Maintain services and improve care quality
imo__ohaji/egbema,2024,Elevated under-5 mortality indicators,Priority for mobile clinic outreach and infrastructure support
gombe__gombe,2024,Multiple moderate access barriers,Maintain services and improve care quality
imo__owerri_municipal,2024,Multiple moderate access barriers,Maintain services and improve care quality
nasarawa__keana,2024,Elevated under-5 mortality indicators,Priority for mobile clinic outreach and infrastructure support
ebonyi__ohaukwu,2024,Multiple moderate access barriers,Maintain services and improve care quality
ekiti__gbonyin,2024,Multiple moderate access barriers,Maintain services and improve care quality
imo__isiala_mbano,2024,Multiple moderate access barriers,Maintain services and improve care quality
ekiti__irepodun/ifelodun,2024,Multiple moderate access barriers,Maintain services and improve care quality
imo__obowo,2024,Multiple moderate access barriers,Maintain services and improve care quality
abia__isuikwuato,2024,Multiple moderate access barriers,Monitor barriers and coordinate targeted interventions
benue__makurdi,2024,Multiple moderate access barriers,Maintain services and improve care quality
benue__gboko,2024,Multiple moderate access barriers,Maintain services and improve care quality
osun__ife_central,2024,Multiple moderate access barriers,Maintain services and improve care quality
abia__isiala-ngwa_north,2024,Multiple moderate access barriers,Maintain services and improve care quality
cross_river__yakurr,2024,Elevated under-5 mortality indicators,Priority for mobile clinic outreach and infrastructure support
gombe__billiri,2024,Multiple moderate access barriers,Maintain services and improve care quality
anambra__dunukofia,2024,Multiple moderate access barriers,Maintain services and improve care quality
abia__osisioma_ngwa,2024,Multiple moderate access barriers,Maintain services and improve care quality
osun__ola_oluwa,2024,Multiple moderate access barriers,Maintain services and improve care quality
nasarawa__wamba,2024,Multiple moderate access barriers,Maintain services and improve care quality
osun__boripe,2024,Multiple moderate access barriers,Maintain services and improve care quality
cross_river__yala,2024,Multiple moderate access barriers,Maintain services and improve care quality
anambra__aguata,2024,Multiple moderate access barriers,Maintain services and improve care quality
cross_river__calabar_municipal,2024,Multiple moderate access barriers,Maintain services and improve care quality
anambra__onitsha_north,2024,Multiple moderate access barriers,Maintain services and improve care quality
benue__ukum,2024,Elevated under-5 mortality indicators,Monitor barriers and coordinate targeted interventions
sokoto__isa,2024,Elevated under-5 mortality indicators,Priority for mobile clinic outreach and infrastructure support
ogun__ogun_waterside,2024,Multiple moderate access barriers,Maintain services and improve care quality
osun__ifelodun,2024,Multiple moderate access barriers,Maintain services and improve care quality
abia__arochukwu,2024,Multiple moderate access barriers,Maintain services and improve care quality
ogun__ijebu_ode,2024,Elevated under-5 mortality indicators,Maintain services and improve care quality
borno__magumeri,2024,Multiple moderate access barriers,Priority for mobile clinic outreach and infrastructure support
cross_river__boki,2024,Multiple moderate access barriers,Monitor barriers and coordinate targeted interventions
gombe__kwami,2024,Elevated under-5 mortality indicators,Priority for mobile clinic outreach and infrastructure support
ekiti__ekiti_east,2024,Elevated under-5 mortality indicators,Priority for mobile clinic outreach and infrastructure support
kwara__moro,2024,Multiple moderate access barriers,Maintain services and improve care quality
imo__ezinihitte,2024,Elevated under-5 mortality indicators,Monitor barriers and coordinate targeted interventions
borno__kala_balge,2024,Multiple moderate access barriers,Priority for mobile clinic outreach and infrastructure support
nasarawa__awe,2024,Multiple moderate access barriers,Priority for mobile clinic outreach and infrastructure support
osun__orolu,2024,Multiple moderate access barriers,Monitor barriers and coordinate targeted interventions
cross_river__obubra,2024,Multiple moderate access barriers,Maintain services and improve care quality
edo__akoko-edo,2024,Multiple moderate access barriers,Monitor barriers and coordinate targeted interventions
osun__osogbo,2024,Elevated under-5 mortality indicators,Maintain services and improve care quality
ekiti__ise/orun,2024,Multiple moderate access barriers,Maintain services and improve care quality
imo__njaba,2024,Multiple moderate access barriers,Monitor barriers and coordinate targeted interventions
benue__obi,2024,Elevated under-5 mortality indicators,Monitor barriers and coordinate targeted interventions
benue__buruku,2024,Multiple moderate access barriers,Maintain services and improve care quality
cross_river__obudu,2024,Multiple moderate access barriers,Maintain services and improve care quality
imo__orlu,2024,Multiple moderate access barriers,Maintain services and improve care quality
osun__iwo,2024,Multiple moderate access barriers,Maintain services and improve care quality
anambra__awka_north,2024,Multiple moderate access barriers,Maintain services and improve care quality
benue__tarka,2024,Multiple moderate access barriers,Maintain services and improve care quality
abia__umuahia_north,2024,Multiple moderate access barriers,Maintain services and improve care quality
osun__odo_otin,2024,Multiple moderate access barriers,Maintain services and improve care quality
anambra__ihiala,2024,Multiple moderate access barriers,Maintain services and improve care quality
osun__ilesha_west,2024,Multiple moderate access barriers,Maintain services and improve care quality
gombe__kaltungo,2024,Multiple moderate access barriers,Monitor barriers and coordinate targeted interventions
osun__irepodun,2024,Multiple moderate access barriers,Maintain services and improve care quality
ebonyi__ebonyi,2024,Multiple moderate access barriers,Maintain services and improve care quality
nasarawa__lafia,2024,Elevated under-5 mortality indicators,Monitor barriers and coordinate targeted interventions
ogun__ijebu_north,2024,Multiple moderate access barriers,Monitor barriers and coordinate targeted interventions
delta__ndokwa_west,2024,Multiple moderate access barriers,Monitor barriers and coordinate targeted interventions
imo__ikeduru,2024,Elevated under-5 mortality indicators,Monitor barriers and coordinate targeted interventions
kogi__okehi,2024,Multiple moderate access barriers,Monitor barriers and coordinate targeted interventions
gombe__yamaltu/deba,2024,Elevated under-5 mortality indicators,Priority for mobile clinic outreach and infrastructure support
ekiti__emure,2024,Multiple moderate access barriers,Maintain services and improve care quality
ekiti__ikere,2024,Multiple moderate access barriers,Maintain services and improve care quality
imo__oguta,2024,Multiple moderate access barriers,Monitor barriers and coordinate targeted interventions
benue__konshisha,2024,Multiple moderate access barriers,Maintain services and improve care quality
osun__ejigbo,2024,Multiple moderate access barriers,Maintain services and improve care quality
benue__gwer_west,2024,Multiple moderate access barriers,Monitor barriers and coordinate targeted interventions
cross_river__etung,2024,Multiple moderate access barriers,Maintain services and improve care quality
anambra__ekwusigo,2024,Multiple moderate access barriers,Maintain services and improve care quality
ekiti__ijero,2024,Multiple moderate access barriers,Maintain services and improve care quality
abia__ugwunagbo,2024,Multiple moderate access barriers,Maintain services and improve care quality
osun__olorunda,2024,Multiple moderate access barriers,Monitor barriers and coordinate targeted interventions
nasarawa__nasarawa_egon,2024,Elevated under-5 mortality indicators,Priority for mobile clinic outreach and infrastructure support
osun__ede_north,2024,Multiple moderate access barriers,Maintain services and improve care quality
ebonyi__afikpo_south,2024,Multiple moderate access barriers,Monitor barriers and coordinate targeted interventions
imo__oru_west,2024,Multiple moderate access barriers,Maintain services and improve care quality
anambra__anambra_east,2024,Elevated under-5 mortality indicators,Priority for mobile clinic outreach and infrastructure support
benue__vandeikya,2024,Multiple moderate access barriers,Maintain services and improve care quality
osun__atakunmosa_west,2024,Multiple moderate access barriers,Maintain services and improve care quality
anambra__ogbaru,2024,Multiple moderate access barriers,Maintain services and improve care quality
abia__ikwuano,2024,Multiple moderate access barriers,Maintain services and improve care quality
nasarawa__keffi,2024,Multiple moderate access barriers,Maintain services and improve care quality
kogi__adavi,2024,Multiple moderate access barriers,Monitor barriers and coordinate targeted interventions
imo__oru_east,2024,Elevated under-5 mortality indicators,Monitor barriers and coordinate targeted interventions
ogun__remo_north,2024,Multiple moderate access barriers,Maintain services and improve care quality
nasarawa__karu,2024,Multiple moderate access barriers,Maintain services and improve care quality
ogun__ikenne,2024,Multiple moderate access barriers,Maintain services and improve care quality
osun__ila,2024,Multiple moderate access barriers,Maintain services and improve care quality
nasarawa__doma,2024,Multiple moderate access barriers,Maintain services and improve care quality
gombe__nafada,2024,Multiple moderate access barriers,Priority for mobile clinic outreach and infrastructure support
benue__gwer_east,2024,Multiple moderate access barriers,Maintain services and improve care quality
ekiti__efon,2024,Elevated under-5 mortality indicators,Monitor barriers and coordinate targeted interventions
imo__ihitte/uboma,2024,Multiple moderate access barriers,Maintain services and improve care quality
ekiti__ekiti_west,2024,Multiple moderate access barriers,Maintain services and improve care quality
oyo__atisbo,2024,Multiple moderate access barriers,Monitor barriers and coordinate targeted interventions
imo__isu,2024,Multiple moderate access barriers,Monitor barriers and coordinate targeted interventions
benue__ogbadibo,2024,Multiple moderate access barriers,Maintain services and improve care quality
osun__atakunmosa_east,2024,Multiple moderate access barriers,Maintain services and improve care quality
nasarawa__akwanga,2024,Multiple moderate access barriers,Maintain services and improve care quality
niger__rafi,2024,Multiple moderate access barriers,Maintain services and improve care quality
cross_river__odukpani,2024,Multiple moderate access barriers,Maintain services and improve care quality
niger__gbako,2024,Multiple moderate access barriers,Maintain services and improve care quality
delta__ukwuani,2024,Elevated under-5 mortality indicators,Priority for mobile clinic outreach and infrastructure support
anambra__awka_south,2024,Multiple moderate access barriers,Maintain services and improve care quality
niger__gurara,2024,Elevated under-5 mortality indicators,Monitor barriers and coordinate targeted interventions
niger__kontagora,2024,Multiple moderate access barriers,Monitor barriers and coordinate targeted interventions
niger__mashegu,2024,Multiple moderate access barriers,Monitor barriers and coordinate targeted interventions
niger__wushishi,2024,Multiple moderate access barriers,Monitor barriers and coordinate targeted interventions
niger__shiroro,2024,Multiple moderate access barriers,Monitor barriers and coordinate targeted interventions
niger__borgu,2024,Multiple moderate access barriers,Monitor barriers and coordinate targeted interventions
niger__lapai,2024,Multiple moderate access barriers,Maintain services and improve care quality
ondo__akoko_south_west,2024,Multiple moderate access barriers,Monitor barriers and coordinate targeted interventions
niger__rijau,2024,Multiple moderate access barriers,Maintain services and improve care quality
niger__chanchaga,2024,Multiple moderate access barriers,Maintain services and improve care quality
niger__mariga,2024,Multiple moderate access barriers,Monitor barriers and coordinate targeted interventions
niger__munya,2024,Multiple moderate access barriers,Maintain services and improve care quality
niger__bosso,2024,Multiple moderate access barriers,Maintain services and improve care quality
niger__suleja,2024,Elevated under-5 mortality indicators,Monitor barriers and coordinate targeted interventions
niger__paikoro,2024,Multiple moderate access barriers,Maintain services and improve care quality
plateau__kanke,2024,Multiple moderate access barriers,Maintain services and improve care quality
plateau__jos_north,2024,Multiple moderate access barriers,Maintain services and improve care quality
plateau__jos_east,2024,Multiple moderate access barriers,Maintain services and improve care quality
edo__oredo,2024,Multiple moderate access barriers,Maintain services and improve care quality
delta__patani,2024,Multiple moderate access barriers,Monitor barriers and coordinate targeted interventions
plateau__shendam,2024,Multiple moderate access barriers,Priority for mobile clinic outreach and infrastructure support
edo__egor,2024,Multiple moderate access barriers,Maintain services and improve care quality
plateau__langtang_north,2024,Multiple moderate access barriers,Maintain services and improve care quality
plateau__jos_south,2024,Multiple moderate access barriers,Maintain services and improve care quality
plateau__mikang,2024,Elevated under-5 mortality indicators,Priority for mobile clinic outreach and infrastructure support
plateau__barkin_ladi,2024,Elevated under-5 mortality indicators,Maintain services and improve care quality
plateau__pankshin,2024,Multiple moderate access barriers,Monitor barriers and coordinate targeted interventions
plateau__bokkos,2024,Multiple moderate access barriers,Monitor barriers and coordinate targeted interventions
plateau__wase,2024,Multiple moderate access barriers,Priority for mobile clinic outreach and infrastructure support
plateau__bassa,2024,Elevated under-5 mortality indicators,Priority for mobile clinic outreach and infrastructure support
anambra__orumba_south,2024,Multiple moderate access barriers,Maintain services and improve care quality
plateau__kanam,2024,Elevated under-5 mortality indicators,Priority for mobile clinic outreach and infrastructure support
plateau__langtang_south,2024,Multiple moderate access barriers,Monitor barriers and coordinate targeted interventions
plateau__mangu,2024,Elevated under-5 mortality indicators,Monitor barriers and coordinate targeted interventions
niger__tafa,2024,Multiple moderate access barriers,Maintain services and improve care quality
niger__magama,2024,Elevated under-5 mortality indicators,Monitor barriers and coordinate targeted interventions
niger__agwara,2024,Multiple moderate access barriers,Maintain services and improve care quality
plateau__riyom,2024,Multiple moderate access barriers,Maintain services and improve care quality
sokoto__rabah,2024,Multiple moderate access barriers,Priority for mobile clinic outreach and infrastructure support
ebonyi__ikwo,2024,Multiple moderate access barriers,Maintain services and improve care quality
katsina__safana,2024,Multiple moderate access barriers,Priority for mobile clinic outreach and infrastructure support
lagos__ajeromi/ifelodun,2024,Multiple moderate access barriers,Maintain services and improve care quality
kebbi__koko-besse,2024,Elevated under-5 mortality indicators,Priority for mobile clinic outreach and infrastructure support
lagos__epe,2024,Multiple moderate access barriers,Maintain services and improve care quality
kano__sumaila,2024,Elevated under-5 mortality indicators,Priority for mobile clinic outreach and infrastructure support
kogi__ogori/magongo,2024,Multiple moderate access barriers,Maintain services and improve care quality
lagos__amuwo_odofin,2024,Multiple moderate access barriers,Maintain services and improve care quality
kano__tsanyawa,2024,Multiple moderate access barriers,Priority for mobile clinic outreach and infrastructure support
lagos__ibeju_lekki,2024,Multiple moderate access barriers,Maintain services and improve care quality
kogi__ajaokuta,2024,Elevated under-5 mortality indicators,Priority for mobile clinic outreach and infrastructure support
oyo__irepo,2024,Multiple moderate access barriers,Monitor barriers and coordinate targeted interventions
delta__isoko_north,2024,Multiple moderate access barriers,Maintain services and improve care quality
enugu__ezeagu,2024,Multiple moderate access barriers,Maintain services and improve care quality
ondo__irele,2024,Multiple moderate access barriers,Maintain services and improve care quality
ondo__owo,2024,Multiple moderate access barriers,Maintain services and improve care quality
kogi__dekina,2024,Multiple moderate access barriers,Maintain services and improve care quality
ondo__akoko_north_east,2024,Multiple moderate access barriers,Maintain services and improve care quality
oyo__oluyole,2024,Multiple moderate access barriers,Maintain services and improve care quality
rivers__ogba/egbema/ndoni,2024,Multiple moderate access barriers,Priority for mobile clinic outreach and infrastructure support
edo__ovia_south-west,2024,Multiple moderate access barriers,Maintain services and improve care quality
delta__ndokwa_east,2024,Multiple moderate access barriers,Monitor barriers and coordinate targeted interventions
oyo__saki_east,2024,Multiple moderate access barriers,Monitor barriers and coordinate targeted interventions
ebonyi__onicha,2024,Multiple moderate access barriers,Maintain services and improve care quality
delta__ethiope_east,2024,Multiple moderate access barriers,Monitor barriers and coordinate targeted interventions
nasarawa__obi,2024,Elevated under-5 mortality indicators,Priority for mobile clinic outreach and infrastructure support
oyo__oyo_east,2024,Multiple moderate access barriers,Maintain services and improve care quality
ebonyi__ivo,2024,Multiple moderate access barriers,Monitor barriers and coordinate targeted interventions
edo__etsako_east,2024,Multiple moderate access barriers,Monitor barriers and coordinate targeted interventions
delta__oshimili_south,2024,Multiple moderate access barriers,Monitor barriers and coordinate targeted interventions
ebonyi__izzi,2024,Multiple moderate access barriers,Maintain services and improve care quality
delta__isoko_south,2024,Multiple moderate access barriers,Monitor barriers and coordinate targeted interventions
ebonyi__ezza_south,2024,Multiple moderate access barriers,Maintain services and improve care quality
kogi__ofu,2024,Elevated under-5 mortality indicators,Monitor barriers and coordinate targeted interventions
delta__aniocha_north,2024,Multiple moderate access barriers,Maintain services and improve care quality
delta__aniocha_south,2024,Multiple moderate access barriers,Maintain services and improve care quality
kogi__igalamela-odolu,2024,Multiple moderate access barriers,Monitor barriers and coordinate targeted interventions
akwa_ibom__ibiono_ibom,2024,Multiple moderate access barriers,Monitor barriers and coordinate targeted interventions
akwa_ibom__obot_akara,2024,Multiple moderate access barriers,Monitor barriers and coordinate targeted interventions
oyo__ogo_oluwa,2024,Multiple moderate access barriers,Maintain services and improve care quality
oyo__atiba,2024,Multiple moderate access barriers,Monitor barriers and coordinate targeted interventions
oyo__ogbomosho_south,2024,Multiple moderate access barriers,Maintain services and improve care quality
edo__ovia_north-east,2024,Multiple moderate access barriers,Maintain services and improve care quality
oyo__afijio,2024,Multiple moderate access barriers,Maintain services and improve care quality
oyo__ogbomosho_north,2024,Multiple moderate access barriers,Maintain services and improve care quality
rivers__ikwerre,2024,Multiple moderate access barriers,Monitor barriers and coordinate targeted interventions
akwa_ibom__esit_eket,2024,Multiple moderate access barriers,Monitor barriers and coordinate targeted interventions
rivers__obio/akpor,2024,Multiple moderate access barriers,Maintain services and improve care quality
rivers__etche,2024,Multiple moderate access barriers,Monitor barriers and coordinate targeted interventions
borno__askira_uba,2024,Multiple moderate access barriers,Priority for mobile clinic outreach and infrastructure support
sokoto__gwadabawa,2024,Elevated under-5 mortality indicators,Priority for mobile clinic outreach and infrastructure support
jigawa__hadejia,2024,Multiple moderate access barriers,Monitor barriers and coordinate targeted interventions
jigawa__kiri_kasama,2024,Multiple moderate access barriers,Priority for mobile clinic outreach and infrastructure support
borno__konduga,2024,Multiple moderate access barriers,Priority for mobile clinic outreach and infrastructure support
borno__jere,2024,Multiple moderate access barriers,Priority for mobile clinic outreach and infrastructure support
lagos__eti_osa,2024,Multiple moderate access barriers,Maintain services and improve care quality
lagos__kosofe,2024,Multiple moderate access barriers,Monitor barriers and coordinate targeted interventions
oyo__ibadan_north,2024,Elevated under-5 mortality indicators,Monitor barriers and coordinate targeted interventions
oyo__akinyele,2024,Elevated under-5 mortality indicators,Monitor barriers and coordinate targeted interventions
oyo__ido,2024,Multiple moderate access barriers,Maintain services and improve care quality
oyo__ibadan_north_west,2024,Multiple moderate access barriers,Maintain services and improve care quality
oyo__ibadan_south_west,2024,Multiple moderate access barriers,Maintain services and improve care quality
oyo__ibadan_south_east,2024,Multiple moderate access barriers,Maintain services and improve care quality
ogun__abeokuta_south,2024,Multiple moderate access barriers,Maintain services and improve care quality
lagos__alimosho,2024,Multiple moderate access barriers,Maintain services and improve care quality
lagos__ifako/ijaye,2024,Multiple moderate access barriers,Maintain services and improve care quality
lagos__ikorodu,2024,Multiple moderate access barriers,Maintain services and improve care quality
ogun__ifo,2024,Multiple moderate access barriers,Maintain services and improve care quality
lagos__ikeja,2024,Multiple moderate access barriers,Maintain services and improve care quality
ogun__ewekoro,2024,Elevated under-5 mortality indicators,Maintain services and improve care quality
lagos__ojo,2024,Multiple moderate access barriers,Monitor barriers and coordinate targeted interventions
lagos__badagry,2024,Multiple moderate access barriers,Maintain services and improve care quality
ogun__obafemi_owode,2024,Multiple moderate access barriers,Maintain services and improve care quality
ogun__ipokia,2024,Multiple moderate access barriers,Maintain services and improve care quality
benue__ohimini,2024,Elevated under-5 mortality indicators,Monitor barriers and coordinate targeted interventions
kwara__ilorin_west,2024,Multiple moderate access barriers,Maintain services and improve care quality
kwara__asa,2024,Elevated under-5 mortality indicators,Monitor barriers and coordinate targeted interventions
